-- phpMyAdmin SQL Dump
-- version 4.9.1
-- https://www.phpmyadmin.net/
--
-- Host: 127.0.0.1
-- Generation Time: Oct 29, 2019 at 12:04 AM
-- Server version: 10.4.8-MariaDB
-- PHP Version: 7.3.10

SET SQL_MODE = "NO_AUTO_VALUE_ON_ZERO";
SET AUTOCOMMIT = 0;
START TRANSACTION;
SET time_zone = "+00:00";


/*!40101 SET @OLD_CHARACTER_SET_CLIENT=@@CHARACTER_SET_CLIENT */;
/*!40101 SET @OLD_CHARACTER_SET_RESULTS=@@CHARACTER_SET_RESULTS */;
/*!40101 SET @OLD_COLLATION_CONNECTION=@@COLLATION_CONNECTION */;
/*!40101 SET NAMES utf8mb4 */;

--
-- Database: `newadsat`
--

-- --------------------------------------------------------

--
-- Table structure for table `artcl_categories`
--

CREATE TABLE `artcl_categories` (
  `id` int(10) UNSIGNED NOT NULL,
  `source_id` int(10) UNSIGNED DEFAULT NULL,
  `lang_id` int(10) UNSIGNED DEFAULT NULL,
  `title` varchar(150) COLLATE utf8mb4_unicode_ci NOT NULL,
  `published` tinyint(1) DEFAULT 0,
  `img_url` varchar(250) COLLATE utf8mb4_unicode_ci DEFAULT NULL,
  `created` date DEFAULT NULL,
  `created_at` timestamp NULL DEFAULT NULL,
  `updated_at` timestamp NULL DEFAULT NULL
) ENGINE=InnoDB DEFAULT CHARSET=utf8mb4 COLLATE=utf8mb4_unicode_ci;

-- --------------------------------------------------------

--
-- Table structure for table `articles`
--

CREATE TABLE `articles` (
  `id` int(10) UNSIGNED NOT NULL,
  `category_id` int(10) UNSIGNED NOT NULL,
  `title` varchar(150) COLLATE utf8mb4_unicode_ci NOT NULL,
  `img_url` varchar(250) COLLATE utf8mb4_unicode_ci DEFAULT NULL,
  `content` text COLLATE utf8mb4_unicode_ci DEFAULT NULL,
  `published` tinyint(1) DEFAULT 0,
  `created` date DEFAULT NULL,
  `lang_id` int(10) UNSIGNED DEFAULT NULL,
  `source_id` int(10) UNSIGNED DEFAULT NULL,
  `created_at` timestamp NULL DEFAULT NULL,
  `updated_at` timestamp NULL DEFAULT NULL
) ENGINE=InnoDB DEFAULT CHARSET=utf8mb4 COLLATE=utf8mb4_unicode_ci;

-- --------------------------------------------------------

--
-- Table structure for table `article_category`
--

CREATE TABLE `article_category` (
  `id` int(10) UNSIGNED NOT NULL,
  `category_id` int(10) UNSIGNED NOT NULL,
  `article_id` int(10) UNSIGNED NOT NULL,
  `created_at` timestamp NULL DEFAULT NULL,
  `updated_at` timestamp NULL DEFAULT NULL
) ENGINE=InnoDB DEFAULT CHARSET=utf8mb4 COLLATE=utf8mb4_unicode_ci;

-- --------------------------------------------------------

--
-- Table structure for table `attribute_groups`
--

CREATE TABLE `attribute_groups` (
  `id` int(10) UNSIGNED NOT NULL,
  `created_at` timestamp NULL DEFAULT NULL,
  `updated_at` timestamp NULL DEFAULT NULL,
  `deleted_at` timestamp NULL DEFAULT NULL,
  `sort_order` int(11) NOT NULL DEFAULT 0,
  `status` int(11) NOT NULL DEFAULT 0 COMMENT '0 = enabled, 1 = disabled'
) ENGINE=InnoDB DEFAULT CHARSET=utf8mb4 COLLATE=utf8mb4_unicode_ci;

--
-- Dumping data for table `attribute_groups`
--

INSERT INTO `attribute_groups` (`id`, `created_at`, `updated_at`, `deleted_at`, `sort_order`, `status`) VALUES
(1, '2019-07-06 11:27:01', '2019-07-06 11:27:01', NULL, 6456, 0),
(2, '2019-07-08 08:43:45', '2019-07-08 10:52:19', NULL, 3, 1),
(3, '2019-08-06 10:56:32', '2019-08-06 10:56:32', NULL, 1, 0),
(4, '2019-08-07 11:03:30', '2019-08-07 11:03:30', NULL, 1, 0),
(5, '2019-08-22 09:48:30', '2019-08-22 09:48:30', NULL, 1, 0),
(6, '2019-08-22 10:00:25', '2019-08-22 10:00:25', NULL, 1, 0),
(7, '2019-08-27 09:17:07', '2019-08-27 09:17:07', NULL, 1, 0),
(8, '2019-09-04 19:46:21', '2019-09-04 19:46:21', NULL, 1, 0),
(9, '2019-09-07 15:41:19', '2019-09-07 15:41:19', NULL, 4, 0),
(10, '2019-09-09 09:48:46', '2019-09-09 09:48:46', NULL, 1, 0),
(11, '2019-09-11 05:36:52', '2019-09-11 05:36:52', NULL, 1, 0),
(12, '2019-09-11 08:12:17', '2019-09-11 08:12:17', NULL, 1, 0),
(13, '2019-09-11 08:30:29', '2019-09-11 08:30:29', NULL, 1, 0),
(14, '2019-09-21 05:42:59', '2019-09-21 05:42:59', NULL, 1, 0),
(15, '2019-10-17 05:55:49', '2019-10-17 05:55:49', NULL, 1, 0);

-- --------------------------------------------------------

--
-- Table structure for table `attribute_group_descriptions`
--

CREATE TABLE `attribute_group_descriptions` (
  `id` int(10) UNSIGNED NOT NULL,
  `created_at` timestamp NULL DEFAULT NULL,
  `updated_at` timestamp NULL DEFAULT NULL,
  `deleted_at` timestamp NULL DEFAULT NULL,
  `attribute_group_id` int(10) UNSIGNED NOT NULL,
  `language_id` int(10) UNSIGNED NOT NULL,
  `name` varchar(255) COLLATE utf8mb4_unicode_ci NOT NULL
) ENGINE=InnoDB DEFAULT CHARSET=utf8mb4 COLLATE=utf8mb4_unicode_ci;

--
-- Dumping data for table `attribute_group_descriptions`
--

INSERT INTO `attribute_group_descriptions` (`id`, `created_at`, `updated_at`, `deleted_at`, `attribute_group_id`, `language_id`, `name`) VALUES
(1, '2019-10-17 05:55:49', '2019-10-17 05:55:49', NULL, 15, 1, 'dsfsdf'),
(8, '2019-08-07 11:03:30', '2019-08-07 11:04:25', NULL, 4, 1, 'Glasses'),
(9, '2019-08-07 11:03:30', '2019-08-07 11:04:25', NULL, 4, 2, 'النظارات'),
(10, '2019-08-22 09:48:30', '2019-08-22 09:48:30', NULL, 5, 1, 'models'),
(11, '2019-08-22 09:48:30', '2019-08-22 09:48:30', NULL, 5, 2, 'الانواع'),
(14, '2019-08-27 09:17:07', '2019-08-27 09:17:07', NULL, 7, 1, 'Glasses'),
(15, '2019-08-27 09:17:07', '2019-08-27 09:17:07', NULL, 7, 2, 'النظارات'),
(16, '2019-09-04 19:46:21', '2019-09-04 19:46:21', NULL, 8, 1, 'sunglasses'),
(17, '2019-09-04 19:46:21', '2019-09-04 19:46:21', NULL, 8, 2, 'نظارات شمسية'),
(18, '2019-09-07 15:41:19', '2019-09-07 15:41:19', NULL, 9, 1, 'Astigmatism lenses'),
(19, '2019-09-07 15:41:19', '2019-09-07 15:41:19', NULL, 9, 2, 'استجماتزم'),
(20, '2019-09-09 09:48:46', '2019-09-09 09:48:46', NULL, 10, 1, 'att s 4'),
(21, '2019-09-09 09:48:46', '2019-09-09 09:48:46', NULL, 10, 2, 'اتت اس 4'),
(22, '2019-09-11 05:36:52', '2019-09-11 05:36:52', NULL, 11, 1, 'Medical lenses'),
(23, '2019-09-11 05:36:52', '2019-09-11 05:36:52', NULL, 11, 2, 'عدسات طبية'),
(24, '2019-09-11 08:12:17', '2019-09-11 08:12:17', NULL, 12, 1, 'Colored Contact Lenses'),
(25, '2019-09-11 08:12:17', '2019-09-11 08:12:17', NULL, 12, 2, 'ملونة'),
(26, '2019-09-11 08:30:29', '2019-09-11 08:30:29', NULL, 13, 1, 'sunglasses'),
(27, '2019-09-11 08:30:29', '2019-09-11 08:30:29', NULL, 13, 2, 'شمسية'),
(28, '2019-09-21 05:42:59', '2019-09-21 05:42:59', NULL, 14, 1, 'Shamsy & Medical'),
(29, '2019-09-21 05:42:59', '2019-09-21 05:42:59', NULL, 14, 2, 'شمسى وطبى');

-- --------------------------------------------------------

--
-- Table structure for table `axis`
--

CREATE TABLE `axis` (
  `id` int(10) UNSIGNED NOT NULL,
  `title` varchar(191) DEFAULT NULL,
  `price` int(10) DEFAULT NULL,
  `type` int(11) NOT NULL DEFAULT 0 COMMENT '0 == none & 1 == colored & 2 == transparent',
  `created_at` timestamp NULL DEFAULT NULL,
  `updated_at` timestamp NULL DEFAULT NULL
) ENGINE=InnoDB DEFAULT CHARSET=utf8;

--
-- Dumping data for table `axis`
--

INSERT INTO `axis` (`id`, `title`, `price`, `type`, `created_at`, `updated_at`) VALUES
(1, '10', 0, 2, '2019-09-16 06:05:31', '2019-09-16 06:05:31'),
(2, '20', 9656, 2, '2019-09-16 06:05:39', '2019-10-18 04:29:52'),
(3, '30', 0, 2, '2019-09-16 06:05:49', '2019-09-16 06:05:49'),
(4, '40', 0, 2, '2019-09-16 06:05:58', '2019-09-16 06:05:58'),
(5, '50', 0, 2, '2019-09-16 06:06:08', '2019-09-16 06:06:08'),
(6, '60', 0, 2, '2019-09-16 06:06:18', '2019-09-16 06:06:18'),
(7, '70', 0, 2, '2019-09-16 06:06:29', '2019-09-16 06:06:29'),
(8, '80', 0, 2, '2019-09-16 06:06:40', '2019-09-16 06:06:40'),
(9, '90', 0, 2, '2019-09-16 06:06:49', '2019-09-16 06:06:49'),
(10, '100', 0, 2, '2019-09-16 06:07:00', '2019-09-16 06:07:00'),
(11, '110', 0, 2, '2019-09-16 06:07:09', '2019-09-16 06:07:09'),
(12, '120', 0, 2, '2019-09-16 06:07:20', '2019-09-16 06:07:20'),
(13, '130', 0, 2, '2019-09-16 06:07:30', '2019-09-16 06:07:30'),
(14, '140', 0, 2, '2019-09-16 06:07:40', '2019-09-16 06:07:40'),
(15, '150', 0, 2, '2019-09-16 06:07:56', '2019-09-16 06:07:56'),
(16, '160', 0, 2, '2019-09-16 06:08:16', '2019-09-16 06:08:16'),
(17, '170', 0, 2, '2019-09-16 06:08:25', '2019-09-16 06:08:25'),
(18, '180', 0, 2, '2019-09-16 06:08:37', '2019-09-16 06:08:37');

-- --------------------------------------------------------

--
-- Table structure for table `categories`
--

CREATE TABLE `categories` (
  `id` int(10) UNSIGNED NOT NULL,
  `created_at` timestamp NULL DEFAULT NULL,
  `updated_at` timestamp NULL DEFAULT NULL,
  `deleted_at` timestamp NULL DEFAULT NULL,
  `image` varchar(255) COLLATE utf8mb4_unicode_ci DEFAULT NULL,
  `parent_id` int(10) UNSIGNED DEFAULT 0,
  `top` int(11) NOT NULL DEFAULT 1 COMMENT 'show in menu. 1 = yes, 0 = no',
  `sort_order` int(11) NOT NULL DEFAULT 0,
  `status` int(11) NOT NULL DEFAULT 0 COMMENT '0 = enabled, 1 = disabled'
) ENGINE=InnoDB DEFAULT CHARSET=utf8mb4 COLLATE=utf8mb4_unicode_ci;

--
-- Dumping data for table `categories`
--

INSERT INTO `categories` (`id`, `created_at`, `updated_at`, `deleted_at`, `image`, `parent_id`, `top`, `sort_order`, `status`) VALUES
(10, '2019-07-10 05:25:41', '2019-09-03 16:18:41', '2019-09-03 16:18:41', '1562747715_category.png', NULL, 1, 1, 0),
(11, '2019-07-10 05:27:54', '2019-09-03 16:18:37', '2019-09-03 16:18:37', '1562747561_category.png', 10, 1, 1, 0),
(12, '2019-07-10 06:09:17', '2019-09-03 16:18:33', '2019-09-03 16:18:33', '1562747561_category.png', NULL, 1, 2, 0),
(13, '2019-07-17 11:25:15', '2019-09-03 16:18:30', '2019-09-03 16:18:30', '1563369915_category.jpg', NULL, 1, 1, 0),
(14, '2019-07-18 10:34:20', '2019-09-03 16:18:24', '2019-09-03 16:18:24', '1563453260_category.jpg', NULL, 1, 1, 0),
(15, '2019-07-18 10:34:55', '2019-09-03 16:18:19', '2019-09-03 16:18:19', '1563453295_category.jpg', 14, 1, 1, 0),
(16, '2019-07-18 10:35:48', '2019-09-03 16:18:16', '2019-09-03 16:18:16', '1563453348_category.jpg', 14, 1, 1, 0),
(17, '2019-07-18 10:36:25', '2019-09-03 16:18:12', '2019-09-03 16:18:12', '1563453385_category.jpg', 14, 1, 1, 0),
(18, '2019-07-18 10:36:55', '2019-09-03 16:18:09', '2019-09-03 16:18:09', '1563453415_category.jpg', 15, 1, 1, 0),
(19, '2019-07-18 10:37:25', '2019-09-03 16:18:00', '2019-09-03 16:18:00', '1563453445_category.jpg', 15, 1, 2, 0),
(20, '2019-07-18 10:42:57', '2019-09-03 16:17:54', '2019-09-03 16:17:54', '', 15, 1, 1, 0),
(21, '2019-07-18 10:43:23', '2019-09-03 16:17:38', '2019-09-03 16:17:38', '', 16, 1, 1, 0),
(22, '2019-07-18 10:43:44', '2019-09-03 16:17:23', '2019-09-03 16:17:23', '', 16, 1, 1, 0),
(23, '2019-07-18 10:44:03', '2019-09-03 16:16:37', '2019-09-03 16:16:37', '', 17, 1, 1, 0),
(24, '2019-07-18 10:44:28', '2019-09-03 16:16:18', '2019-09-03 16:16:18', '', 17, 1, 1, 0),
(25, '2019-08-22 08:59:20', '2019-09-03 16:16:07', '2019-09-03 16:16:07', '', 14, 1, 1, 0),
(26, '2019-08-22 09:08:19', '2019-08-22 09:09:24', '2019-08-22 09:09:24', '', 14, 1, 1, 0),
(27, '2019-08-23 13:25:15', '2019-09-03 16:16:01', '2019-09-03 16:16:01', '', 13, 1, 1, 0),
(28, '2019-08-27 08:43:42', '2019-09-03 16:15:52', '2019-09-03 16:15:52', '', 12, 1, 1, 0),
(29, '2019-09-01 08:00:28', '2019-09-03 16:15:41', '2019-09-03 16:15:41', '', 12, 1, 5, 0),
(30, '2019-09-01 08:07:55', '2019-09-03 16:15:32', '2019-09-03 16:15:32', '', NULL, 1, 1, 0),
(31, '2019-09-01 08:11:04', '2019-09-03 16:15:23', '2019-09-03 16:15:23', '', NULL, 1, 1, 0),
(32, '2019-09-01 08:20:07', '2019-09-03 16:15:09', '2019-09-03 16:15:09', '', NULL, 1, 1, 0),
(33, '2019-09-01 08:23:56', '2019-09-03 16:14:58', '2019-09-03 16:14:58', '', 32, 1, 1, 0),
(34, '2019-09-01 08:27:08', '2019-09-03 16:14:54', '2019-09-03 16:14:54', '', 33, 1, 1, 0),
(35, '2019-09-03 17:09:30', '2019-09-10 07:15:18', NULL, '', NULL, 1, 2, 0),
(36, '2019-09-03 17:14:13', '2019-09-03 17:14:13', NULL, '', 35, 1, 1, 0),
(37, '2019-09-03 17:17:25', '2019-09-03 17:17:25', NULL, '', 36, 1, 1, 0),
(38, '2019-09-03 17:19:44', '2019-09-10 07:20:26', '2019-09-10 07:20:26', '', 36, 1, 1, 0),
(39, '2019-09-03 17:21:26', '2019-09-03 17:21:26', NULL, '', 36, 1, 1, 0),
(40, '2019-09-03 17:23:21', '2019-09-03 17:25:49', NULL, '', 36, 1, 1, 0),
(41, '2019-09-03 17:24:54', '2019-09-03 17:24:54', NULL, '', 36, 1, 1, 0),
(42, '2019-09-03 17:29:03', '2019-09-03 17:29:03', NULL, '', 35, 1, 1, 0),
(43, '2019-09-03 17:34:26', '2019-09-03 17:34:26', NULL, '', 42, 1, 1, 0),
(44, '2019-09-03 17:36:22', '2019-09-03 17:36:22', NULL, '', 42, 1, 1, 0),
(45, '2019-09-03 17:38:33', '2019-09-03 17:38:33', NULL, '', 42, 1, 1, 0),
(46, '2019-09-03 17:41:51', '2019-09-03 17:41:51', NULL, '', 42, 1, 1, 0),
(47, '2019-09-04 05:34:45', '2019-09-10 07:15:34', NULL, '', NULL, 1, 1, 0),
(48, '2019-09-04 05:38:05', '2019-09-04 05:38:05', NULL, '', 47, 1, 1, 0),
(49, '2019-09-04 05:40:53', '2019-09-04 05:40:53', NULL, '', 48, 1, 1, 0),
(50, '2019-09-04 05:42:23', '2019-09-04 05:42:23', NULL, '', 48, 1, 1, 0),
(51, '2019-09-04 05:44:05', '2019-09-04 05:44:05', NULL, '', 48, 1, 1, 0),
(52, '2019-09-04 05:47:24', '2019-09-04 05:47:24', NULL, '', 48, 1, 1, 0),
(53, '2019-09-04 05:50:54', '2019-09-04 05:50:54', NULL, '', 47, 1, 1, 0),
(54, '2019-09-04 05:55:34', '2019-09-04 05:55:34', NULL, '', 53, 1, 1, 0),
(55, '2019-09-04 06:01:10', '2019-09-04 06:01:10', NULL, '', 53, 1, 1, 0),
(56, '2019-09-04 06:02:59', '2019-09-04 06:02:59', NULL, '', 53, 1, 1, 0),
(57, '2019-09-04 06:04:43', '2019-09-10 07:26:48', '2019-09-10 07:26:48', '', 53, 1, 1, 0),
(58, '2019-09-04 06:06:55', '2019-09-04 06:06:55', NULL, '', 53, 1, 1, 0),
(59, '2019-09-04 06:13:27', '2019-09-10 07:12:11', NULL, '', NULL, 1, 3, 0),
(60, '2019-09-04 06:20:26', '2019-09-04 06:20:26', NULL, '', 59, 1, 1, 0),
(61, '2019-09-04 06:26:24', '2019-09-04 06:26:24', NULL, '', 59, 1, 1, 0),
(62, '2019-09-04 06:29:42', '2019-09-04 06:29:42', NULL, '', 61, 1, 1, 0),
(63, '2019-09-04 06:32:05', '2019-09-04 06:32:05', NULL, '', 61, 1, 1, 0),
(64, '2019-09-04 06:34:46', '2019-09-04 06:34:46', NULL, '', 61, 1, 1, 0),
(65, '2019-09-04 06:37:29', '2019-09-04 06:37:29', NULL, '', 61, 1, 1, 0),
(66, '2019-09-04 06:40:11', '2019-09-04 06:40:11', NULL, '', 60, 1, 1, 0),
(67, '2019-09-04 06:41:44', '2019-09-04 06:41:44', NULL, '', 60, 1, 1, 0),
(68, '2019-09-04 06:42:45', '2019-09-04 06:42:45', NULL, '', 60, 1, 1, 0),
(69, '2019-09-04 06:43:50', '2019-09-04 06:43:50', NULL, '', 60, 1, 1, 0),
(70, '2019-09-04 06:44:24', '2019-09-04 06:48:50', NULL, '', 60, 1, 1, 0),
(71, '2019-09-04 06:44:24', '2019-09-04 06:48:16', '2019-09-04 06:48:16', '', NULL, 1, 1, 0),
(72, '2019-09-04 06:44:24', '2019-09-04 06:48:30', '2019-09-04 06:48:30', '', NULL, 1, 1, 0),
(73, '2019-09-04 06:46:12', '2019-09-04 06:46:12', NULL, '', 60, 1, 1, 0),
(74, '2019-09-04 06:47:26', '2019-09-20 12:05:35', '2019-09-20 12:05:35', '', 60, 1, 1, 0),
(75, '2019-09-04 06:51:55', '2019-09-10 07:12:41', NULL, '', NULL, 1, 4, 0),
(76, '2019-09-04 06:53:57', '2019-09-04 06:53:57', NULL, '', 59, 1, 1, 0),
(77, '2019-09-04 06:58:05', '2019-09-04 06:58:05', NULL, '', 76, 1, 1, 0),
(78, '2019-09-04 07:00:41', '2019-09-04 07:00:41', NULL, '', 76, 1, 1, 0),
(79, '2019-09-20 12:10:36', '2019-09-20 12:10:36', NULL, '', 60, 1, 1, 0),
(80, '2019-09-20 12:11:51', '2019-09-20 12:11:51', NULL, '', 60, 1, 1, 0),
(81, '2019-09-20 12:12:38', '2019-09-20 12:12:38', NULL, '', 60, 1, 1, 0),
(82, '2019-09-20 12:13:23', '2019-09-20 12:13:23', NULL, '', 60, 1, 1, 0),
(83, '2019-09-20 12:15:39', '2019-09-20 12:15:39', NULL, '', 60, 1, 1, 0),
(84, '2019-09-20 12:16:35', '2019-09-20 12:16:35', NULL, '', 60, 1, 1, 0),
(85, '2019-09-20 12:17:20', '2019-09-20 12:17:20', NULL, '', 60, 1, 1, 0),
(86, '2019-09-20 12:18:57', '2019-09-20 12:18:57', NULL, '', 60, 1, 1, 0),
(87, '2019-09-20 12:20:22', '2019-09-20 12:20:22', NULL, '', 60, 1, 1, 0),
(88, '2019-09-20 12:21:33', '2019-09-20 12:21:33', NULL, '', 60, 1, 1, 0),
(89, '2019-09-20 12:27:44', '2019-09-20 12:27:44', NULL, '', 60, 1, 1, 0),
(90, '2019-09-20 12:33:59', '2019-09-20 12:33:59', NULL, '', 60, 1, 1, 0),
(91, '2019-09-20 12:35:19', '2019-09-20 12:35:19', NULL, '', 60, 1, 1, 0),
(92, '2019-09-20 12:44:25', '2019-09-20 12:44:25', NULL, '', 60, 1, 1, 0),
(93, '2019-09-20 12:47:05', '2019-09-20 12:47:05', NULL, '', 61, 1, 1, 0),
(94, '2019-09-20 12:48:12', '2019-09-20 12:48:12', NULL, '', 61, 1, 1, 0),
(95, '2019-09-20 13:03:39', '2019-09-20 13:03:39', NULL, '', 61, 1, 1, 0),
(96, '2019-09-20 13:06:00', '2019-09-20 13:06:00', NULL, '', 76, 1, 1, 0),
(97, '2019-09-21 09:55:58', '2019-09-21 09:55:58', NULL, '', 75, 1, 1, 0),
(98, '2019-09-21 10:00:46', '2019-09-21 10:02:35', '2019-09-21 10:02:35', '', 47, 1, 1, 0),
(99, '2019-09-21 10:05:40', '2019-09-21 10:09:38', NULL, '', 75, 1, 1, 0),
(100, '2019-09-21 10:08:16', '2019-09-21 10:08:16', NULL, '', 75, 1, 1, 0),
(101, '2019-09-21 10:20:45', '2019-09-21 10:20:45', NULL, '', 97, 1, 1, 0),
(102, '2019-09-21 10:22:17', '2019-09-21 10:22:17', NULL, '', 97, 1, 1, 0),
(103, '2019-09-21 10:23:47', '2019-09-21 10:23:47', NULL, '', 97, 1, 1, 0),
(104, '2019-09-21 10:24:58', '2019-09-21 10:24:58', NULL, '', 97, 1, 1, 0),
(105, '2019-09-21 10:28:18', '2019-09-21 10:28:18', NULL, '', 97, 1, 1, 0),
(106, '2019-09-21 10:29:56', '2019-09-21 10:29:56', NULL, '', 97, 1, 1, 0),
(107, '2019-09-21 10:33:44', '2019-09-21 10:33:44', NULL, '', 97, 1, 1, 0),
(108, '2019-09-21 11:01:22', '2019-09-21 11:01:22', NULL, '', 97, 1, 1, 0),
(109, '2019-09-21 11:05:42', '2019-09-21 11:05:42', NULL, '', 99, 1, 1, 0),
(110, '2019-09-21 11:07:30', '2019-09-21 11:07:30', NULL, '', 99, 1, 1, 0),
(111, '2019-09-21 11:09:57', '2019-09-21 11:09:57', NULL, '', 99, 1, 1, 0),
(112, '2019-09-21 11:18:01', '2019-09-21 11:18:01', NULL, '', 99, 1, 1, 0),
(113, '2019-09-21 11:19:44', '2019-09-21 11:19:44', NULL, '', 99, 1, 1, 0),
(114, '2019-09-21 11:22:40', '2019-09-21 11:22:40', NULL, '', 100, 1, 1, 0),
(115, '2019-09-21 11:24:46', '2019-09-21 11:24:46', NULL, '', 100, 1, 1, 0),
(116, '2019-09-21 11:27:17', '2019-09-21 11:27:17', NULL, '', 100, 1, 1, 0),
(119, '2019-10-16 23:35:50', '2019-10-17 00:31:44', '2019-10-17 00:31:44', NULL, 35, 1, 1, 0),
(120, '2019-10-17 00:00:28', '2019-10-17 00:31:05', '2019-10-17 00:31:05', NULL, 40, 1, 1, 1),
(121, '2019-10-18 01:33:29', '2019-10-18 01:33:30', NULL, NULL, 41, 1, 1, 0);

-- --------------------------------------------------------

--
-- Table structure for table `category_descriptions`
--

CREATE TABLE `category_descriptions` (
  `id` bigint(20) UNSIGNED NOT NULL,
  `created_at` timestamp NULL DEFAULT NULL,
  `updated_at` timestamp NULL DEFAULT NULL,
  `deleted_at` timestamp NULL DEFAULT NULL,
  `category_id` int(20) UNSIGNED DEFAULT NULL,
  `name` varchar(255) COLLATE utf8mb4_unicode_ci NOT NULL,
  `description` text COLLATE utf8mb4_unicode_ci DEFAULT NULL,
  `meta_title` varchar(255) COLLATE utf8mb4_unicode_ci NOT NULL,
  `meta_description` text COLLATE utf8mb4_unicode_ci DEFAULT NULL,
  `meta_keyword` text COLLATE utf8mb4_unicode_ci DEFAULT NULL,
  `language_id` int(10) UNSIGNED NOT NULL
) ENGINE=InnoDB DEFAULT CHARSET=utf8mb4 COLLATE=utf8mb4_unicode_ci;

--
-- Dumping data for table `category_descriptions`
--

INSERT INTO `category_descriptions` (`id`, `created_at`, `updated_at`, `deleted_at`, `category_id`, `name`, `description`, `meta_title`, `meta_description`, `meta_keyword`, `language_id`) VALUES
(1, '2019-07-10 05:25:41', '2019-08-23 13:21:08', NULL, 10, 'Color Contact Lenses', '<p>aaaaa</p>', 'tag en2', 'aaaaa', 'sssss', 1),
(2, '2019-07-10 05:25:41', '2019-08-30 09:52:43', NULL, 10, 'عدسات ملونة', '<p>mohamed&nbsp; elorabi</p>', 'tag ar 2', '122333333333333333333333', '22222222222222222222222222222', 2),
(3, '2019-07-10 05:27:54', '2019-08-23 13:21:35', NULL, 11, 'Duration', '<p>dec en 1</p>', 'tag en 1', 'tag desc en 1', 'tag key en 1', 1),
(4, '2019-07-10 05:27:54', '2019-08-23 13:21:35', NULL, 11, 'المده', '<p>desc ar 1</p>', 'tag ar 1', 'tag desc ar1', 'tag keyar 1', 2),
(5, '2019-07-10 06:09:17', '2019-08-23 13:23:05', NULL, 12, 'Corrective Contact lenses', NULL, 'fff', NULL, NULL, 1),
(6, '2019-07-10 06:09:17', '2019-08-23 13:23:05', NULL, 12, 'عدسات طبيه', NULL, 'hhh', NULL, NULL, 2),
(7, '2019-07-17 11:25:15', '2019-08-23 13:23:57', NULL, 13, 'Glasses', NULL, 'men', NULL, NULL, 1),
(8, '2019-07-17 11:25:15', '2019-08-23 13:23:57', NULL, 13, 'نظارات', NULL, 'رجال', NULL, NULL, 2),
(9, '2019-07-18 10:34:20', '2019-07-18 10:34:20', NULL, 14, 'Sunglasses', NULL, 'Sunglasses', NULL, NULL, 1),
(10, '2019-07-18 10:34:20', '2019-07-18 10:34:20', NULL, 14, 'نظارات شمسية', NULL, 'Sunglasses', NULL, NULL, 2),
(11, '2019-07-18 10:34:55', '2019-07-18 10:34:55', NULL, 15, 'SHAPE', NULL, 'SHAPE', NULL, NULL, 1),
(12, '2019-07-18 10:34:55', '2019-07-18 10:34:55', NULL, 15, 'الشكل', NULL, 'SHAPE', NULL, NULL, 2),
(13, '2019-07-18 10:35:48', '2019-07-18 10:35:48', NULL, 16, 'Brand', NULL, 'Brand', NULL, NULL, 1),
(14, '2019-07-18 10:35:48', '2019-07-18 10:35:48', NULL, 16, 'الماركة', NULL, 'Brand', NULL, NULL, 2),
(15, '2019-07-18 10:36:25', '2019-07-18 10:36:25', NULL, 17, 'Gender', NULL, 'Gender', NULL, NULL, 1),
(16, '2019-07-18 10:36:25', '2019-07-18 10:36:25', NULL, 17, 'النوع', NULL, 'Gender', NULL, NULL, 2),
(17, '2019-07-18 10:36:56', '2019-07-18 10:36:56', NULL, 18, 'Aviator', NULL, 'Aviator', NULL, NULL, 1),
(18, '2019-07-18 10:36:56', '2019-07-18 10:36:56', NULL, 18, 'Aviator', NULL, 'Aviator', NULL, NULL, 2),
(19, '2019-07-18 10:37:25', '2019-07-18 10:37:25', NULL, 19, 'Round', NULL, 'Round', NULL, NULL, 1),
(20, '2019-07-18 10:37:25', '2019-07-18 10:37:25', NULL, 19, 'Round', NULL, 'Round', NULL, NULL, 2),
(21, '2019-07-18 10:42:57', '2019-07-18 10:42:57', NULL, 20, 'Square', NULL, 'Square', NULL, NULL, 1),
(22, '2019-07-18 10:42:57', '2019-07-18 10:42:57', NULL, 20, 'Square', NULL, 'Square', NULL, NULL, 2),
(23, '2019-07-18 10:43:23', '2019-07-18 10:43:23', NULL, 21, 'Quay', NULL, 'Quay', NULL, NULL, 1),
(24, '2019-07-18 10:43:24', '2019-07-18 10:43:24', NULL, 21, 'Quay', NULL, 'Quay', NULL, NULL, 2),
(25, '2019-07-18 10:43:44', '2019-07-18 10:43:44', NULL, 22, 'Mr. Boho', NULL, 'Mr. Boho', NULL, NULL, 1),
(26, '2019-07-18 10:43:44', '2019-07-18 10:43:44', NULL, 22, 'Mr. Boho', NULL, 'Mr. Boho', NULL, NULL, 2),
(27, '2019-07-18 10:44:03', '2019-07-18 10:44:03', NULL, 23, 'Women', NULL, 'Women', NULL, NULL, 1),
(28, '2019-07-18 10:44:03', '2019-07-18 10:44:03', NULL, 23, 'Women', NULL, 'Women', NULL, NULL, 2),
(29, '2019-07-18 10:44:28', '2019-07-18 10:44:28', NULL, 24, 'Men', NULL, 'Men', NULL, NULL, 1),
(30, '2019-07-18 10:44:28', '2019-07-18 10:44:28', NULL, 24, 'Men', NULL, 'Men', NULL, NULL, 2),
(31, '2019-08-22 08:59:20', '2019-08-23 13:20:08', NULL, 25, 'Rectangle', NULL, 'Sunglasses', NULL, NULL, 1),
(32, '2019-08-22 08:59:20', '2019-08-23 13:20:08', NULL, 25, 'نظارات مستطيله', NULL, 'Sunglasses', NULL, NULL, 2),
(33, '2019-08-22 09:08:19', '2019-08-22 09:08:19', NULL, 26, 'مستطيل', NULL, 'Sunglasses', NULL, NULL, 1),
(34, '2019-08-22 09:08:19', '2019-08-22 09:08:19', NULL, 26, 'مستطيل', NULL, 'Sunglasses', NULL, NULL, 2),
(35, '2019-08-23 13:25:15', '2019-08-23 13:25:15', NULL, 27, 'Brand', NULL, 'Brand', NULL, NULL, 1),
(36, '2019-08-23 13:25:15', '2019-08-23 13:25:15', NULL, 27, 'ماركة', NULL, 'Brand', NULL, NULL, 2),
(37, '2019-08-27 08:43:42', '2019-08-27 08:43:42', NULL, 28, 'larin', NULL, 'Sunglasses', NULL, NULL, 1),
(38, '2019-08-27 08:43:42', '2019-08-27 08:43:42', NULL, 28, 'لارين', NULL, 'نظارات شمسيه', NULL, NULL, 2),
(39, '2019-09-01 08:00:28', '2019-09-01 08:00:28', NULL, 29, 'TRIKOLOR', NULL, 'Monthly Colored Lenses', NULL, NULL, 1),
(40, '2019-09-01 08:00:28', '2019-09-01 08:00:28', NULL, 29, 'تراى كلر', NULL, 'الووووووووووووووووو', NULL, NULL, 2),
(41, '2019-09-01 08:07:55', '2019-09-01 08:07:55', NULL, 30, 'contact lense medcal', NULL, 'alkon', NULL, NULL, 1),
(42, '2019-09-01 08:07:55', '2019-09-01 08:07:55', NULL, 30, 'عدسات طبية', NULL, 'الكون', NULL, NULL, 2),
(43, '2019-09-01 08:11:04', '2019-09-01 08:12:50', NULL, 31, 'اكسسوارات نظارات', NULL, 'Monthly Colored Lenses', NULL, NULL, 1),
(44, '2019-09-01 08:11:04', '2019-09-01 08:12:50', NULL, 31, 'Sunglasses Accessories', NULL, 'الكون', NULL, NULL, 2),
(45, '2019-09-01 08:20:07', '2019-09-01 08:20:07', NULL, 32, 'Clear lenses', NULL, 'Monthly Colored Lenses', NULL, NULL, 1),
(46, '2019-09-01 08:20:07', '2019-09-01 08:20:07', NULL, 32, 'عدسات طبية شفافة', NULL, 'الكون', NULL, NULL, 2),
(47, '2019-09-01 08:23:56', '2019-09-01 08:23:56', NULL, 33, 'Period', NULL, 'daly manthily', NULL, NULL, 1),
(48, '2019-09-01 08:23:56', '2019-09-01 08:23:56', NULL, 33, 'الفترة', NULL, 'مده استخدام العدسات', NULL, NULL, 2),
(49, '2019-09-01 08:27:08', '2019-09-01 08:27:08', NULL, 34, 'TRIKOLOR', NULL, 'daly manthily', NULL, NULL, 1),
(50, '2019-09-01 08:27:08', '2019-09-01 08:27:08', NULL, 34, 'تراى كلر', NULL, 'tag ar 2', NULL, NULL, 2),
(51, '2019-09-03 17:09:30', '2019-10-17 00:35:08', NULL, 35, 'Colored Contact Lenses', '<p>new new sss</p>', 'All brands and types of colored lenses daily, monthly and yearly Riyadh Saudi Arabia', NULL, NULL, 1),
(52, '2019-09-03 17:09:30', '2019-10-17 00:33:06', NULL, 35, 'عدسات ملونة', '<p>جديد جديد</p>', 'جميع ماركات وانواع  العدسات اللاصقة  الملونة يومية وشهرية وسنوية الرياض السعودية', NULL, NULL, 2),
(53, '2019-09-03 17:14:13', '2019-10-18 00:11:53', NULL, 36, 'Brand', '<p>ssssssssssss</p>', 'Lens Me, Bella Lenses, Tri-Color Lenses, Anesthesia, Slutica, Adore, Fresh Look', NULL, NULL, 1),
(54, '2019-09-03 17:14:13', '2019-09-03 17:14:13', NULL, 36, 'الماركة', NULL, 'عدسات لينس مى,عدسات بيلا,عدسات تراى كلر,انستازيا ,سلوتيكا ,ادور ,فريش لوك', NULL, NULL, 2),
(55, '2019-09-03 17:17:25', '2019-10-17 00:38:37', NULL, 37, 'Fresh look', NULL, 'Monthly and yearly lenses comfort and high water content', NULL, NULL, 1),
(56, '2019-09-03 17:17:25', '2019-09-10 07:18:42', NULL, 37, 'فريش لوك', NULL, 'عدسات شهرية وسنوية راحة ونسبة مياة عالية', NULL, NULL, 2),
(57, '2019-09-03 17:19:44', '2019-09-03 17:19:44', NULL, 38, 'bella', NULL, 'High quality lenses and different colors of Bella lenses', NULL, NULL, 1),
(58, '2019-09-03 17:19:44', '2019-09-03 17:19:44', NULL, 38, 'بيلا', NULL, 'عدسات ذات جودة عالية والوان مختلفة من عدسات بيلا', NULL, NULL, 2),
(59, '2019-09-03 17:21:26', '2019-10-17 00:00:55', NULL, 39, 'anesthesia', '<p>assssssssss</p>', 'Solotica Annual Contact Lenses', NULL, NULL, 1),
(60, '2019-09-03 17:21:26', '2019-10-17 00:00:55', NULL, 39, 'انستازيا', '<p>qqqqqqqqqqqq</p>', 'سلوتيكا عدسات سنوية', NULL, NULL, 2),
(61, '2019-09-03 17:23:21', '2019-09-03 17:23:21', NULL, 40, 'solotica', NULL, 'Solotica Annual Contact Lenses', NULL, NULL, 1),
(62, '2019-09-03 17:23:21', '2019-09-03 17:23:21', NULL, 40, 'سولوتيكا', NULL, 'عدسات سلوتيكا السنوية', NULL, NULL, 2),
(63, '2019-09-03 17:24:54', '2019-09-03 17:24:54', NULL, 41, 'color-contact-lenses', NULL, 'All types and sizes of colored contact lenses', NULL, NULL, 1),
(64, '2019-09-03 17:24:54', '2019-09-03 17:24:54', NULL, 41, 'جميع الماركات', NULL, 'جميع الانواع والمقاسات للعدسات اللاصقة الملونة', NULL, NULL, 2),
(65, '2019-09-03 17:29:03', '2019-09-03 17:29:03', NULL, 42, 'DURATION', NULL, 'Colored contact lenses daily, monthly and yearly', NULL, NULL, 1),
(66, '2019-09-03 17:29:03', '2019-09-03 17:29:03', NULL, 42, 'مدة الاستخدام', NULL, 'عدسات لاصقة ملونة يومية وشهرية وسنوية', NULL, NULL, 2),
(67, '2019-09-03 17:34:26', '2019-09-03 17:34:26', NULL, 43, 'daily', NULL, 'Daily lens', NULL, NULL, 1),
(68, '2019-09-03 17:34:26', '2019-09-03 17:34:26', NULL, 43, 'يومية', NULL, 'عدسة استخدام يومى', NULL, NULL, 2),
(69, '2019-09-03 17:36:22', '2019-10-18 02:29:19', NULL, 44, 'monthly', '<p>aassssssssssssssssssssssss</p>', 'Contact lens use one or three months', 'ssssssss', 'ssssssssss', 1),
(70, '2019-09-03 17:36:22', '2019-10-18 02:29:19', NULL, 44, 'شهرية', '<p>assasasasa</p>', 'عدسة لاصقة استخدام شهر او ثلاث اشهر', 'wwwwwww', 'wwwwwwwwwww', 2),
(71, '2019-09-03 17:38:33', '2019-09-03 17:38:33', NULL, 45, 'Yearly', NULL, 'Colorful lens annual use', NULL, NULL, 1),
(72, '2019-09-03 17:38:33', '2019-09-03 17:38:33', NULL, 45, 'سنوية', NULL, 'عدسة ملونة استخدام سنوى', NULL, NULL, 2),
(73, '2019-09-03 17:41:51', '2019-09-03 17:41:51', NULL, 46, 'ALL DURATION', NULL, 'Colored lenses all periods of use', NULL, NULL, 1),
(74, '2019-09-03 17:41:51', '2019-09-03 17:41:51', NULL, 46, 'جميع الفترات', NULL, 'عدسات ملونة جميع فترات الاستخدام', NULL, NULL, 2),
(75, '2019-09-04 05:34:45', '2019-09-04 05:34:45', NULL, 47, 'Medical lenses', NULL, 'Transparent medical lenses', NULL, NULL, 1),
(76, '2019-09-04 05:34:45', '2019-09-04 05:34:45', NULL, 47, 'عدسات طبية', NULL, 'عدسات طبية شفافة', NULL, NULL, 2),
(77, '2019-09-04 05:38:05', '2019-09-04 05:38:05', NULL, 48, 'DURATION', NULL, 'daly manthily', NULL, NULL, 1),
(78, '2019-09-04 05:38:05', '2019-09-04 05:38:05', NULL, 48, 'الفتراة', NULL, 'مدة الاستخدام يومية وشهربة وسنوية من العدسات الطبية الشفافة', NULL, NULL, 2),
(79, '2019-09-04 05:40:53', '2019-09-04 05:40:53', NULL, 49, 'Daily', NULL, 'Daily use lenses', NULL, NULL, 1),
(80, '2019-09-04 05:40:53', '2019-09-04 05:40:53', NULL, 49, 'يومية', NULL, 'عدسات طبية ذات الاستخدام اليومى', NULL, NULL, 2),
(81, '2019-09-04 05:42:23', '2019-09-04 05:42:23', NULL, 50, 'monthly', NULL, 'Monthly Clear Medical Lenses', NULL, NULL, 1),
(82, '2019-09-04 05:42:23', '2019-09-04 05:42:23', NULL, 50, 'شهرية', NULL, 'عدسات طبية شفافة ذات الاستخدام الشهرى', NULL, NULL, 2),
(83, '2019-09-04 05:44:05', '2019-09-04 05:44:05', NULL, 51, 'Yearly', NULL, 'عدسات طبية شفافة سنوية', NULL, NULL, 1),
(84, '2019-09-04 05:44:05', '2019-09-04 05:44:05', NULL, 51, 'سنوية', NULL, 'عدسات طبية شفافة سنوية', NULL, NULL, 2),
(85, '2019-09-04 05:47:24', '2019-09-04 05:47:24', NULL, 52, 'ALL DURATION', NULL, 'Prescription lenses all duration of use', NULL, NULL, 1),
(86, '2019-09-04 05:47:24', '2019-09-04 05:47:24', NULL, 52, 'جميع الفترات', NULL, 'عدسات طبية جميع الفترات', NULL, NULL, 2),
(87, '2019-09-04 05:50:54', '2019-09-04 05:50:54', NULL, 53, 'BRANDES', NULL, 'All brands of prescription lenses', NULL, NULL, 1),
(88, '2019-09-04 05:50:54', '2019-09-04 05:50:54', NULL, 53, 'الماركــــات', NULL, 'جميع ماركات العدسات الطبية', NULL, NULL, 2),
(89, '2019-09-04 05:55:34', '2019-09-04 05:55:34', NULL, 54, 'ALCON', NULL, 'Clear ALCON  medical lenses daily and monthly', NULL, NULL, 1),
(90, '2019-09-04 05:55:34', '2019-09-13 04:27:50', NULL, 54, 'الكــــون', NULL, 'عدسات الكون  الواضحة  الطبية  يومية وشهرية', NULL, NULL, 2),
(91, '2019-09-04 06:01:10', '2019-09-10 07:24:26', NULL, 55, 'Johnson & Johnson', NULL, 'ACUVUE', NULL, NULL, 1),
(92, '2019-09-04 06:01:10', '2019-09-10 07:24:26', NULL, 55, 'جونسون', NULL, 'اكيوفيــــو', NULL, NULL, 2),
(93, '2019-09-04 06:02:59', '2019-09-10 07:26:21', NULL, 56, 'Bausch + Lomb', NULL, 'daly manthily', NULL, NULL, 1),
(94, '2019-09-04 06:02:59', '2019-09-10 07:26:21', NULL, 56, 'بوش اند لومب', NULL, 'الكون', NULL, NULL, 2),
(95, '2019-09-04 06:04:43', '2019-09-04 06:04:43', NULL, 57, 'SOFLENS', NULL, 'daly manthily', NULL, NULL, 1),
(96, '2019-09-04 06:04:43', '2019-09-04 06:04:43', NULL, 57, 'سوفلنـــــس', NULL, 'عدسات يومية وشهرية', NULL, NULL, 2),
(97, '2019-09-04 06:06:55', '2019-09-04 06:06:55', NULL, 58, 'ALL BRANDS', NULL, 'All brands of lenses', NULL, NULL, 1),
(98, '2019-09-04 06:06:55', '2019-09-04 06:06:55', NULL, 58, 'جميع الماركـات', NULL, 'جميع ماركات العدسات', NULL, NULL, 2),
(99, '2019-09-04 06:13:27', '2019-09-04 06:13:27', NULL, 59, 'SUNGLASSES', NULL, 'sunglasses', NULL, NULL, 1),
(100, '2019-09-04 06:13:27', '2019-09-04 06:13:27', NULL, 59, 'نظــارات شمسيـة', NULL, 'نظارات شمسية', NULL, NULL, 2),
(101, '2019-09-04 06:20:26', '2019-09-04 06:20:26', NULL, 60, 'BRANDS', NULL, 'All kinds and shapes of sunglasses', NULL, NULL, 1),
(102, '2019-09-04 06:20:26', '2019-09-04 06:20:26', NULL, 60, 'الماركـــات', NULL, 'جميع  انواع   واشكال النظارات  الشمسية', NULL, NULL, 2),
(103, '2019-09-04 06:26:24', '2019-09-04 06:26:24', NULL, 61, 'SHAPE', NULL, 'Sunglasses shapes', NULL, NULL, 1),
(104, '2019-09-04 06:26:24', '2019-09-04 06:26:24', NULL, 61, 'الشـــــكل', NULL, 'اشكال نظارات شمسية', NULL, NULL, 2),
(105, '2019-09-04 06:29:42', '2019-09-04 06:29:42', NULL, 62, 'RECTANGLE', NULL, 'Rectangular sunglasses', NULL, NULL, 1),
(106, '2019-09-04 06:29:42', '2019-09-04 06:29:42', NULL, 62, 'مستطيـــل', NULL, 'نظارات   مستطيلة', NULL, NULL, 2),
(107, '2019-09-04 06:32:05', '2019-09-04 06:32:05', NULL, 63, 'ROUND', NULL, 'Round sunglasses', NULL, NULL, 1),
(108, '2019-09-04 06:32:05', '2019-09-04 06:32:05', NULL, 63, 'دائــري', NULL, 'نظارات شمسية دائرية', NULL, NULL, 2),
(109, '2019-09-04 06:34:46', '2019-09-04 06:34:46', NULL, 64, 'SQUARE', NULL, 'Square sunglasses', NULL, NULL, 1),
(110, '2019-09-04 06:34:46', '2019-09-04 06:34:46', NULL, 64, 'مربــع', NULL, 'نظارات  شمسية مربعة', NULL, NULL, 2),
(111, '2019-09-04 06:37:29', '2019-09-04 06:37:29', NULL, 65, 'ALL SHAPES', NULL, 'ALL SHAPES', NULL, NULL, 1),
(112, '2019-09-04 06:37:29', '2019-09-04 06:37:29', NULL, 65, 'جميع الأشـكال', NULL, 'جميع لاشكال', NULL, NULL, 2),
(113, '2019-09-04 06:40:11', '2019-09-04 06:40:11', NULL, 66, 'ray-ban', NULL, 'RAYBAN', NULL, NULL, 1),
(114, '2019-09-04 06:40:11', '2019-09-04 06:40:11', NULL, 66, 'راي بان', NULL, 'راي بان', NULL, NULL, 2),
(115, '2019-09-04 06:41:44', '2019-09-04 06:41:44', NULL, 67, 'Adidas', NULL, 'Adidas', NULL, NULL, 1),
(116, '2019-09-04 06:41:44', '2019-09-04 06:41:44', NULL, 67, 'اديــدس', NULL, 'Adidas', NULL, NULL, 2),
(117, '2019-09-04 06:42:45', '2019-09-04 06:42:45', NULL, 68, 'Cartier', NULL, 'Cartier', NULL, NULL, 1),
(118, '2019-09-04 06:42:45', '2019-09-04 06:42:45', NULL, 68, 'كارتــير', NULL, 'Cartier', NULL, NULL, 2),
(119, '2019-09-04 06:43:50', '2019-09-04 06:43:50', NULL, 69, 'Diesel', NULL, 'Diesel', NULL, NULL, 1),
(120, '2019-09-04 06:43:50', '2019-09-04 06:43:50', NULL, 69, 'ديـــزل', NULL, 'Diesel', NULL, NULL, 2),
(121, '2019-09-04 06:44:24', '2019-09-04 06:44:24', NULL, 70, 'Dior', NULL, 'Dior', NULL, NULL, 1),
(122, '2019-09-04 06:44:24', '2019-09-04 06:45:20', NULL, 70, 'ديـــور', NULL, 'Dior', NULL, NULL, 2),
(123, '2019-09-04 06:44:24', '2019-09-04 06:44:24', NULL, 71, 'Dior', NULL, 'Dior', NULL, NULL, 1),
(124, '2019-09-04 06:44:24', '2019-09-04 06:44:24', NULL, 71, 'دي', NULL, 'Dior', NULL, NULL, 2),
(125, '2019-09-04 06:44:24', '2019-09-04 06:44:24', NULL, 72, 'Dior', NULL, 'Dior', NULL, NULL, 1),
(126, '2019-09-04 06:44:24', '2019-09-04 06:44:24', NULL, 72, 'دي', NULL, 'Dior', NULL, NULL, 2),
(127, '2019-09-04 06:46:12', '2019-09-04 06:46:12', NULL, 73, 'Fossil', NULL, 'Fossil', NULL, NULL, 1),
(128, '2019-09-04 06:46:12', '2019-09-04 06:46:12', NULL, 73, 'فوســـيل', NULL, 'Fossil', NULL, NULL, 2),
(129, '2019-09-04 06:47:26', '2019-09-04 06:47:26', NULL, 74, 'ALL BRANDS', NULL, 'All brands', NULL, NULL, 1),
(130, '2019-09-04 06:47:26', '2019-09-04 06:47:26', NULL, 74, 'جميع الماركات', NULL, 'جميع الماركات', NULL, NULL, 2),
(131, '2019-09-04 06:51:55', '2019-09-04 06:51:55', NULL, 75, 'Glasses', NULL, 'Glasses', NULL, NULL, 1),
(132, '2019-09-04 06:51:55', '2019-09-04 06:51:55', NULL, 75, 'نظـارات طبية', NULL, 'Glasses', NULL, NULL, 2),
(133, '2019-09-04 06:53:57', '2019-09-04 06:53:57', NULL, 76, 'GENDER', NULL, 'GENDER', NULL, NULL, 1),
(134, '2019-09-04 06:53:57', '2019-09-04 06:53:57', NULL, 76, 'الجنــس', NULL, 'GENDER', NULL, NULL, 2),
(135, '2019-09-04 06:58:05', '2019-09-04 06:58:05', NULL, 77, 'women', NULL, 'women', NULL, NULL, 1),
(136, '2019-09-04 06:58:05', '2019-09-04 06:58:05', NULL, 77, 'للنـــساء', NULL, 'للنساء', NULL, NULL, 2),
(137, '2019-09-04 07:00:41', '2019-09-04 07:00:41', NULL, 78, 'men', NULL, 'men', NULL, NULL, 1),
(138, '2019-09-04 07:00:41', '2019-09-04 07:00:41', NULL, 78, 'للرجال', NULL, 'الرجال', NULL, NULL, 2),
(139, '2019-09-20 12:10:36', '2019-09-20 12:10:36', NULL, 79, 'Calvin Klein', NULL, 'Calvin Klein', NULL, NULL, 1),
(140, '2019-09-20 12:10:36', '2019-09-20 12:10:36', NULL, 79, 'كالفن كلاين', NULL, 'كالفن كلاين نظارة شمسية', NULL, NULL, 2),
(141, '2019-09-20 12:11:51', '2019-09-20 12:11:51', NULL, 80, 'FFendi', NULL, 'FFendi', NULL, NULL, 1),
(142, '2019-09-20 12:11:51', '2019-09-20 12:11:51', NULL, 80, 'فندي', NULL, 'فندي', NULL, NULL, 2),
(143, '2019-09-20 12:12:38', '2019-09-20 12:12:38', NULL, 81, 'Giorgio Armani', NULL, 'Giorgio Armani', NULL, NULL, 1),
(144, '2019-09-20 12:12:38', '2019-09-20 12:12:38', NULL, 81, 'جورجيو أرماني', NULL, 'جورجيو أرماني', NULL, NULL, 2),
(145, '2019-09-20 12:13:23', '2019-09-20 12:13:23', NULL, 82, 'Givenchy', NULL, 'Givenchy', NULL, NULL, 1),
(146, '2019-09-20 12:13:23', '2019-09-20 12:13:23', NULL, 82, 'جيفنشي', NULL, 'جيفنشي', NULL, NULL, 2),
(147, '2019-09-20 12:15:39', '2019-09-20 12:15:39', NULL, 83, 'Gucci', NULL, 'Gucci', NULL, NULL, 1),
(148, '2019-09-20 12:15:39', '2019-09-20 12:15:39', NULL, 83, 'غوتشي', NULL, 'غوتشي', NULL, NULL, 2),
(149, '2019-09-20 12:16:35', '2019-09-20 12:16:35', NULL, 84, 'HHugo Boss', NULL, 'HHugo Boss', NULL, NULL, 1),
(150, '2019-09-20 12:16:35', '2019-09-20 12:16:35', NULL, 84, 'هوغو بوس', NULL, 'هوغو بوس', NULL, NULL, 2),
(151, '2019-09-20 12:17:20', '2019-09-20 12:17:20', NULL, 85, 'Lacoste', NULL, 'Lacoste', NULL, NULL, 1),
(152, '2019-09-20 12:17:20', '2019-09-20 12:17:20', NULL, 85, 'لاكوست', NULL, 'لاكوست', NULL, NULL, 2),
(153, '2019-09-20 12:18:57', '2019-09-20 12:18:57', NULL, 86, 'Police', NULL, 'Police', NULL, NULL, 1),
(154, '2019-09-20 12:18:57', '2019-09-20 12:18:57', NULL, 86, 'بوليس', NULL, 'نظارات شمسية ماركة بوليس', NULL, NULL, 2),
(155, '2019-09-20 12:20:22', '2019-09-20 12:20:22', NULL, 87, 'Porsche Design', NULL, 'Porsche Design', NULL, NULL, 1),
(156, '2019-09-20 12:20:22', '2019-09-20 12:20:22', NULL, 87, 'بورش', NULL, 'نظارات بورش', NULL, NULL, 2),
(157, '2019-09-20 12:21:33', '2019-09-20 12:21:33', NULL, 88, 'Puma', NULL, 'Puma', NULL, NULL, 1),
(158, '2019-09-20 12:21:33', '2019-09-20 12:21:33', NULL, 88, 'بوما', NULL, 'بوما', NULL, NULL, 2),
(159, '2019-09-20 12:27:44', '2019-09-20 12:27:44', NULL, 89, 'Tom Ford', NULL, 'Tom Ford', NULL, NULL, 1),
(160, '2019-09-20 12:27:44', '2019-09-20 12:27:44', NULL, 89, 'توم فورد', NULL, 'نظارة شمسية توم فورد', NULL, NULL, 2),
(161, '2019-09-20 12:33:59', '2019-09-20 12:33:59', NULL, 90, 'Tommy', NULL, 'Tommy', NULL, NULL, 1),
(162, '2019-09-20 12:33:59', '2019-09-20 12:33:59', NULL, 90, 'تومى', NULL, 'تومى', NULL, NULL, 2),
(163, '2019-09-20 12:35:19', '2019-09-20 12:35:19', NULL, 91, 'Versace', NULL, 'Versace', NULL, NULL, 1),
(164, '2019-09-20 12:35:19', '2019-09-20 12:35:19', NULL, 91, 'فيرساتشي', NULL, 'فيرساتشي', NULL, NULL, 2),
(165, '2019-09-20 12:44:25', '2019-09-20 12:44:25', NULL, 92, 'ALL BRANDS', NULL, 'All brands sunglasses', NULL, NULL, 1),
(166, '2019-09-20 12:44:25', '2019-09-20 12:44:25', NULL, 92, 'جميع الماركات', NULL, 'جميع الماركات العالمية للنظارات الشمسية', NULL, NULL, 2),
(167, '2019-09-20 12:47:05', '2019-09-20 12:47:05', NULL, 93, 'Cat Eye', NULL, 'Cat Eye', NULL, NULL, 1),
(168, '2019-09-20 12:47:05', '2019-09-20 12:47:05', NULL, 93, 'عين القط', NULL, 'عين القط', NULL, NULL, 2),
(169, '2019-09-20 12:48:12', '2019-09-20 12:48:12', NULL, 94, 'Sports', NULL, 'Sports', NULL, NULL, 1),
(170, '2019-09-20 12:48:12', '2019-09-20 12:48:12', NULL, 94, 'رياضى', NULL, 'رياضى الشكل', NULL, NULL, 2),
(171, '2019-09-20 13:03:39', '2019-09-20 13:03:39', NULL, 95, 'Butterfly', NULL, 'Butterfly', NULL, NULL, 1),
(172, '2019-09-20 13:03:39', '2019-09-20 13:03:39', NULL, 95, 'فراشة', NULL, 'نظارة على شكل فراشة', NULL, NULL, 2),
(173, '2019-09-20 13:06:00', '2019-09-20 13:06:00', NULL, 96, 'Children', NULL, 'Children', NULL, NULL, 1),
(174, '2019-09-20 13:06:00', '2019-09-20 13:06:00', NULL, 96, 'أطفــال', NULL, 'عدسات اطفال ولاد وبنات', NULL, NULL, 2),
(175, '2019-09-21 09:55:58', '2019-09-21 09:55:58', NULL, 97, 'BRANDS', NULL, 'All eyeglasses brands', NULL, NULL, 1),
(176, '2019-09-21 09:55:58', '2019-09-21 09:55:58', NULL, 97, 'الماركــات', '<p>جميع ماركات النظارات الطبية العالمية من متجر</p>\r\n\r\n<p>QeyeQ احصلى على افضل الماركات العالمية&nbsp;</p>\r\n\r\n<p>داخل مصر وخارجها&nbsp;</p>', 'جميع الماركات النظارات الطبية', NULL, NULL, 2),
(177, '2019-09-21 10:00:46', '2019-09-21 10:00:46', NULL, 98, 'SHAPE', '<p>All forms of glasses frames</p>', 'All forms of glasses frames', NULL, NULL, 1),
(178, '2019-09-21 10:00:46', '2019-09-21 10:00:46', NULL, 98, 'الشكل', '<p>جميع اشكال الاطارات النظارات الطبية&nbsp;</p>', 'جميع  اشكال اطارات النظارات الطبية', NULL, NULL, 2),
(179, '2019-09-21 10:05:40', '2019-09-21 10:05:40', NULL, 99, 'SHAPE', NULL, 'All forms of glasses frames', NULL, NULL, 1),
(180, '2019-09-21 10:05:40', '2019-09-21 10:05:40', NULL, 99, 'الشــكل', NULL, 'جميع اشكال الاطارات', NULL, NULL, 2),
(181, '2019-09-21 10:08:16', '2019-09-21 10:08:16', NULL, 100, 'GENDER', NULL, 'GENDER', NULL, NULL, 1),
(182, '2019-09-21 10:08:16', '2019-09-21 10:08:16', NULL, 100, 'الجنس', NULL, 'نظارات طبية /رجال /نساء /اطفال', NULL, NULL, 2),
(183, '2019-09-21 10:20:45', '2019-09-21 10:20:45', NULL, 101, 'Alain Mikli', NULL, 'Alain Mikli glasses', NULL, NULL, 1),
(184, '2019-09-21 10:20:45', '2019-09-21 10:20:45', NULL, 101, 'الن ميكلى', NULL, 'نظارات الن ميكلى', NULL, NULL, 2),
(185, '2019-09-21 10:22:17', '2019-09-21 10:22:17', NULL, 102, 'Carrera', NULL, 'Glasses Carrera', NULL, NULL, 1),
(186, '2019-09-21 10:22:17', '2019-09-21 10:22:17', NULL, 102, 'كاريرا', NULL, 'نظارات كاريرا', NULL, NULL, 2),
(187, '2019-09-21 10:23:47', '2019-09-21 10:23:47', NULL, 103, 'Cartier', NULL, 'Glasses Cartier', NULL, NULL, 1),
(188, '2019-09-21 10:23:47', '2019-09-21 10:23:47', NULL, 103, 'كارتييه', NULL, 'نظارات كارتية', NULL, NULL, 2),
(189, '2019-09-21 10:24:58', '2019-09-21 10:24:58', NULL, 104, 'Diesel', NULL, 'Glasses Diesel', NULL, NULL, 1),
(190, '2019-09-21 10:24:58', '2019-09-21 10:24:58', NULL, 104, 'ديزل', NULL, 'نظارات ديزل', NULL, NULL, 2),
(191, '2019-09-21 10:28:18', '2019-09-21 10:28:18', NULL, 105, 'Dior', NULL, 'Dior glasses', NULL, NULL, 1),
(192, '2019-09-21 10:28:18', '2019-09-21 10:28:18', NULL, 105, 'ديـــور', NULL, 'نظارات ديور', NULL, NULL, 2),
(193, '2019-09-21 10:29:56', '2019-09-21 10:29:56', NULL, 106, 'Lacoste', NULL, 'Lacoste glasses', NULL, NULL, 1),
(194, '2019-09-21 10:29:56', '2019-09-21 10:29:56', NULL, 106, 'لاكوست', NULL, 'نطارات طبية لاكوست', NULL, NULL, 2),
(195, '2019-09-21 10:33:44', '2019-09-21 10:33:44', NULL, 107, 'Tom Ford', NULL, 'Tom Ford GLASSES', NULL, NULL, 1),
(196, '2019-09-21 10:33:44', '2019-09-21 10:33:44', NULL, 107, 'توم فورد', NULL, 'توم فورد', NULL, NULL, 2),
(197, '2019-09-21 11:01:22', '2019-09-21 11:01:22', NULL, 108, 'ALL BRANDS', NULL, 'All brands', NULL, NULL, 1),
(198, '2019-09-21 11:01:22', '2019-09-21 11:01:22', NULL, 108, 'جميع الماركات', NULL, 'جميع ماركات النظارات الطبية', NULL, NULL, 2),
(199, '2019-09-21 11:05:42', '2019-09-21 11:05:42', NULL, 109, 'Butterfly', NULL, 'Butterfly', NULL, NULL, 1),
(200, '2019-09-21 11:05:42', '2019-09-21 11:05:42', NULL, 109, 'فراشة', NULL, 'فراشة', NULL, NULL, 2),
(201, '2019-09-21 11:07:30', '2019-09-21 11:07:30', NULL, 110, 'Cat Eye', NULL, 'Cat Eye', NULL, NULL, 1),
(202, '2019-09-21 11:07:30', '2019-09-21 11:07:30', NULL, 110, 'عين القط', NULL, 'عين القط', NULL, NULL, 2),
(203, '2019-09-21 11:09:57', '2019-09-21 11:09:57', NULL, 111, 'Round', NULL, 'Round', NULL, NULL, 1),
(204, '2019-09-21 11:09:57', '2019-09-21 11:09:57', NULL, 111, 'دائرى', NULL, 'دائرى', NULL, NULL, 2),
(205, '2019-09-21 11:18:01', '2019-09-21 11:18:01', NULL, 112, 'Squared', NULL, 'Squared', NULL, NULL, 1),
(206, '2019-09-21 11:18:01', '2019-09-21 11:18:01', NULL, 112, 'مربع', NULL, 'مربع', NULL, NULL, 2),
(207, '2019-09-21 11:19:44', '2019-09-21 11:19:44', NULL, 113, 'ALL SHAPES', NULL, 'All shapes', NULL, NULL, 1),
(208, '2019-09-21 11:19:44', '2019-09-21 11:19:44', NULL, 113, 'جميع الأشـكال', NULL, 'جميع لاشكال النظارات الطبية', NULL, NULL, 2),
(209, '2019-09-21 11:22:40', '2019-09-21 11:22:40', NULL, 114, 'MEN', NULL, 'Medical glasses for men', NULL, NULL, 1),
(210, '2019-09-21 11:22:40', '2019-09-21 11:22:40', NULL, 114, 'للرجال', NULL, 'نظارات طبية للرجال', NULL, NULL, 2),
(211, '2019-09-21 11:24:46', '2019-09-21 11:24:46', NULL, 115, 'WOMEN', NULL, 'Medical glasses for women', NULL, NULL, 1),
(212, '2019-09-21 11:24:46', '2019-09-21 11:24:46', NULL, 115, 'للنساء', NULL, 'نظارات طبية نسائية', NULL, NULL, 2),
(213, '2019-09-21 11:27:17', '2019-09-21 11:27:17', NULL, 116, 'CHILDREN', NULL, 'Children\'s glasses', NULL, NULL, 1),
(214, '2019-09-21 11:27:17', '2019-09-21 11:27:17', NULL, 116, 'اطفال', NULL, 'نظارات اطفال', NULL, NULL, 2),
(217, '2019-10-16 23:35:50', '2019-10-16 23:58:21', NULL, 119, 'new new', '<p>asdasdasd</p>', 'asdasdasd asdasdas', 'dasdasd', 'asdsadasd', 1),
(218, '2019-10-16 23:35:50', '2019-10-16 23:35:50', NULL, 119, 'asdasdasd', '<p>asdasdasd</p>', 'sadasdasdasdas', 'asdasda', 'asdasdasdasasd', 2),
(219, '2019-10-17 00:00:28', '2019-10-17 00:00:28', NULL, 120, 'newn newn enw', '<p>sadasdasd asd</p>', 'newn newn enw newn newn enw', 'asdsad asfda afssadf', 'dsaf asdf adsfsadff', 1),
(220, '2019-10-17 00:00:28', '2019-10-17 00:00:28', NULL, 120, 'dsfsdfa', '<p>asdffasdsdaf</p>', 'sdafdsafasdf', 'sdfsdaf', 'dsfsdfsfsadfsddsf', 2),
(221, '2019-10-18 01:33:30', '2019-10-18 02:49:47', NULL, 121, 'sadasdsadsssssssssssss', '<p>sadasd</p>', 'saasdadasdaa', 'asdasdasdasdsad', 'asdasdasdas', 1),
(222, '2019-10-18 01:33:30', '2019-10-18 01:33:30', NULL, 121, 'asdasd', '<p>asdasdasd</p>', 'asdasd', NULL, 'dasdasd', 2);

-- --------------------------------------------------------

--
-- Table structure for table `contacts`
--

CREATE TABLE `contacts` (
  `id` int(10) UNSIGNED NOT NULL,
  `name` varchar(150) COLLATE utf8mb4_unicode_ci NOT NULL,
  `email` varchar(100) COLLATE utf8mb4_unicode_ci NOT NULL,
  `phone` varchar(15) COLLATE utf8mb4_unicode_ci DEFAULT NULL,
  `country_id` int(10) UNSIGNED DEFAULT NULL,
  `message` text COLLATE utf8mb4_unicode_ci NOT NULL,
  `created_at` timestamp NULL DEFAULT NULL,
  `updated_at` timestamp NULL DEFAULT NULL
) ENGINE=InnoDB DEFAULT CHARSET=utf8mb4 COLLATE=utf8mb4_unicode_ci;

-- --------------------------------------------------------

--
-- Table structure for table `countries`
--

CREATE TABLE `countries` (
  `id` int(10) UNSIGNED NOT NULL,
  `created_at` timestamp NULL DEFAULT NULL,
  `updated_at` timestamp NULL DEFAULT NULL,
  `deleted_at` timestamp NULL DEFAULT NULL,
  `iso_code` varchar(100) COLLATE utf8mb4_unicode_ci DEFAULT NULL,
  `postcode_required` int(11) NOT NULL DEFAULT 0 COMMENT '1 = yes, 0 = no',
  `status` int(11) NOT NULL DEFAULT 0 COMMENT '0 = enabled, 1 = disabled',
  `currency_id` int(10) UNSIGNED NOT NULL,
  `default_country` int(11) NOT NULL DEFAULT 0 COMMENT '1 = yes, 0 = no',
  `image` varchar(255) COLLATE utf8mb4_unicode_ci NOT NULL
) ENGINE=InnoDB DEFAULT CHARSET=utf8mb4 COLLATE=utf8mb4_unicode_ci;

--
-- Dumping data for table `countries`
--

INSERT INTO `countries` (`id`, `created_at`, `updated_at`, `deleted_at`, `iso_code`, `postcode_required`, `status`, `currency_id`, `default_country`, `image`) VALUES
(1, '2019-07-09 09:14:58', '2019-09-03 17:03:35', NULL, 'us', 0, 1, 1, 1, 'eb62de099b22615e3108f333f1d263cd.png'),
(2, '2019-07-09 09:15:32', '2019-09-03 17:01:24', NULL, '4217', 0, 0, 4, 1, '3ee94707cd9c4e3779200bc5f8581f44.png'),
(5, '2019-07-09 09:39:25', '2019-07-09 09:39:25', '2019-07-15 22:00:00', 'kw', 0, 0, 1, 0, ''),
(6, '2019-07-30 06:34:11', '2019-09-22 09:37:15', NULL, 'TC -46', 0, 0, 3, 0, 'e0f6cb931775ed718c51a4e10e159ea5.png');

-- --------------------------------------------------------

--
-- Table structure for table `country_descriptions`
--

CREATE TABLE `country_descriptions` (
  `id` int(10) UNSIGNED NOT NULL,
  `created_at` timestamp NULL DEFAULT NULL,
  `updated_at` timestamp NULL DEFAULT NULL,
  `deleted_at` timestamp NULL DEFAULT NULL,
  `name` varchar(255) COLLATE utf8mb4_unicode_ci NOT NULL,
  `country_id` int(11) UNSIGNED NOT NULL,
  `language_id` int(10) UNSIGNED NOT NULL
) ENGINE=InnoDB DEFAULT CHARSET=utf8mb4 COLLATE=utf8mb4_unicode_ci;

--
-- Dumping data for table `country_descriptions`
--

INSERT INTO `country_descriptions` (`id`, `created_at`, `updated_at`, `deleted_at`, `name`, `country_id`, `language_id`) VALUES
(1, '2019-07-09 09:14:58', '2019-07-09 09:14:58', NULL, 'USA', 1, 1),
(2, '2019-07-09 09:14:58', '2019-07-09 09:14:58', NULL, 'USA', 1, 2),
(3, '2019-07-09 09:15:33', '2019-08-28 10:25:38', NULL, 'KSA', 2, 1),
(4, '2019-07-09 09:15:33', '2019-08-28 10:25:38', NULL, 'السعودية', 2, 2),
(9, '2019-07-09 09:39:25', '2019-07-09 09:39:25', NULL, 'gfg', 5, 1),
(10, '2019-07-09 09:39:25', '2019-07-09 09:39:25', NULL, 'fggf', 5, 2),
(11, '2019-07-30 06:34:11', '2019-07-30 06:34:11', NULL, 'Egypt', 6, 1),
(12, '2019-07-30 06:34:12', '2019-07-30 06:34:12', NULL, 'Egypt', 6, 2);

-- --------------------------------------------------------

--
-- Table structure for table `country_languages`
--

CREATE TABLE `country_languages` (
  `id` int(11) NOT NULL,
  `country_id` int(11) UNSIGNED NOT NULL,
  `language_id` int(11) UNSIGNED NOT NULL,
  `created_at` timestamp NULL DEFAULT NULL,
  `updated_at` timestamp NULL DEFAULT NULL,
  `deleted_at` timestamp NULL DEFAULT NULL
) ENGINE=InnoDB DEFAULT CHARSET=utf8;

--
-- Dumping data for table `country_languages`
--

INSERT INTO `country_languages` (`id`, `country_id`, `language_id`, `created_at`, `updated_at`, `deleted_at`) VALUES
(1, 5, 1, '2019-07-09 09:39:25', '2019-07-09 11:47:24', '2019-07-09 11:47:24'),
(2, 5, 2, '2019-07-09 09:39:25', '2019-07-09 11:44:10', '2019-07-09 11:44:10'),
(7, 5, 2, '2019-07-09 11:44:46', '2019-07-14 07:16:05', '2019-07-14 07:16:05'),
(8, 5, 1, '2019-07-09 11:47:28', '2019-07-09 11:47:28', NULL),
(9, 1, 1, '2019-07-09 11:47:42', '2019-07-09 11:47:42', NULL),
(10, 1, 2, '2019-07-09 11:47:42', '2019-07-16 08:22:01', '2019-07-16 08:22:01'),
(11, 5, 2, '2019-07-14 07:16:26', '2019-07-14 07:17:20', '2019-07-14 07:17:20'),
(12, 5, 2, '2019-07-14 07:17:26', '2019-07-14 07:17:26', NULL),
(13, 2, 1, '2019-07-15 22:00:00', '2019-07-15 22:00:00', NULL),
(14, 2, 2, '2019-07-15 22:00:00', '2019-07-15 22:00:00', NULL),
(15, 6, 1, '2019-07-30 06:34:12', '2019-07-30 06:34:12', NULL),
(16, 6, 2, '2019-07-30 06:34:12', '2019-07-30 06:34:12', NULL),
(17, 1, 2, '2019-08-24 12:57:15', '2019-08-24 12:57:15', NULL);

-- --------------------------------------------------------

--
-- Table structure for table `country_payment_methods`
--

CREATE TABLE `country_payment_methods` (
  `id` int(11) NOT NULL,
  `country_id` int(10) UNSIGNED NOT NULL,
  `payment_method_id` int(11) NOT NULL,
  `created_at` timestamp NULL DEFAULT NULL,
  `updated_at` timestamp NULL DEFAULT NULL,
  `deleted_at` timestamp NULL DEFAULT NULL
) ENGINE=InnoDB DEFAULT CHARSET=utf8;

--
-- Dumping data for table `country_payment_methods`
--

INSERT INTO `country_payment_methods` (`id`, `country_id`, `payment_method_id`, `created_at`, `updated_at`, `deleted_at`) VALUES
(1, 6, 1, '2019-07-30 06:34:11', '2019-07-30 06:40:57', '2019-07-30 06:40:57'),
(4, 6, 1, '2019-07-30 06:41:07', '2019-07-30 06:41:07', NULL),
(5, 2, 1, '2019-07-30 07:03:34', '2019-07-30 07:03:34', NULL),
(7, 2, 2, '2019-07-30 07:03:34', '2019-07-30 07:03:34', NULL),
(10, 1, 1, '2019-09-03 16:55:38', '2019-09-03 16:55:38', NULL);

-- --------------------------------------------------------

--
-- Table structure for table `country_slider`
--

CREATE TABLE `country_slider` (
  `id` int(10) UNSIGNED NOT NULL,
  `slider_id` bigint(20) UNSIGNED DEFAULT NULL,
  `country_id` int(10) UNSIGNED DEFAULT NULL,
  `created_at` timestamp NULL DEFAULT NULL,
  `updated_at` timestamp NULL DEFAULT NULL,
  `deleted_at` timestamp NULL DEFAULT NULL
) ENGINE=InnoDB DEFAULT CHARSET=utf8;

--
-- Dumping data for table `country_slider`
--

INSERT INTO `country_slider` (`id`, `slider_id`, `country_id`, `created_at`, `updated_at`, `deleted_at`) VALUES
(45, 29, 1, '2019-10-23 02:24:43', '2019-10-23 02:24:43', NULL),
(46, 29, 6, '2019-10-23 02:24:43', '2019-10-23 02:24:43', NULL),
(47, 30, 2, '2019-10-24 04:06:29', '2019-10-24 04:06:29', NULL),
(48, 30, 6, '2019-10-24 04:06:29', '2019-10-24 04:06:29', NULL),
(50, 28, 2, '2019-10-29 05:56:33', '2019-10-29 05:56:33', NULL),
(51, 28, 5, '2019-10-29 05:56:33', '2019-10-29 05:56:33', NULL);

-- --------------------------------------------------------

--
-- Table structure for table `currencies`
--

CREATE TABLE `currencies` (
  `id` int(10) UNSIGNED NOT NULL,
  `created_at` timestamp NULL DEFAULT NULL,
  `updated_at` timestamp NULL DEFAULT NULL,
  `deleted_at` timestamp NULL DEFAULT NULL,
  `name` varchar(255) COLLATE utf8mb4_unicode_ci NOT NULL,
  `symbol_left` varchar(100) COLLATE utf8mb4_unicode_ci NOT NULL,
  `symbol_right` varchar(100) COLLATE utf8mb4_unicode_ci NOT NULL,
  `status` int(11) NOT NULL DEFAULT 0,
  `language_id` int(11) NOT NULL
) ENGINE=InnoDB DEFAULT CHARSET=utf8mb4 COLLATE=utf8mb4_unicode_ci;

--
-- Dumping data for table `currencies`
--

INSERT INTO `currencies` (`id`, `created_at`, `updated_at`, `deleted_at`, `name`, `symbol_left`, `symbol_right`, `status`, `language_id`) VALUES
(1, '2019-07-09 08:49:10', '2019-09-22 09:33:50', NULL, 'US Dollars', '$', '$', 1, 1),
(2, '2019-07-09 08:49:22', '2019-09-25 05:50:07', '2019-09-25 05:50:07', 'AED', 'AED', 'درهم', 1, 2),
(3, '2019-07-25 11:34:03', '2019-09-22 09:54:05', NULL, 'EGP', 'EGP', 'EGP', 0, 1),
(4, '2019-07-09 08:49:22', '2019-08-28 10:25:00', NULL, 'ريال', 'SAR', 'ريال', 0, 1),
(5, '2019-09-03 16:54:14', '2019-09-03 16:54:14', NULL, 'دينار كويتى', 'KWD', 'دينار', 0, 0);

-- --------------------------------------------------------

--
-- Table structure for table `cylinder`
--

CREATE TABLE `cylinder` (
  `id` int(10) UNSIGNED NOT NULL,
  `title` varchar(191) DEFAULT NULL,
  `price` int(10) DEFAULT NULL,
  `type` int(10) NOT NULL DEFAULT 0 COMMENT '0 == none & 1 == colored & 2 == transparent',
  `created_at` timestamp NULL DEFAULT NULL,
  `updated_at` timestamp NULL DEFAULT NULL
) ENGINE=InnoDB DEFAULT CHARSET=utf8;

--
-- Dumping data for table `cylinder`
--

INSERT INTO `cylinder` (`id`, `title`, `price`, `type`, `created_at`, `updated_at`) VALUES
(1, '-.0.25', 0, 2, '2019-09-16 05:59:58', '2019-09-16 05:59:58'),
(4, '-0.75', 0, 2, '2019-09-16 06:01:37', '2019-09-16 06:01:37'),
(5, '-1.00', 0, 2, '2019-09-16 06:02:11', '2019-09-16 06:02:11'),
(6, '-1.25', 0, 2, '2019-09-16 06:02:27', '2019-09-16 06:02:27'),
(7, '-1.50', 0, 2, '2019-09-16 06:02:38', '2019-09-16 06:02:38'),
(8, '-1.75', 0, 2, '2019-09-16 06:03:27', '2019-09-16 06:03:27'),
(9, '-2.00', 0, 2, '2019-09-16 06:03:42', '2019-09-16 06:03:42'),
(10, '-2.25', 0, 2, '2019-09-16 06:03:56', '2019-09-16 06:03:56'),
(11, '-2.50', 0, 2, '2019-09-16 06:04:09', '2019-09-16 06:04:09'),
(12, '-2.75', 0, 2, '2019-09-16 06:04:22', '2019-09-16 06:04:22'),
(14, 'asdasdas', 2147483647, 1, '2019-10-17 04:58:30', '2019-10-17 04:58:30'),
(17, 'aaaaaaaaaaa', 789, 1, '2019-10-17 05:29:47', '2019-10-17 05:29:47'),
(18, 'sadsaasd', 1111111, 1, '2019-10-18 04:25:29', '2019-10-18 04:25:37');

-- --------------------------------------------------------

--
-- Table structure for table `favorites`
--

CREATE TABLE `favorites` (
  `user_id` int(10) UNSIGNED NOT NULL,
  `favoriteable_type` varchar(191) COLLATE utf8mb4_unicode_ci NOT NULL,
  `favoriteable_id` bigint(20) UNSIGNED NOT NULL,
  `created_at` timestamp NULL DEFAULT NULL,
  `updated_at` timestamp NULL DEFAULT NULL
) ENGINE=InnoDB DEFAULT CHARSET=utf8mb4 COLLATE=utf8mb4_unicode_ci;

--
-- Dumping data for table `favorites`
--

INSERT INTO `favorites` (`user_id`, `favoriteable_type`, `favoriteable_id`, `created_at`, `updated_at`) VALUES
(1, 'App\\Models\\Product', 138, '2019-10-25 01:42:49', '2019-10-25 01:42:49'),
(1, 'App\\Models\\Product', 154, '2019-10-25 01:27:22', '2019-10-25 01:27:22'),
(1, 'App\\Models\\Product', 165, '2019-10-25 01:13:37', '2019-10-25 01:13:37'),
(1, 'App\\Models\\Product', 198, '2019-10-24 23:38:30', '2019-10-24 23:38:30'),
(17, 'App\\Models\\Product', 140, '2019-10-29 04:21:18', '2019-10-29 04:21:18');

-- --------------------------------------------------------

--
-- Table structure for table `languages`
--

CREATE TABLE `languages` (
  `id` int(10) UNSIGNED NOT NULL,
  `created_at` timestamp NULL DEFAULT NULL,
  `updated_at` timestamp NULL DEFAULT NULL,
  `deleted_at` timestamp NULL DEFAULT NULL,
  `name` varchar(255) COLLATE utf8mb4_unicode_ci NOT NULL,
  `code` varchar(100) COLLATE utf8mb4_unicode_ci NOT NULL,
  `image` varchar(255) COLLATE utf8mb4_unicode_ci NOT NULL,
  `sort_order` int(11) NOT NULL,
  `status` int(11) NOT NULL DEFAULT 0 COMMENT '0 = enabled, 1 = unenabled',
  `default_language` int(11) NOT NULL DEFAULT 0 COMMENT '1 = yes, 0 = no'
) ENGINE=InnoDB DEFAULT CHARSET=utf8mb4 COLLATE=utf8mb4_unicode_ci;

--
-- Dumping data for table `languages`
--

INSERT INTO `languages` (`id`, `created_at`, `updated_at`, `deleted_at`, `name`, `code`, `image`, `sort_order`, `status`, `default_language`) VALUES
(1, '2019-06-27 10:55:34', '2019-07-06 10:51:49', NULL, 'English', 'en', '1562417509_language.png', 1, 0, 0),
(2, '2019-06-27 11:47:58', '2019-07-31 11:21:04', NULL, 'Arabic', 'ar', '1562417416_language.png', 2, 0, 1);

-- --------------------------------------------------------

--
-- Table structure for table `manufacturers`
--

CREATE TABLE `manufacturers` (
  `id` int(11) NOT NULL,
  `name` varchar(255) NOT NULL,
  `image` varchar(255) NOT NULL,
  `sort_order` int(11) NOT NULL DEFAULT 1,
  `created_at` timestamp NULL DEFAULT NULL,
  `updated_at` timestamp NULL DEFAULT NULL,
  `deleted_at` timestamp NULL DEFAULT NULL
) ENGINE=InnoDB DEFAULT CHARSET=utf8;

--
-- Dumping data for table `manufacturers`
--

INSERT INTO `manufacturers` (`id`, `name`, `image`, `sort_order`, `created_at`, `updated_at`, `deleted_at`) VALUES
(0, 'adsdfadf', '1571331638_manufacturer.png', 1, '2019-10-18 00:00:38', '2019-10-18 00:00:38', NULL),
(1, 'Boss', '1567969376_manufacturer.jpg', 1, '2019-07-10 10:26:10', '2019-09-08 17:02:56', NULL),
(2, 'dfgdg', '1562761612_manufacturer.png', 1, '2019-07-10 10:26:52', '2019-07-10 10:26:58', '2019-07-10 10:26:58'),
(3, 'Ray Ban', '1563370785_manufacturer.png', 1, '2019-07-17 11:39:45', '2019-09-04 07:24:31', '2019-09-04 07:24:31'),
(4, 'lacoste', '1567969492_manufacturer.jpg', 3, '2019-09-04 07:41:28', '2019-09-08 17:04:52', NULL),
(5, 'johnsons', '1567590214_manufacturer.jpg', 1, '2019-09-04 07:43:34', '2019-09-05 07:03:21', '2019-09-05 07:03:21'),
(6, 'BAUSCH+LOMB', '1567969338_manufacturer.png', 2, '2019-09-04 07:45:56', '2019-09-08 17:02:18', NULL),
(7, 'DIOR', '1567674066_manufacturer.jpg', 10, '2019-09-05 07:01:06', '2019-09-08 17:01:13', '2019-09-08 17:01:13'),
(8, 'ray ban', '1567969528_manufacturer.jpg', 4, '2019-09-08 17:05:28', '2019-09-08 17:05:28', NULL),
(9, 'FENDI', '1567969586_manufacturer.jpg', 5, '2019-09-08 17:06:26', '2019-09-08 17:06:26', NULL),
(10, 'TOMMY', '1567969619_manufacturer.jpg', 6, '2019-09-08 17:06:59', '2019-09-08 17:06:59', NULL),
(11, 'PUMA', '1567969654_manufacturer.jpg', 7, '2019-09-08 17:07:34', '2019-09-08 17:07:34', NULL),
(12, 'ADIDAS', '1567969705_manufacturer.jpg', 8, '2019-09-08 17:08:25', '2019-09-08 17:08:25', NULL);

-- --------------------------------------------------------

--
-- Table structure for table `migrations`
--

CREATE TABLE `migrations` (
  `id` int(10) UNSIGNED NOT NULL,
  `migration` varchar(191) COLLATE utf8mb4_unicode_ci NOT NULL,
  `batch` int(11) NOT NULL
) ENGINE=InnoDB DEFAULT CHARSET=utf8mb4 COLLATE=utf8mb4_unicode_ci;

--
-- Dumping data for table `migrations`
--

INSERT INTO `migrations` (`id`, `migration`, `batch`) VALUES
(1, '2014_10_12_000000_create_users_table', 1),
(2, '2014_10_12_100000_create_password_resets_table', 1),
(3, '2019_09_02_203202_create_languages_table', 1),
(4, '2019_10_15_163614_create_permission_tables', 1),
(5, '2019_07_06_120307_create_categories_table', 2),
(6, '2019_07_06_120307_create_category_descriptions_table', 2),
(7, '2019_07_11_112604_create_product_attributes_table', 3),
(8, '2014_07_24_142921_create_countries_table', 4),
(9, '2019_10_21_122315_create_newsletters_table', 5),
(10, '2019_10_21_140519_create_contacts_table', 5),
(11, '2019_10_22_120937_create_ratings_table', 5),
(12, '2019_10_22_121924_add_product_rating_pivot_table', 5),
(13, '2019_10_22_1738591_create_articles_table', 5),
(14, '2019_10_22_1738592_create_artcl_categories_table', 5),
(15, '2019_10_22_1738593_create_article_category_table', 5),
(16, '2019_10_22_1738595_add_article_foreign_key', 5),
(17, '2019_10_282_1738594_create_article_data_table', 5),
(18, '2019_10_2333_073501_create_favorites_table', 6);

-- --------------------------------------------------------

--
-- Table structure for table `model_has_permissions`
--

CREATE TABLE `model_has_permissions` (
  `permission_id` int(10) UNSIGNED NOT NULL,
  `model_type` varchar(191) COLLATE utf8mb4_unicode_ci NOT NULL,
  `model_id` bigint(20) UNSIGNED NOT NULL
) ENGINE=InnoDB DEFAULT CHARSET=utf8mb4 COLLATE=utf8mb4_unicode_ci;

--
-- Dumping data for table `model_has_permissions`
--

INSERT INTO `model_has_permissions` (`permission_id`, `model_type`, `model_id`) VALUES
(2, 'App\\Models\\User', 1),
(3, 'App\\Models\\User', 1),
(4, 'App\\Models\\User', 1),
(5, 'App\\Models\\User', 1),
(6, 'App\\Models\\User', 1),
(7, 'App\\Models\\User', 1),
(25, 'App\\Models\\User', 1),
(26, 'App\\Models\\User', 1),
(27, 'App\\Models\\User', 1),
(28, 'App\\Models\\User', 1),
(29, 'App\\Models\\User', 1),
(30, 'App\\Models\\User', 1),
(31, 'App\\Models\\User', 1),
(32, 'App\\Models\\User', 1),
(33, 'App\\Models\\User', 1),
(34, 'App\\Models\\User', 1),
(35, 'App\\Models\\User', 1),
(36, 'App\\Models\\User', 1),
(37, 'App\\Models\\User', 1),
(38, 'App\\Models\\User', 1),
(39, 'App\\Models\\User', 1),
(40, 'App\\Models\\User', 1),
(41, 'App\\Models\\User', 1),
(42, 'App\\Models\\User', 1),
(43, 'App\\Models\\User', 1),
(44, 'App\\Models\\User', 1),
(45, 'App\\Models\\User', 1);

-- --------------------------------------------------------

--
-- Table structure for table `model_has_roles`
--

CREATE TABLE `model_has_roles` (
  `role_id` int(10) UNSIGNED NOT NULL,
  `model_type` varchar(191) COLLATE utf8mb4_unicode_ci NOT NULL,
  `model_id` bigint(20) UNSIGNED NOT NULL
) ENGINE=InnoDB DEFAULT CHARSET=utf8mb4 COLLATE=utf8mb4_unicode_ci;

--
-- Dumping data for table `model_has_roles`
--

INSERT INTO `model_has_roles` (`role_id`, `model_type`, `model_id`) VALUES
(6, 'App\\Models\\User', 4);

-- --------------------------------------------------------

--
-- Table structure for table `newsletters`
--

CREATE TABLE `newsletters` (
  `id` int(10) UNSIGNED NOT NULL,
  `email` varchar(100) COLLATE utf8mb4_unicode_ci NOT NULL,
  `created_at` timestamp NULL DEFAULT NULL,
  `updated_at` timestamp NULL DEFAULT NULL
) ENGINE=InnoDB DEFAULT CHARSET=utf8mb4 COLLATE=utf8mb4_unicode_ci;

-- --------------------------------------------------------

--
-- Table structure for table `options`
--

CREATE TABLE `options` (
  `id` int(11) NOT NULL,
  `sort_order` int(11) NOT NULL DEFAULT 1,
  `created_at` timestamp NULL DEFAULT NULL,
  `updated_at` timestamp NULL DEFAULT NULL,
  `deleted_at` timestamp NULL DEFAULT NULL,
  `color` varchar(20) NOT NULL,
  `type` enum('lenses','tint','coating','pkg') NOT NULL,
  `img_url` varchar(100) NOT NULL,
  `product_id` int(11) NOT NULL
) ENGINE=InnoDB DEFAULT CHARSET=utf8;

--
-- Dumping data for table `options`
--

INSERT INTO `options` (`id`, `sort_order`, `created_at`, `updated_at`, `deleted_at`, `color`, `type`, `img_url`, `product_id`) VALUES
(1, 1, NULL, NULL, NULL, 'gray', 'lenses', 'images/options/standard.svg', 0),
(2, 1, NULL, NULL, NULL, 'pink', 'lenses', 'images/options/thin.svg', 0),
(3, 1, NULL, NULL, NULL, 'yellow', 'lenses', 'images/options/super_thin.svg', 0),
(4, 1, NULL, NULL, NULL, 'blue', 'lenses', 'images/options/ultra_thin.svg', 0),
(5, 1, NULL, NULL, NULL, '', 'coating', '', 0),
(6, 1, NULL, NULL, NULL, '', 'tint', '', 0),
(13, 1, NULL, NULL, NULL, '', 'tint', '', 0),
(14, 1, NULL, NULL, NULL, '', 'pkg', '', 0);

-- --------------------------------------------------------

--
-- Table structure for table `option_data`
--

CREATE TABLE `option_data` (
  `id` int(11) NOT NULL,
  `option_id` int(11) NOT NULL,
  `language_id` int(11) UNSIGNED NOT NULL,
  `title` varchar(255) NOT NULL,
  `created_at` timestamp NULL DEFAULT NULL,
  `updated_at` timestamp NULL DEFAULT NULL,
  `deleted_at` timestamp NULL DEFAULT NULL,
  `description` text NOT NULL,
  `price_info` varchar(200) NOT NULL
) ENGINE=InnoDB DEFAULT CHARSET=utf8;

--
-- Dumping data for table `option_data`
--

INSERT INTO `option_data` (`id`, `option_id`, `language_id`, `title`, `created_at`, `updated_at`, `deleted_at`, `description`, `price_info`) VALUES
(13, 1, 1, 'Standard', NULL, NULL, NULL, 'High-quality lenses', 'included'),
(14, 2, 1, 'Thin', NULL, NULL, NULL, '20% thinner and lighter', 'Price per pair'),
(15, 3, 1, 'Super Thin', NULL, NULL, NULL, '40% thinner and lighter', 'Price per pair'),
(16, 4, 1, 'Ultra Thin', NULL, NULL, NULL, '60% thinner and lighter', 'Price per pair'),
(17, 5, 1, 'Premium coating + UV protection', NULL, NULL, NULL, '', 'Price per pair'),
(18, 6, 1, 'No Tint', NULL, NULL, NULL, 'You have the possibility to choose clear lenses without tint\r\n', 'included'),
(19, 13, 1, 'Regular Tint', NULL, NULL, NULL, 'Provides 85% tint for optimal protection from glare.\r\n', 'Price per pair'),
(20, 14, 2, 'Package 30', NULL, NULL, NULL, '', ''),
(21, 1, 2, 'اعتيادي', NULL, NULL, NULL, 'عدسات ذات جودة عالية', 'مشمول'),
(22, 2, 2, 'نحيف ضعيف', NULL, NULL, NULL, 'أرفع و أخف بـ 20%', 'سعر الزوج'),
(23, 3, 2, 'نحيف جدا', NULL, NULL, NULL, 'أرفع و أخف بـ 40% ', 'سعر الزوج'),
(24, 4, 2, 'رقيقة جدا', NULL, NULL, NULL, 'أرفع و أخف بـ 60%', 'سعر الزوج'),
(25, 5, 2, 'غلاف بريميوم + حماية ضد الأشعة الفوق بنفسجية', NULL, NULL, NULL, '', 'سعر الزوج'),
(26, 6, 2, 'بدون طبقة تعتيم', NULL, NULL, NULL, 'يمنك اختيار عدسات شفافة بدون اضافة اللون\r\n', 'مشمول');

-- --------------------------------------------------------

--
-- Table structure for table `option_price`
--

CREATE TABLE `option_price` (
  `id` int(11) NOT NULL,
  `option_id` bigint(20) UNSIGNED NOT NULL,
  `price` float NOT NULL,
  `country_id` bigint(20) UNSIGNED NOT NULL
) ENGINE=InnoDB DEFAULT CHARSET=utf8;

--
-- Dumping data for table `option_price`
--

INSERT INTO `option_price` (`id`, `option_id`, `price`, `country_id`) VALUES
(1, 5, 149, 2),
(2, 1, 0, 2),
(3, 2, 299, 2),
(4, 3, 449, 2),
(5, 4, 149, 2),
(6, 6, 0, 2),
(7, 13, 99, 2),
(8, 14, 30, 2);

-- --------------------------------------------------------

--
-- Table structure for table `password_resets`
--

CREATE TABLE `password_resets` (
  `email` varchar(191) COLLATE utf8mb4_unicode_ci NOT NULL,
  `token` varchar(191) COLLATE utf8mb4_unicode_ci NOT NULL,
  `created_at` timestamp NULL DEFAULT NULL
) ENGINE=InnoDB DEFAULT CHARSET=utf8mb4 COLLATE=utf8mb4_unicode_ci;

-- --------------------------------------------------------

--
-- Table structure for table `permissions`
--

CREATE TABLE `permissions` (
  `id` int(10) UNSIGNED NOT NULL,
  `name` varchar(191) COLLATE utf8mb4_unicode_ci NOT NULL,
  `guard_name` varchar(191) COLLATE utf8mb4_unicode_ci NOT NULL,
  `created_at` timestamp NULL DEFAULT NULL,
  `updated_at` timestamp NULL DEFAULT NULL
) ENGINE=InnoDB DEFAULT CHARSET=utf8mb4 COLLATE=utf8mb4_unicode_ci;

--
-- Dumping data for table `permissions`
--

INSERT INTO `permissions` (`id`, `name`, `guard_name`, `created_at`, `updated_at`) VALUES
(2, 'Permission-Edit', 'web', '2019-10-16 01:46:49', '2019-10-16 01:46:49'),
(3, 'Permission-Delete', 'web', '2019-10-16 01:46:49', '2019-10-16 01:46:49'),
(4, 'Role-Add', 'web', '2019-10-16 01:46:49', '2019-10-16 01:46:49'),
(5, 'Role-Edit', 'web', '2019-10-16 01:46:50', '2019-10-16 01:46:50'),
(6, 'Role-Delete', 'web', '2019-10-16 01:46:50', '2019-10-16 01:46:50'),
(7, 'Membership-Add', 'web', '2019-10-16 01:46:50', '2019-10-16 01:46:50'),
(25, 'Feature-Add', 'web', '2019-10-16 01:46:51', '2019-10-16 01:46:51'),
(26, 'kFeature-Edit', 'web', '2019-10-16 01:46:51', '2019-10-16 02:25:34'),
(27, 'Feature-Delete', 'web', '2019-10-16 01:46:51', '2019-10-16 01:46:51'),
(28, 'Country-Add', 'web', '2019-10-16 01:46:52', '2019-10-16 01:46:52'),
(29, 'Country-Edit', 'web', '2019-10-16 01:46:52', '2019-10-16 01:46:52'),
(30, 'Country-Delete', 'web', '2019-10-16 01:46:52', '2019-10-16 01:46:52'),
(31, 'City-Add', 'web', '2019-10-16 01:46:52', '2019-10-16 01:46:52'),
(32, 'City-Edit', 'web', '2019-10-16 01:46:53', '2019-10-16 01:46:53'),
(33, 'City-Delete', 'web', '2019-10-16 01:46:53', '2019-10-16 01:46:53'),
(34, 'category-add', 'web', '2019-10-16 01:46:53', '2019-10-16 01:46:53'),
(35, 'category-edit', 'web', '2019-10-16 01:46:53', '2019-10-16 01:46:53'),
(36, 'category-delete', 'web', '2019-10-16 01:46:53', '2019-10-16 01:46:53'),
(37, 'materialStatus-Add', 'web', '2019-10-16 01:46:53', '2019-10-16 01:46:53'),
(38, 'materialStatus-Edit', 'web', '2019-10-16 01:46:54', '2019-10-16 01:46:54'),
(39, 'materialStatus-Delete', 'web', '2019-10-16 01:46:54', '2019-10-16 01:46:54'),
(40, 'option-add', 'web', '2019-10-16 01:46:54', '2019-10-16 01:46:54'),
(41, 'option-edit', 'web', '2019-10-16 01:46:54', '2019-10-16 01:46:54'),
(42, 'option-delete', 'web', '2019-10-16 01:46:54', '2019-10-16 01:46:54'),
(43, 'member-Add', 'web', '2019-10-16 01:46:55', '2019-10-16 01:46:55'),
(44, 'member-Edit', 'web', '2019-10-16 01:46:55', '2019-10-16 01:46:55'),
(45, 'member-Delete', 'web', '2019-10-16 01:46:55', '2019-10-16 01:46:55');

-- --------------------------------------------------------

--
-- Table structure for table `products`
--

CREATE TABLE `products` (
  `id` int(10) UNSIGNED NOT NULL,
  `created_at` timestamp NULL DEFAULT NULL,
  `updated_at` timestamp NULL DEFAULT NULL,
  `deleted_at` timestamp NULL DEFAULT NULL,
  `model` varchar(255) COLLATE utf8mb4_unicode_ci DEFAULT NULL,
  `sku` varchar(255) COLLATE utf8mb4_unicode_ci DEFAULT NULL,
  `upc` varchar(255) COLLATE utf8mb4_unicode_ci DEFAULT NULL,
  `ean` varchar(255) COLLATE utf8mb4_unicode_ci DEFAULT NULL,
  `jan` varchar(255) COLLATE utf8mb4_unicode_ci DEFAULT NULL,
  `isbn` varchar(255) COLLATE utf8mb4_unicode_ci DEFAULT NULL,
  `mpn` varchar(255) COLLATE utf8mb4_unicode_ci DEFAULT NULL,
  `location` varchar(255) COLLATE utf8mb4_unicode_ci DEFAULT NULL,
  `main_image` varchar(255) COLLATE utf8mb4_unicode_ci NOT NULL,
  `manufacturer_id` int(11) NOT NULL DEFAULT 0,
  `date_available` date NOT NULL,
  `weight` float NOT NULL DEFAULT 0,
  `weight_type` varchar(100) COLLATE utf8mb4_unicode_ci NOT NULL DEFAULT '0',
  `length` float NOT NULL DEFAULT 0,
  `width` int(11) NOT NULL DEFAULT 0,
  `height` float NOT NULL DEFAULT 0,
  `length_type` varchar(100) COLLATE utf8mb4_unicode_ci NOT NULL DEFAULT '0',
  `sort_order` int(11) NOT NULL DEFAULT 1,
  `status` int(11) NOT NULL DEFAULT 0 COMMENT '0 = enabled, 1 = disabled',
  `viewed` int(11) NOT NULL DEFAULT 0 COMMENT 'number of products views',
  `special` int(11) NOT NULL DEFAULT 0 COMMENT '1 = yes, 0 = no. Special Products in Homepage',
  `product_type` enum('glasses','lenses','sunglass','') COLLATE utf8mb4_unicode_ci NOT NULL DEFAULT 'sunglass' COMMENT '0 = glasses, 1 = lenses, 2 = sunglass',
  `requires_shipping` bit(1) NOT NULL DEFAULT b'1'
) ENGINE=InnoDB DEFAULT CHARSET=utf8mb4 COLLATE=utf8mb4_unicode_ci;

--
-- Dumping data for table `products`
--

INSERT INTO `products` (`id`, `created_at`, `updated_at`, `deleted_at`, `model`, `sku`, `upc`, `ean`, `jan`, `isbn`, `mpn`, `location`, `main_image`, `manufacturer_id`, `date_available`, `weight`, `weight_type`, `length`, `width`, `height`, `length_type`, `sort_order`, `status`, `viewed`, `special`, `product_type`, `requires_shipping`) VALUES
(115, '2019-09-11 06:58:07', '2019-09-11 06:58:07', NULL, 'polaroid 8015', NULL, NULL, NULL, NULL, NULL, NULL, NULL, 'c9a0270ff9418767b753b48a7aa99777.jpg', 8, '2019-09-11', 0, 'kg', 0, 0, 0, 'cm', 1, 0, 0, 0, 'sunglass', b'1'),
(116, '2019-09-11 06:58:28', '2019-09-11 06:58:28', NULL, 'polaroid 8015', NULL, NULL, NULL, NULL, NULL, NULL, NULL, '71080d9477d40945bb6f3fc34091839f.jpg', 8, '2019-09-11', 0, 'kg', 0, 0, 0, 'cm', 1, 0, 0, 0, 'sunglass', b'1'),
(117, '2019-09-11 06:58:59', '2019-09-11 06:58:59', NULL, 'polaroid 8015', NULL, NULL, NULL, NULL, NULL, NULL, NULL, '0ae39497fb6cba3104c9e4f7879be076.jpg', 8, '2019-09-11', 0, 'kg', 0, 0, 0, 'cm', 1, 0, 0, 0, 'sunglass', b'1'),
(118, '2019-09-13 06:28:29', '2019-09-13 06:28:29', NULL, 'سوفلنس اليومية من بوش اند لومب-30', NULL, NULL, NULL, NULL, NULL, NULL, NULL, 'e0b51e43a3532197699593be7ba855ad.jpg', 0, '2019-09-13', 0, 'kg', 0, 0, 0, 'cm', 1, 0, 0, 0, 'lenses', b'1'),
(119, '2019-09-13 06:28:48', '2019-09-13 06:28:48', NULL, 'سوفلنس اليومية من بوش اند لومب-30', NULL, NULL, NULL, NULL, NULL, NULL, NULL, '959c3565be22c93d2e9e61991d67ec42.jpg', 0, '2019-09-13', 0, 'kg', 0, 0, 0, 'cm', 1, 0, 0, 0, 'lenses', b'1'),
(120, '2019-09-13 06:33:17', '2019-09-13 06:33:17', NULL, 'سوفلنس اليومية من بوش اند لومب-30', NULL, NULL, NULL, NULL, NULL, NULL, NULL, '45dd893f0ae4fccd4bd005c83594e2d1.jpg', 6, '2019-09-13', 0, 'kg', 0, 0, 0, 'cm', 1, 0, 0, 0, 'lenses', b'1'),
(121, '2019-09-13 06:34:01', '2019-09-13 06:34:01', NULL, 'سوفلنس اليومية من بوش اند لومب-30', NULL, NULL, NULL, NULL, NULL, NULL, NULL, '8156a064adf996d49e6d6bc7a3c3c896.jpg', 6, '2019-09-13', 0, 'kg', 0, 0, 0, 'cm', 1, 0, 0, 0, 'lenses', b'1'),
(122, '2019-09-13 06:34:36', '2019-09-13 06:34:36', NULL, 'سوفلنس اليومية من بوش اند لومب-30', NULL, NULL, NULL, NULL, NULL, NULL, NULL, 'cd19916c2eeebfd251453a572bde50bc.jpg', 6, '2019-09-13', 0, 'kg', 0, 0, 0, 'cm', 1, 0, 0, 0, 'lenses', b'1'),
(123, '2019-09-14 17:50:40', '2019-09-14 17:50:40', NULL, 'Tommy Hilfiger th1514,09q/22', NULL, NULL, NULL, NULL, NULL, NULL, NULL, '236f890d48ea7b81d5d5c63a7e259677.jpg', 0, '2019-09-14', 0, 'kg', 0, 0, 0, 'cm', 1, 0, 0, 0, 'glasses', b'1'),
(124, '2019-09-15 10:59:14', '2019-09-15 10:59:14', NULL, 'test', NULL, NULL, NULL, NULL, NULL, NULL, NULL, 'e98df6f5652ace464a412b3788133d0d.jpg', 1, '2019-09-15', 0, 'kg', 0, 0, 0, 'cm', 1, 0, 0, 0, 'lenses', b'1'),
(127, '2019-09-15 16:56:04', '2019-09-15 16:56:04', NULL, 'lens me', NULL, NULL, NULL, NULL, NULL, NULL, NULL, 'cf022ee1b933d15986b086daf1c80db9.jpg', 0, '2019-09-15', 0, 'kg', 0, 0, 0, 'cm', 1, 0, 0, 0, 'lenses', b'1'),
(128, '2019-09-15 16:56:50', '2019-09-15 16:56:50', NULL, 'lens me', NULL, NULL, NULL, NULL, NULL, NULL, NULL, 'cdf4445c3fcaf71976c2e5b9e03e2f80.jpg', 0, '2019-09-15', 0, 'kg', 0, 0, 0, 'cm', 1, 0, 0, 0, 'lenses', b'1'),
(129, '2019-09-15 16:58:29', '2019-09-15 16:58:29', NULL, 'test3', NULL, NULL, NULL, NULL, NULL, NULL, NULL, '94044701a3cde7e53b7145339e4b2616.png', 0, '2019-09-15', 0, 'kg', 0, 0, 0, 'cm', 1, 0, 0, 0, 'lenses', b'1'),
(131, '2019-09-16 07:40:57', '2019-09-16 07:40:57', NULL, 'Amara Lenses', NULL, NULL, NULL, NULL, NULL, NULL, NULL, 'dc97f0ed5d740f26b82d61b8493ddb91.jpg', 0, '2019-09-16', 0, 'kg', 0, 0, 0, 'cm', 1, 0, 0, 0, 'lenses', b'1'),
(132, '2019-09-16 07:43:07', '2019-09-16 07:43:07', NULL, 'Amara Lenses', NULL, NULL, NULL, NULL, NULL, NULL, NULL, '94ddefcace0f2532d2d174bbef97c51a.jpg', 0, '2019-09-16', 0, 'kg', 0, 0, 0, 'cm', 1, 0, 0, 0, 'lenses', b'1'),
(135, '2019-09-16 08:07:32', '2019-09-16 08:07:32', NULL, 'Amara Lenses', NULL, NULL, NULL, NULL, NULL, NULL, NULL, '007eebeeda42143a7786d9f96b56ca21.jpg', 0, '2019-09-16', 0, 'kg', 0, 0, 0, 'cm', 1, 0, 0, 0, 'lenses', b'1'),
(138, '2019-09-16 08:36:55', '2019-10-28 06:14:42', NULL, 'DAY ACUVUE  MOIST -30', NULL, NULL, NULL, NULL, NULL, NULL, NULL, '0f8199caebac8cfa79ed67cf9dae9254.jpg', 0, '2019-09-16', 0, 'kg', 0, 0, 0, 'cm', 1, 0, 73, 0, 'lenses', b'1'),
(140, '2019-09-16 16:48:02', '2019-10-28 03:59:30', NULL, 'ACUVUE OASYS  with HYDRACLEAR  PLUS', NULL, NULL, NULL, NULL, NULL, NULL, NULL, 'cb69f1a38fb3994bdf0579a75cba87a6.jpg', 0, '2019-09-16', 0, 'kg', 0, 0, 0, 'cm', 1, 0, 59, 0, 'lenses', b'1'),
(141, '2019-09-16 17:14:26', '2019-10-28 23:44:00', NULL, 'ACUVUE OASYS  1-Day with HydraLuxe Technology', NULL, NULL, NULL, NULL, NULL, NULL, NULL, 'c0259b40464546d634bce61ef5dcd50c.jpg', 0, '2019-09-16', 0, 'kg', 0, 0, 0, 'cm', 1, 0, 17, 0, 'lenses', b'1'),
(142, '2019-09-16 17:27:38', '2019-10-27 04:47:56', NULL, 'AIR OPTIX  plus HydraGlyde-6', NULL, NULL, NULL, NULL, NULL, NULL, NULL, '99ce33fbabf0d620029978b2300da50d.jpg', 0, '2019-09-16', 0, 'kg', 0, 0, 0, 'cm', 1, 0, 52, 0, 'lenses', b'1'),
(144, '2019-09-16 17:53:57', '2019-10-27 04:51:33', NULL, 'DAILIES TOTAL1® CONTACT LENSES', NULL, NULL, NULL, NULL, NULL, NULL, NULL, '914fe846bb6993e87f686eee21831e85.jpg', 0, '2019-09-16', 0, 'kg', 0, 0, 0, 'cm', 1, 0, 26, 0, 'lenses', b'1'),
(145, '2019-09-16 18:14:54', '2019-10-28 04:00:10', NULL, 'DAILIES AquaComfort Plus', NULL, NULL, NULL, NULL, NULL, NULL, NULL, '6005764ad622cbaf0c2bc83285aafa0c.jpg', 0, '2019-09-16', 0, 'kg', 0, 0, 0, 'cm', 1, 0, 81, 0, 'lenses', b'1'),
(146, '2019-09-16 18:50:10', '2019-10-11 03:52:47', NULL, 'ACUVUE OASYS  for ASTIGMATISM', NULL, NULL, NULL, NULL, NULL, NULL, NULL, '7a06983b4517b5e5c760c917f840cce4.jpg', 0, '2019-09-16', 0, 'kg', 0, 0, 0, 'cm', 1, 0, 16, 0, 'lenses', b'1'),
(147, '2019-09-16 19:05:57', '2019-10-11 03:52:52', NULL, 'AIR OPTIX  for Astigmatism', NULL, NULL, NULL, NULL, NULL, NULL, NULL, '80f00274131379e8bca5de54d7500d79.jpg', 0, '2019-09-16', 0, 'kg', 0, 0, 0, 'cm', 1, 0, 24, 0, 'lenses', b'1'),
(148, '2019-09-16 19:22:57', '2019-10-11 03:52:57', NULL, 'DAILIES® AquaComfort Plus® Toric', NULL, NULL, NULL, NULL, NULL, NULL, NULL, '3de096349304ff272db47d014606fef3.jpg', 0, '2019-09-16', 0, 'kg', 0, 0, 0, 'cm', 1, 0, 12, 0, 'lenses', b'1'),
(149, '2019-09-16 20:03:25', '2019-10-11 03:53:02', NULL, 'Day Acuvue Define Natural Shine', NULL, NULL, NULL, NULL, NULL, NULL, NULL, '0b469c7dc462f35e81c5fbe4afc00ee3.jpg', 0, '2019-09-16', 0, 'kg', 0, 0, 0, 'cm', 1, 0, 8, 0, 'lenses', b'1'),
(150, '2019-09-16 20:16:38', '2019-10-11 03:53:07', NULL, '1Day Acuvue Define Vivid Style', NULL, NULL, NULL, NULL, NULL, NULL, NULL, 'd22d9fa4eface993e241656361937c5d.jpg', 0, '2019-09-16', 0, 'kg', 0, 0, 0, 'cm', 1, 0, 8, 0, 'lenses', b'1'),
(151, '2019-09-16 20:31:11', '2019-10-14 08:30:43', NULL, 'Day Acuvue Define Radiant Bright', NULL, NULL, NULL, NULL, NULL, NULL, NULL, 'b5a902149b63122b57a07de1fae6cf42.jpg', 0, '2019-09-16', 0, 'kg', 0, 0, 0, 'cm', 1, 0, 15, 0, 'lenses', b'1'),
(152, '2019-09-17 05:43:29', '2019-10-11 03:53:17', NULL, 'Acuvue 2', NULL, NULL, NULL, NULL, NULL, NULL, NULL, '0d2424135a220e5be9b5f90e1e93f4ca.jpg', 0, '2019-09-17', 0, 'kg', 0, 0, 0, 'cm', 1, 0, 19, 0, 'lenses', b'1'),
(153, '2019-09-17 08:44:49', '2019-10-28 06:15:06', NULL, 'Solotica Hidrocor', NULL, NULL, NULL, NULL, NULL, NULL, NULL, '6467198fc8cbb6df540c64c40675ba3b.png', 0, '2019-09-17', 0, 'kg', 0, 0, 0, 'cm', 1, 0, 140, 0, 'lenses', b'1'),
(154, '2019-09-17 09:08:57', '2019-10-28 06:02:46', NULL, 'Solotica - Hidrocor Rio', NULL, NULL, NULL, NULL, NULL, NULL, NULL, 'e77be2f5ecbcd5aa4b215bbee31494d9.png', 0, '2019-09-17', 0, 'kg', 0, 0, 0, 'cm', 1, 0, 71, 0, 'lenses', b'1'),
(155, '2019-09-17 09:37:24', '2019-10-28 02:56:18', NULL, 'Solotica Natural Colors', NULL, NULL, NULL, NULL, NULL, NULL, NULL, 'f239d24d1e11e0bf223c109a68542747.jpg', 0, '2019-09-17', 0, 'kg', 0, 0, 0, 'cm', 1, 0, 58, 0, 'lenses', b'1'),
(156, '2019-09-17 10:03:07', '2019-10-27 23:42:46', NULL, 'Anesthesia USA', NULL, NULL, NULL, NULL, NULL, NULL, NULL, 'f1c863fa6be6d0b498049ee10ecd0812.jpg', 0, '2019-09-17', 0, 'kg', 0, 0, 0, 'cm', 1, 0, 83, 0, 'lenses', b'1'),
(157, '2019-09-17 17:36:26', '2019-10-28 04:14:11', NULL, 'Anesthesia - Dream', NULL, NULL, NULL, NULL, NULL, NULL, NULL, 'c830356f657786daddc17e39dec4875f.jpeg', 0, '2019-09-17', 0, 'kg', 0, 0, 0, 'cm', 1, 0, 45, 0, 'lenses', b'1'),
(160, '2019-09-18 04:41:17', '2019-10-27 06:17:30', NULL, 'Anesthesia ADDICT', NULL, NULL, NULL, NULL, NULL, NULL, NULL, '41d383be42294219e81b982ceb7db854.jpg', 0, '2019-09-18', 0, 'kg', 0, 0, 0, 'cm', 1, 0, 67, 0, 'lenses', b'1'),
(161, '2019-09-18 05:03:48', '2019-10-02 17:30:22', NULL, 'Anesthesia - Anesthatic', NULL, NULL, NULL, NULL, NULL, NULL, NULL, '12f164955ab1355cbd25e2cf3dc4711c.jpeg', 0, '2019-09-18', 0, 'kg', 0, 0, 0, 'cm', 1, 0, 50, 0, 'lenses', b'1'),
(162, '2019-09-18 06:05:07', '2019-10-02 17:30:24', NULL, 'Beauteous - Exotic', NULL, NULL, NULL, NULL, NULL, NULL, NULL, 'a47030ca17502f1e0551cc69450f9581.jpg', 0, '2019-09-18', 0, 'kg', 0, 0, 0, 'cm', 1, 0, 42, 0, 'lenses', b'1'),
(163, '2019-09-18 06:29:56', '2019-10-02 17:30:27', NULL, 'Beauteous – Hypnotic', NULL, NULL, NULL, NULL, NULL, NULL, NULL, 'a61d09b05df65c470f510207f07dda25.jpg', 0, '2019-09-18', 0, 'kg', 0, 0, 0, 'cm', 1, 0, 47, 0, 'lenses', b'1'),
(164, '2019-09-18 06:51:23', '2019-10-11 02:59:31', NULL, 'DIVA LENSEA', NULL, NULL, NULL, NULL, NULL, NULL, NULL, 'c0d1ce35576fcbd59c171277cb183287.jpeg', 0, '2019-09-18', 0, 'kg', 0, 0, 0, 'cm', 1, 0, 56, 0, 'lenses', b'1'),
(165, '2019-09-18 08:15:52', '2019-10-11 02:59:36', NULL, 'Lensme', NULL, NULL, NULL, NULL, NULL, NULL, NULL, '666d070c706a230d2bad340fd0cfbd93.jpg', 0, '2019-09-18', 0, 'kg', 0, 0, 0, 'cm', 1, 0, 178, 0, 'lenses', b'1'),
(166, '2019-09-18 08:53:32', '2019-10-14 04:43:24', NULL, 'Tri-Kolor', NULL, NULL, NULL, NULL, NULL, NULL, NULL, '1710e0e97a1dcf4dbcbac2435f589279.jpeg', 0, '2019-09-18', 0, 'kg', 0, 0, 0, 'cm', 1, 0, 137, 0, 'lenses', b'1'),
(167, '2019-09-18 09:17:30', '2019-10-14 04:43:27', NULL, 'Bella Diamonds', NULL, NULL, NULL, NULL, NULL, NULL, NULL, '35bda4c4c9b0ad015ac595bad1131e1d.jpg', 0, '2019-09-18', 0, 'kg', 0, 0, 0, 'cm', 1, 0, 112, 0, 'lenses', b'1'),
(169, '2019-09-18 09:50:59', '2019-10-14 04:43:30', NULL, 'Bella Glow', NULL, NULL, NULL, NULL, NULL, NULL, NULL, '934828475d1f31179acaf49182e5c612.jpg', 0, '2019-09-18', 0, 'kg', 0, 0, 0, 'cm', 1, 0, 124, 0, 'lenses', b'1'),
(170, '2019-09-18 10:03:46', '2019-10-14 04:43:33', NULL, 'Bella Elite', NULL, NULL, NULL, NULL, NULL, NULL, NULL, 'aa8fe91674c190379355b99243db6296.jpg', 0, '2019-09-18', 0, 'kg', 0, 0, 0, 'cm', 1, 0, 160, 0, 'lenses', b'1'),
(171, '2019-09-18 18:19:19', '2019-10-14 04:43:36', NULL, 'Bella Natural', NULL, NULL, NULL, NULL, NULL, NULL, NULL, '02034b87a303c6b54a966418a43760c0.jpg', 0, '2019-09-18', 0, 'kg', 0, 0, 0, 'cm', 1, 0, 81, 0, 'lenses', b'1'),
(172, '2019-09-18 18:43:10', '2019-10-13 13:42:01', NULL, 'Bella Contour', NULL, NULL, NULL, NULL, NULL, NULL, NULL, '53f167e533414bdd8f0942e064fd1f89.jpg', 0, '2019-09-18', 0, 'kg', 0, 0, 0, 'cm', 1, 0, 67, 0, 'lenses', b'1'),
(173, '2019-09-18 19:12:18', '2019-10-02 17:30:34', NULL, 'Freshlook Mystic', NULL, NULL, NULL, NULL, NULL, NULL, NULL, 'fd19b4d63c02ec1e99d69a4506809885.jpg', 0, '2019-09-18', 0, 'kg', 0, 0, 0, 'cm', 1, 0, 26, 0, 'lenses', b'1'),
(174, '2019-09-19 06:48:50', '2019-10-28 02:47:56', NULL, 'FreshLook Colorblends', NULL, NULL, NULL, NULL, NULL, NULL, NULL, '7604da56f5258a49de140feee21f2c66.jpg', 0, '2019-09-19', 0, 'kg', 0, 0, 0, 'cm', 1, 0, 124, 0, 'lenses', b'1'),
(176, '2019-09-20 09:12:11', '2019-10-28 06:08:52', NULL, 'FreshLook Colors', NULL, NULL, NULL, NULL, NULL, NULL, NULL, '2f3e51ae213bf12e6055561d2115cf74.jpg', 0, '2019-09-20', 0, 'kg', 0, 0, 0, 'cm', 1, 0, 116, 0, 'lenses', b'1'),
(177, '2019-09-20 09:33:14', '2019-10-28 00:24:24', NULL, 'FreshLook One-Day Colorblends', NULL, NULL, NULL, NULL, NULL, NULL, NULL, '6c68dfa3386669820ea09f2767854598.jpg', 0, '2019-09-20', 0, 'kg', 0, 0, 0, 'cm', 1, 0, 49, 0, 'lenses', b'1'),
(181, '2019-09-21 13:40:09', '2019-10-09 17:35:23', NULL, 'ADEIDAS ZONYK AERO AD06', NULL, NULL, NULL, NULL, NULL, NULL, NULL, 'b60310fe7b5a0f4c634a370b91c4c457.jpg', 0, '2019-09-21', 0, 'kg', 0, 0, 0, 'cm', 1, 0, 18, 0, 'glasses', b'1'),
(182, '2019-09-22 04:53:24', '2019-10-09 17:40:03', NULL, 'CARRERA 207/SGold/brown', NULL, NULL, NULL, NULL, NULL, NULL, NULL, 'e5ce88ce5c063cf26126dc47125964ee.jpg', 0, '2019-09-22', 0, 'kg', 0, 0, 0, 'cm', 1, 0, 17, 0, 'sunglass', b'1'),
(183, '2019-09-22 05:27:19', '2019-10-09 17:40:31', NULL, 'CARRERA 209/SGold/', NULL, NULL, NULL, NULL, NULL, NULL, NULL, 'cb286e39a3dc63d710ea06273359e21e.jpg', 0, '2019-09-22', 0, 'kg', 0, 0, 0, 'cm', 1, 0, 16, 0, 'glasses', b'1'),
(184, '2019-09-22 05:38:24', '2019-10-09 17:38:37', NULL, 'CARRERA 1001/SMatte Black Red/grey', NULL, NULL, NULL, NULL, NULL, NULL, NULL, '6bc5bebac1ab2ba05e4e868d30dc68b3.jpg', 0, '2019-09-22', 0, 'kg', 0, 0, 0, 'cm', 1, 0, 16, 0, 'sunglass', b'1'),
(185, '2019-09-22 05:46:44', '2019-10-09 17:36:21', NULL, 'GucciGG0587SBlack/grey', NULL, NULL, NULL, NULL, NULL, NULL, NULL, '324c5a3a6bcbaa28d80a961d0acde1f9.jpg', 0, '2019-09-22', 0, 'kg', 0, 0, 0, 'cm', 1, 0, 15, 0, 'sunglass', b'1'),
(186, '2019-09-22 05:58:25', '2019-10-09 17:40:56', NULL, 'LacosteL683SDark Blue', NULL, NULL, NULL, NULL, NULL, NULL, NULL, '1f14cc0f6dea05a8210873e1445723a4.jpg', 0, '2019-09-22', 0, 'kg', 0, 0, 0, 'cm', 1, 0, 16, 0, 'sunglass', b'1'),
(187, '2019-09-22 06:22:54', '2019-10-09 17:38:57', NULL, 'Ray-BanBLAZE HEXAGONAL RB 3579N', NULL, NULL, NULL, NULL, NULL, NULL, NULL, '964d02c48cacef07a9487f07708002eb.jpg', 8, '2019-09-22', 0, 'kg', 0, 0, 0, 'cm', 1, 0, 13, 0, 'sunglass', b'1'),
(188, '2019-09-22 06:32:55', '2019-10-13 13:41:52', NULL, 'Tommy HilfigerTH 1585/SPale', NULL, NULL, NULL, NULL, NULL, NULL, NULL, 'c1413824e853e150997ace5ea179e23b.jpg', 10, '2019-09-22', 0, 'kg', 0, 0, 0, 'cm', 1, 0, 19, 0, 'sunglass', b'1'),
(189, '2019-09-22 06:38:20', '2019-10-13 13:41:53', NULL, 'CartierCT0142SDark Havana/brown', NULL, NULL, NULL, NULL, NULL, NULL, NULL, '3ff49625d137bdf572d58124b55dd785.jpg', 0, '2019-09-22', 0, 'kg', 0, 0, 0, 'cm', 1, 0, 19, 0, 'sunglass', b'1'),
(190, '2019-09-22 06:52:52', '2019-10-13 13:41:51', NULL, 'Dior SO STELLAIRE 2Dark Havana/blue', NULL, NULL, NULL, NULL, NULL, NULL, NULL, '93bf57d01babca12122793b86620afab.jpg', 0, '2019-09-22', 0, 'kg', 0, 0, 0, 'cm', 1, 0, 21, 0, 'sunglass', b'1'),
(191, '2019-09-22 07:02:32', '2019-10-13 13:41:49', NULL, 'FendiF IS FENDI FF 0306/SHavana/grey', NULL, NULL, NULL, NULL, NULL, NULL, NULL, '1b29f0b15878ca45a35a0f00c4f62f21.jpg', 0, '2019-09-22', 0, 'kg', 0, 0, 0, 'cm', 1, 0, 19, 0, 'sunglass', b'1'),
(192, '2019-09-22 07:09:19', '2019-10-13 13:41:55', NULL, 'Gucci GG0522SWhite/green', NULL, NULL, NULL, NULL, NULL, NULL, NULL, '518b0b834c2e7885c40d7bde6a89e386.jpg', 0, '2019-09-22', 0, 'kg', 0, 0, 0, 'cm', 1, 0, 19, 0, 'sunglass', b'1'),
(193, '2019-09-22 07:16:50', '2019-10-13 13:41:48', NULL, 'Tom FordJENNIFER FT 0008', NULL, NULL, NULL, NULL, NULL, NULL, NULL, 'bd06bbb71ce8b5c7a94aa060350c6758.jpg', 0, '2019-09-22', 0, 'kg', 0, 0, 0, 'cm', 1, 0, 26, 0, 'sunglass', b'1'),
(194, '2019-09-22 07:23:51', '2019-09-22 07:23:51', NULL, 'Carrera CARRERINO 10 JUNIOR', NULL, NULL, NULL, NULL, NULL, NULL, NULL, '19407e955ad50d7e64217a07209fdd24.jpg', 0, '2019-09-22', 0, 'kg', 0, 0, 0, 'cm', 1, 0, 0, 0, 'sunglass', b'1'),
(195, '2019-09-22 07:24:24', '2019-10-11 02:42:55', NULL, 'Carrera CARRERINO 10 JUNIOR', NULL, NULL, NULL, NULL, NULL, NULL, NULL, 'a95663f1fc68c750dea858273fc1f732.jpg', 0, '2019-09-22', 0, 'kg', 0, 0, 0, 'cm', 1, 0, 17, 0, 'sunglass', b'1'),
(196, '2019-09-22 07:34:19', '2019-10-13 13:41:51', NULL, 'LacosteL3617S JUNIOR White/grey', NULL, NULL, NULL, NULL, NULL, NULL, NULL, '9d04d1e6ba5d146b8d4fe55bd157953a.jpg', 4, '2019-09-22', 0, 'kg', 0, 0, 0, 'cm', 1, 0, 24, 0, 'sunglass', b'1'),
(197, '2019-09-22 07:42:27', '2019-10-13 13:41:54', NULL, 'Ray-Ban JuniorJUNIOR RB 9068S', NULL, NULL, NULL, NULL, NULL, NULL, NULL, '5c497c299fc1b44ee728f9ef93f1b7eb.jpg', 8, '2019-09-22', 0, 'kg', 0, 0, 0, 'cm', 1, 0, 23, 0, 'sunglass', b'1'),
(198, '2019-09-22 08:19:21', '2019-10-28 06:22:53', NULL, 'GucciGG0578OKBlack Gold', NULL, NULL, NULL, NULL, NULL, NULL, NULL, '722ff49ce4ab661faf88c34ef8bd3d7a.jpg', 0, '2019-09-22', 0, 'kg', 0, 0, 0, 'cm', 1, 0, 106, 0, 'glasses', b'1'),
(199, '2019-09-22 08:29:08', '2019-10-28 06:15:18', NULL, 'Tom FordFT 5608-B BLUE BLOCK', NULL, NULL, NULL, NULL, NULL, NULL, NULL, '6ba5a44cce01d2e942db8ff5b6448f66.jpg', 0, '2019-09-22', 0, 'kg', 0, 0, 0, 'cm', 1, 0, 64, 0, 'glasses', b'1'),
(200, '2019-09-22 08:35:57', '2019-10-28 02:49:56', NULL, 'DIOR CD 3FBlack', NULL, NULL, NULL, NULL, NULL, NULL, NULL, 'de5a687eb2a74ff868fc946c78828678.jpg', 0, '2019-09-22', 0, 'kg', 0, 0, 0, 'cm', 1, 0, 20, 0, 'glasses', b'1'),
(201, '2019-09-22 08:44:13', '2019-10-27 04:48:49', NULL, 'FendiTROPICAL SHINE FF 0334', NULL, NULL, NULL, NULL, NULL, NULL, NULL, 'f9bd386fc8d8b4e559d7021a6109e66a.jpg', 0, '2019-09-22', 0, 'kg', 0, 0, 0, 'cm', 1, 0, 28, 0, 'glasses', b'1'),
(202, '2019-09-22 08:51:17', '2019-10-28 02:50:04', NULL, 'LacosteL3620 JUNIORMatte Pink', NULL, NULL, NULL, NULL, NULL, NULL, NULL, 'b7f889a5f5db006dffe7ba14eb20a6db.jpg', 4, '2019-09-22', 0, 'kg', 0, 0, 0, 'cm', 1, 0, 44, 0, 'glasses', b'1'),
(203, '2019-09-22 08:56:37', '2019-10-27 04:04:14', NULL, 'PumaPJ0019O JUNIORBlue', NULL, NULL, NULL, NULL, NULL, NULL, NULL, 'e71a14946d451f95348aeaa721585cde.jpg', 11, '2019-09-22', 0, 'kg', 0, 0, 0, 'cm', 1, 0, 30, 0, 'glasses', b'1'),
(204, '2019-10-17 02:59:22', '2019-10-17 02:59:22', NULL, '124', NULL, NULL, NULL, NULL, NULL, NULL, NULL, '0c47df40e309abeb831f3847086559de.png', 0, '2019-10-24', 0, 'kg', 0, 0, 0, 'cm', 1, 0, 0, 0, 'sunglass', b'1'),
(205, '2019-10-17 02:59:50', '2019-10-17 02:59:50', NULL, '124', NULL, NULL, NULL, NULL, NULL, NULL, NULL, '5026d1b6a4aa5f5f19e60932a7310ed0.png', 0, '2019-10-24', 0, 'kg', 0, 0, 0, 'cm', 1, 0, 0, 0, 'sunglass', b'1'),
(206, '2019-10-17 03:00:35', '2019-10-17 03:00:35', NULL, '124', NULL, NULL, NULL, NULL, NULL, NULL, NULL, '499592266dd8e355ef7b5747b9409733.png', 0, '2019-10-24', 0, 'kg', 0, 0, 0, 'cm', 1, 0, 0, 0, 'sunglass', b'1'),
(207, '2019-10-17 03:00:55', '2019-10-17 03:00:55', NULL, '124', NULL, NULL, NULL, NULL, NULL, NULL, NULL, '5f213288ca920231f2ddd8dd592341ef.png', 0, '2019-10-24', 0, 'kg', 0, 0, 0, 'cm', 1, 0, 0, 0, 'sunglass', b'1'),
(208, '2019-10-17 03:02:20', '2019-10-17 03:02:20', NULL, '124', NULL, NULL, NULL, NULL, NULL, NULL, NULL, '315403aea398104e52d99a758560c623.png', 0, '2019-10-24', 0, 'kg', 0, 0, 0, 'cm', 1, 0, 0, 0, 'sunglass', b'1'),
(209, '2019-10-17 03:02:53', '2019-10-17 03:02:53', NULL, '124', NULL, NULL, NULL, NULL, NULL, NULL, NULL, '0268bd69961420866a24a89e2ad8f927.png', 0, '2019-10-24', 0, 'kg', 0, 0, 0, 'cm', 1, 0, 0, 0, 'sunglass', b'1'),
(210, '2019-10-17 23:21:18', '2019-10-17 23:21:18', NULL, 'dqqweqweqweqw', 'sadasd', 'sadasd', 'sad', 'asd', '45787857', NULL, NULL, 'd7071b44a8509968b40e7a7937413832.png', 4, '2019-10-17', 45, 'kg', 5, 54, 45, 'mm', 1, 0, 0, 0, 'sunglass', b'1'),
(211, '2019-10-17 23:22:03', '2019-10-17 23:22:03', NULL, 'dqqweqweqweqw', 'sadasd', 'sadasd', 'sad', 'asd', '45787857', NULL, NULL, '5824eab457b2da53d388fb30dc2f42e7.png', 4, '2019-10-17', 45, 'kg', 5, 54, 45, 'mm', 1, 0, 0, 0, 'sunglass', b'1'),
(212, '2019-10-18 03:37:11', '2019-10-18 03:37:11', NULL, 'model1', 'اااااااااااااااااااا', 'ااااااااااااااااااااااااااا', 'اااااااااااااااااااااااااا', 'اااااااااااااااااااااااااااااااااااااا', 'ااااااااااااااااااااااااااا', 'اااااااااااااااا', 'اااااااااااااااااااااااااااااااااااااااا', '07a635f734383d381c58bfbfadb0efec.png', 1, '2019-10-17', 9, 'kg', 100, 3, 10, 'in', 1, 0, 0, 0, 'sunglass', b'1'),
(213, '2019-10-18 06:29:42', '2019-10-28 06:11:29', NULL, 'ewrsdwerwerwewerewr', '45544564', '5645645', '45645645', '4545645', '645645645645', '45645645', '64564554645', 'd673f1b26d16c18072b2131b0b270353.png', 1, '2019-10-17', 9, 'kg', 54, 45, 45, 'ft', 1, 0, 2, 0, 'glasses', b'1');

-- --------------------------------------------------------

--
-- Table structure for table `products_axis`
--

CREATE TABLE `products_axis` (
  `id` int(10) UNSIGNED NOT NULL,
  `product_id` int(10) UNSIGNED NOT NULL,
  `axis_id` int(10) UNSIGNED NOT NULL,
  `type` int(11) NOT NULL DEFAULT 0 COMMENT '0 == none & 1 == colored & 2 == transparent',
  `created_at` timestamp NULL DEFAULT NULL,
  `updated_at` timestamp NULL DEFAULT NULL
) ENGINE=InnoDB DEFAULT CHARSET=utf8;

--
-- Dumping data for table `products_axis`
--

INSERT INTO `products_axis` (`id`, `product_id`, `axis_id`, `type`, `created_at`, `updated_at`) VALUES
(61, 148, 1, 2, '2019-09-16 19:22:57', '2019-09-16 19:22:57'),
(62, 148, 2, 2, '2019-09-16 19:22:57', '2019-09-16 19:22:57'),
(63, 148, 7, 2, '2019-09-16 19:22:57', '2019-09-16 19:22:57'),
(64, 148, 8, 2, '2019-09-16 19:22:57', '2019-09-16 19:22:57'),
(65, 148, 9, 2, '2019-09-16 19:22:57', '2019-09-16 19:22:57'),
(66, 148, 10, 2, '2019-09-16 19:22:57', '2019-09-16 19:22:57'),
(67, 148, 11, 2, '2019-09-16 19:22:57', '2019-09-16 19:22:57'),
(68, 148, 16, 2, '2019-09-16 19:22:57', '2019-09-16 19:22:57'),
(69, 148, 17, 2, '2019-09-16 19:22:57', '2019-09-16 19:22:57'),
(70, 148, 18, 2, '2019-09-16 19:22:57', '2019-09-16 19:22:57'),
(71, 139, 1, 2, '2019-09-16 19:30:26', '2019-09-16 19:30:26'),
(72, 139, 2, 2, '2019-09-16 19:30:26', '2019-09-16 19:30:26'),
(73, 139, 6, 2, '2019-09-16 19:30:26', '2019-09-16 19:30:26'),
(74, 139, 7, 2, '2019-09-16 19:30:26', '2019-09-16 19:30:26'),
(75, 139, 8, 2, '2019-09-16 19:30:26', '2019-09-16 19:30:26'),
(76, 139, 9, 2, '2019-09-16 19:30:26', '2019-09-16 19:30:26'),
(77, 139, 10, 2, '2019-09-16 19:30:26', '2019-09-16 19:30:26'),
(78, 139, 11, 2, '2019-09-16 19:30:26', '2019-09-16 19:30:26'),
(79, 139, 12, 2, '2019-09-16 19:30:26', '2019-09-16 19:30:26'),
(80, 139, 16, 2, '2019-09-16 19:30:26', '2019-09-16 19:30:26'),
(81, 139, 17, 2, '2019-09-16 19:30:26', '2019-09-16 19:30:26'),
(82, 139, 18, 2, '2019-09-16 19:30:26', '2019-09-16 19:30:26'),
(83, 147, 1, 2, '2019-09-17 06:12:12', '2019-09-17 06:12:12'),
(84, 147, 2, 2, '2019-09-17 06:12:12', '2019-09-17 06:12:12'),
(85, 147, 3, 2, '2019-09-17 06:12:12', '2019-09-17 06:12:12'),
(86, 147, 4, 2, '2019-09-17 06:12:12', '2019-09-17 06:12:12'),
(87, 147, 5, 2, '2019-09-17 06:12:12', '2019-09-17 06:12:12'),
(88, 147, 6, 2, '2019-09-17 06:12:12', '2019-09-17 06:12:12'),
(89, 147, 7, 2, '2019-09-17 06:12:12', '2019-09-17 06:12:12'),
(90, 147, 8, 2, '2019-09-17 06:12:12', '2019-09-17 06:12:12'),
(91, 147, 9, 2, '2019-09-17 06:12:12', '2019-09-17 06:12:12'),
(92, 147, 10, 2, '2019-09-17 06:12:12', '2019-09-17 06:12:12'),
(93, 147, 11, 2, '2019-09-17 06:12:12', '2019-09-17 06:12:12'),
(94, 147, 12, 2, '2019-09-17 06:12:12', '2019-09-17 06:12:12'),
(95, 147, 13, 2, '2019-09-17 06:12:12', '2019-09-17 06:12:12'),
(96, 147, 14, 2, '2019-09-17 06:12:12', '2019-09-17 06:12:12'),
(97, 147, 15, 2, '2019-09-17 06:12:12', '2019-09-17 06:12:12'),
(98, 147, 16, 2, '2019-09-17 06:12:12', '2019-09-17 06:12:12'),
(99, 147, 17, 2, '2019-09-17 06:12:12', '2019-09-17 06:12:12'),
(100, 147, 18, 2, '2019-09-17 06:12:12', '2019-09-17 06:12:12'),
(101, 146, 1, 2, '2019-09-17 06:54:27', '2019-09-17 06:54:27'),
(102, 146, 2, 2, '2019-09-17 06:54:27', '2019-09-17 06:54:27'),
(103, 146, 3, 2, '2019-09-17 06:54:27', '2019-09-17 06:54:27'),
(104, 146, 4, 2, '2019-09-17 06:54:27', '2019-09-17 06:54:27'),
(105, 146, 5, 2, '2019-09-17 06:54:27', '2019-09-17 06:54:27'),
(106, 146, 6, 2, '2019-09-17 06:54:27', '2019-09-17 06:54:27'),
(107, 146, 7, 2, '2019-09-17 06:54:27', '2019-09-17 06:54:27'),
(108, 146, 8, 2, '2019-09-17 06:54:27', '2019-09-17 06:54:27'),
(109, 146, 9, 2, '2019-09-17 06:54:27', '2019-09-17 06:54:27'),
(110, 146, 10, 2, '2019-09-17 06:54:27', '2019-09-17 06:54:27'),
(111, 146, 11, 2, '2019-09-17 06:54:27', '2019-09-17 06:54:27'),
(112, 146, 12, 2, '2019-09-17 06:54:27', '2019-09-17 06:54:27'),
(113, 146, 13, 2, '2019-09-17 06:54:27', '2019-09-17 06:54:27'),
(114, 146, 14, 2, '2019-09-17 06:54:27', '2019-09-17 06:54:27'),
(115, 146, 15, 2, '2019-09-17 06:54:27', '2019-09-17 06:54:27'),
(116, 146, 16, 2, '2019-09-17 06:54:27', '2019-09-17 06:54:27'),
(117, 146, 17, 2, '2019-09-17 06:54:27', '2019-09-17 06:54:27'),
(118, 146, 18, 2, '2019-09-17 06:54:27', '2019-09-17 06:54:27');

-- --------------------------------------------------------

--
-- Table structure for table `products_cylinder`
--

CREATE TABLE `products_cylinder` (
  `id` int(10) NOT NULL,
  `product_id` int(10) UNSIGNED NOT NULL,
  `cylinder_id` int(10) UNSIGNED NOT NULL,
  `type` int(11) NOT NULL DEFAULT 0 COMMENT '0 == none & 1 == colored & 2 == transparent',
  `created_at` timestamp NULL DEFAULT NULL,
  `updated_at` timestamp NULL DEFAULT NULL
) ENGINE=InnoDB DEFAULT CHARSET=utf8;

--
-- Dumping data for table `products_cylinder`
--

INSERT INTO `products_cylinder` (`id`, `product_id`, `cylinder_id`, `type`, `created_at`, `updated_at`) VALUES
(18, 148, 4, 2, '2019-09-16 19:22:57', '2019-09-16 19:22:57'),
(19, 148, 6, 2, '2019-09-16 19:22:57', '2019-09-16 19:22:57'),
(20, 148, 8, 2, '2019-09-16 19:22:57', '2019-09-16 19:22:57'),
(21, 139, 4, 2, '2019-09-16 19:30:26', '2019-09-16 19:30:26'),
(22, 139, 6, 2, '2019-09-16 19:30:26', '2019-09-16 19:30:26'),
(23, 139, 8, 2, '2019-09-16 19:30:26', '2019-09-16 19:30:26'),
(24, 139, 10, 2, '2019-09-16 19:30:26', '2019-09-16 19:30:26'),
(25, 147, 4, 2, '2019-09-17 06:12:12', '2019-09-17 06:12:12'),
(26, 147, 6, 2, '2019-09-17 06:12:12', '2019-09-17 06:12:12'),
(27, 147, 8, 2, '2019-09-17 06:12:12', '2019-09-17 06:12:12'),
(28, 147, 10, 2, '2019-09-17 06:12:12', '2019-09-17 06:12:12'),
(29, 146, 4, 2, '2019-09-17 06:54:27', '2019-09-17 06:54:27'),
(30, 146, 6, 2, '2019-09-17 06:54:27', '2019-09-17 06:54:27'),
(31, 146, 8, 2, '2019-09-17 06:54:27', '2019-09-17 06:54:27'),
(32, 146, 10, 2, '2019-09-17 06:54:27', '2019-09-17 06:54:27'),
(33, 146, 12, 2, '2019-09-17 06:54:27', '2019-09-17 06:54:27');

-- --------------------------------------------------------

--
-- Table structure for table `products_spheres`
--

CREATE TABLE `products_spheres` (
  `id` int(10) UNSIGNED NOT NULL,
  `product_id` int(10) UNSIGNED NOT NULL,
  `sphere_id` int(10) UNSIGNED NOT NULL,
  `type` int(11) NOT NULL DEFAULT 0 COMMENT '0 == none & 1 == colored & 2 == transparent',
  `created_at` timestamp NULL DEFAULT NULL,
  `updated_at` timestamp NULL DEFAULT NULL
) ENGINE=InnoDB DEFAULT CHARSET=utf8;

--
-- Dumping data for table `products_spheres`
--

INSERT INTO `products_spheres` (`id`, `product_id`, `sphere_id`, `type`, `created_at`, `updated_at`) VALUES
(245, 140, 4, 2, '2019-09-16 16:48:02', '2019-09-16 16:48:02'),
(246, 140, 5, 2, '2019-09-16 16:48:02', '2019-09-16 16:48:02'),
(247, 140, 6, 2, '2019-09-16 16:48:02', '2019-09-16 16:48:02'),
(248, 140, 7, 2, '2019-09-16 16:48:02', '2019-09-16 16:48:02'),
(249, 140, 8, 2, '2019-09-16 16:48:02', '2019-09-16 16:48:02'),
(250, 140, 9, 2, '2019-09-16 16:48:02', '2019-09-16 16:48:02'),
(251, 140, 10, 2, '2019-09-16 16:48:02', '2019-09-16 16:48:02'),
(252, 140, 11, 2, '2019-09-16 16:48:02', '2019-09-16 16:48:02'),
(253, 140, 12, 2, '2019-09-16 16:48:02', '2019-09-16 16:48:02'),
(254, 140, 13, 2, '2019-09-16 16:48:02', '2019-09-16 16:48:02'),
(255, 140, 14, 2, '2019-09-16 16:48:02', '2019-09-16 16:48:02'),
(256, 140, 15, 2, '2019-09-16 16:48:02', '2019-09-16 16:48:02'),
(257, 140, 16, 2, '2019-09-16 16:48:02', '2019-09-16 16:48:02'),
(258, 140, 17, 2, '2019-09-16 16:48:02', '2019-09-16 16:48:02'),
(259, 140, 18, 2, '2019-09-16 16:48:02', '2019-09-16 16:48:02'),
(260, 140, 19, 2, '2019-09-16 16:48:02', '2019-09-16 16:48:02'),
(261, 140, 20, 2, '2019-09-16 16:48:02', '2019-09-16 16:48:02'),
(262, 140, 21, 2, '2019-09-16 16:48:02', '2019-09-16 16:48:02'),
(263, 140, 22, 2, '2019-09-16 16:48:02', '2019-09-16 16:48:02'),
(264, 140, 23, 2, '2019-09-16 16:48:02', '2019-09-16 16:48:02'),
(265, 140, 24, 2, '2019-09-16 16:48:02', '2019-09-16 16:48:02'),
(266, 140, 25, 2, '2019-09-16 16:48:02', '2019-09-16 16:48:02'),
(267, 140, 26, 2, '2019-09-16 16:48:02', '2019-09-16 16:48:02'),
(268, 140, 27, 2, '2019-09-16 16:48:02', '2019-09-16 16:48:02'),
(269, 140, 28, 2, '2019-09-16 16:48:02', '2019-09-16 16:48:02'),
(270, 140, 30, 2, '2019-09-16 16:48:02', '2019-09-16 16:48:02'),
(271, 140, 32, 2, '2019-09-16 16:48:02', '2019-09-16 16:48:02'),
(272, 140, 34, 2, '2019-09-16 16:48:02', '2019-09-16 16:48:02'),
(273, 140, 36, 2, '2019-09-16 16:48:02', '2019-09-16 16:48:02'),
(274, 140, 38, 2, '2019-09-16 16:48:02', '2019-09-16 16:48:02'),
(275, 140, 40, 2, '2019-09-16 16:48:02', '2019-09-16 16:48:02'),
(276, 140, 41, 2, '2019-09-16 16:48:02', '2019-09-16 16:48:02'),
(277, 140, 42, 2, '2019-09-16 16:48:02', '2019-09-16 16:48:02'),
(278, 140, 43, 2, '2019-09-16 16:48:02', '2019-09-16 16:48:02'),
(279, 140, 44, 2, '2019-09-16 16:48:02', '2019-09-16 16:48:02'),
(280, 140, 45, 2, '2019-09-16 16:48:02', '2019-09-16 16:48:02'),
(281, 140, 46, 2, '2019-09-16 16:48:02', '2019-09-16 16:48:02'),
(282, 140, 51, 2, '2019-09-16 16:48:02', '2019-09-16 16:48:02'),
(283, 140, 52, 2, '2019-09-16 16:48:02', '2019-09-16 16:48:02'),
(284, 140, 53, 2, '2019-09-16 16:48:02', '2019-09-16 16:48:02'),
(285, 140, 54, 2, '2019-09-16 16:48:02', '2019-09-16 16:48:02'),
(286, 140, 55, 2, '2019-09-16 16:48:02', '2019-09-16 16:48:02'),
(287, 140, 56, 2, '2019-09-16 16:48:02', '2019-09-16 16:48:02'),
(288, 140, 57, 2, '2019-09-16 16:48:02', '2019-09-16 16:48:02'),
(289, 140, 58, 2, '2019-09-16 16:48:02', '2019-09-16 16:48:02'),
(290, 140, 59, 2, '2019-09-16 16:48:02', '2019-09-16 16:48:02'),
(291, 140, 60, 2, '2019-09-16 16:48:02', '2019-09-16 16:48:02'),
(292, 140, 61, 2, '2019-09-16 16:48:02', '2019-09-16 16:48:02'),
(293, 140, 62, 2, '2019-09-16 16:48:02', '2019-09-16 16:48:02'),
(294, 140, 63, 2, '2019-09-16 16:48:02', '2019-09-16 16:48:02'),
(295, 140, 64, 2, '2019-09-16 16:48:02', '2019-09-16 16:48:02'),
(296, 140, 65, 2, '2019-09-16 16:48:02', '2019-09-16 16:48:02'),
(297, 140, 66, 2, '2019-09-16 16:48:02', '2019-09-16 16:48:02'),
(298, 140, 67, 2, '2019-09-16 16:48:02', '2019-09-16 16:48:02'),
(299, 140, 68, 2, '2019-09-16 16:48:02', '2019-09-16 16:48:02'),
(300, 140, 69, 2, '2019-09-16 16:48:02', '2019-09-16 16:48:02'),
(301, 140, 70, 2, '2019-09-16 16:48:02', '2019-09-16 16:48:02'),
(302, 140, 71, 2, '2019-09-16 16:48:02', '2019-09-16 16:48:02'),
(303, 140, 72, 2, '2019-09-16 16:48:02', '2019-09-16 16:48:02'),
(304, 140, 73, 2, '2019-09-16 16:48:02', '2019-09-16 16:48:02'),
(305, 140, 74, 2, '2019-09-16 16:48:02', '2019-09-16 16:48:02'),
(306, 140, 75, 2, '2019-09-16 16:48:02', '2019-09-16 16:48:02'),
(307, 140, 76, 2, '2019-09-16 16:48:02', '2019-09-16 16:48:02'),
(308, 140, 77, 2, '2019-09-16 16:48:02', '2019-09-16 16:48:02'),
(309, 140, 78, 2, '2019-09-16 16:48:02', '2019-09-16 16:48:02'),
(370, 142, 5, 2, '2019-09-16 17:27:38', '2019-09-16 17:27:38'),
(371, 142, 6, 2, '2019-09-16 17:27:38', '2019-09-16 17:27:38'),
(372, 142, 7, 2, '2019-09-16 17:27:38', '2019-09-16 17:27:38'),
(373, 142, 8, 2, '2019-09-16 17:27:38', '2019-09-16 17:27:38'),
(374, 142, 9, 2, '2019-09-16 17:27:38', '2019-09-16 17:27:38'),
(375, 142, 10, 2, '2019-09-16 17:27:38', '2019-09-16 17:27:38'),
(376, 142, 11, 2, '2019-09-16 17:27:38', '2019-09-16 17:27:38'),
(377, 142, 12, 2, '2019-09-16 17:27:38', '2019-09-16 17:27:38'),
(378, 142, 13, 2, '2019-09-16 17:27:38', '2019-09-16 17:27:38'),
(379, 142, 14, 2, '2019-09-16 17:27:38', '2019-09-16 17:27:38'),
(380, 142, 15, 2, '2019-09-16 17:27:38', '2019-09-16 17:27:38'),
(381, 142, 16, 2, '2019-09-16 17:27:38', '2019-09-16 17:27:38'),
(382, 142, 17, 2, '2019-09-16 17:27:38', '2019-09-16 17:27:38'),
(383, 142, 18, 2, '2019-09-16 17:27:38', '2019-09-16 17:27:38'),
(384, 142, 19, 2, '2019-09-16 17:27:38', '2019-09-16 17:27:38'),
(385, 142, 20, 2, '2019-09-16 17:27:38', '2019-09-16 17:27:38'),
(386, 142, 21, 2, '2019-09-16 17:27:38', '2019-09-16 17:27:38'),
(387, 142, 22, 2, '2019-09-16 17:27:38', '2019-09-16 17:27:38'),
(388, 142, 23, 2, '2019-09-16 17:27:38', '2019-09-16 17:27:38'),
(389, 142, 24, 2, '2019-09-16 17:27:38', '2019-09-16 17:27:38'),
(390, 142, 25, 2, '2019-09-16 17:27:38', '2019-09-16 17:27:38'),
(391, 142, 26, 2, '2019-09-16 17:27:38', '2019-09-16 17:27:38'),
(392, 142, 27, 2, '2019-09-16 17:27:38', '2019-09-16 17:27:38'),
(393, 142, 28, 2, '2019-09-16 17:27:38', '2019-09-16 17:27:38'),
(394, 142, 29, 2, '2019-09-16 17:27:38', '2019-09-16 17:27:38'),
(395, 142, 30, 2, '2019-09-16 17:27:38', '2019-09-16 17:27:38'),
(396, 142, 31, 2, '2019-09-16 17:27:38', '2019-09-16 17:27:38'),
(397, 142, 32, 2, '2019-09-16 17:27:38', '2019-09-16 17:27:38'),
(398, 142, 33, 2, '2019-09-16 17:27:38', '2019-09-16 17:27:38'),
(399, 142, 34, 2, '2019-09-16 17:27:38', '2019-09-16 17:27:38'),
(400, 142, 35, 2, '2019-09-16 17:27:38', '2019-09-16 17:27:38'),
(401, 142, 36, 2, '2019-09-16 17:27:38', '2019-09-16 17:27:38'),
(402, 142, 38, 2, '2019-09-16 17:27:38', '2019-09-16 17:27:38'),
(403, 142, 40, 2, '2019-09-16 17:27:38', '2019-09-16 17:27:38'),
(404, 142, 41, 2, '2019-09-16 17:27:38', '2019-09-16 17:27:38'),
(405, 142, 42, 2, '2019-09-16 17:27:38', '2019-09-16 17:27:38'),
(689, 148, 4, 2, '2019-09-16 19:22:57', '2019-09-16 19:22:57'),
(690, 148, 5, 2, '2019-09-16 19:22:57', '2019-09-16 19:22:57'),
(691, 148, 6, 2, '2019-09-16 19:22:57', '2019-09-16 19:22:57'),
(692, 148, 7, 2, '2019-09-16 19:22:57', '2019-09-16 19:22:57'),
(693, 148, 8, 2, '2019-09-16 19:22:57', '2019-09-16 19:22:57'),
(694, 148, 9, 2, '2019-09-16 19:22:57', '2019-09-16 19:22:57'),
(695, 148, 10, 2, '2019-09-16 19:22:57', '2019-09-16 19:22:57'),
(696, 148, 11, 2, '2019-09-16 19:22:57', '2019-09-16 19:22:57'),
(697, 148, 12, 2, '2019-09-16 19:22:57', '2019-09-16 19:22:57'),
(698, 148, 13, 2, '2019-09-16 19:22:57', '2019-09-16 19:22:57'),
(699, 148, 14, 2, '2019-09-16 19:22:57', '2019-09-16 19:22:57'),
(700, 148, 15, 2, '2019-09-16 19:22:57', '2019-09-16 19:22:57'),
(701, 148, 16, 2, '2019-09-16 19:22:57', '2019-09-16 19:22:57'),
(702, 148, 17, 2, '2019-09-16 19:22:57', '2019-09-16 19:22:57'),
(703, 148, 18, 2, '2019-09-16 19:22:57', '2019-09-16 19:22:57'),
(704, 148, 19, 2, '2019-09-16 19:22:57', '2019-09-16 19:22:57'),
(705, 148, 20, 2, '2019-09-16 19:22:57', '2019-09-16 19:22:57'),
(706, 148, 21, 2, '2019-09-16 19:22:57', '2019-09-16 19:22:57'),
(707, 148, 22, 2, '2019-09-16 19:22:57', '2019-09-16 19:22:57'),
(708, 148, 23, 2, '2019-09-16 19:22:57', '2019-09-16 19:22:57'),
(709, 148, 24, 2, '2019-09-16 19:22:57', '2019-09-16 19:22:57'),
(710, 148, 25, 2, '2019-09-16 19:22:57', '2019-09-16 19:22:57'),
(711, 148, 26, 2, '2019-09-16 19:22:57', '2019-09-16 19:22:57'),
(712, 148, 27, 2, '2019-09-16 19:22:57', '2019-09-16 19:22:57'),
(713, 148, 28, 2, '2019-09-16 19:22:57', '2019-09-16 19:22:57'),
(714, 148, 30, 2, '2019-09-16 19:22:57', '2019-09-16 19:22:57'),
(715, 148, 32, 2, '2019-09-16 19:22:57', '2019-09-16 19:22:57'),
(716, 148, 34, 2, '2019-09-16 19:22:57', '2019-09-16 19:22:57'),
(717, 148, 36, 2, '2019-09-16 19:22:57', '2019-09-16 19:22:57'),
(718, 148, 51, 2, '2019-09-16 19:22:57', '2019-09-16 19:22:57'),
(719, 148, 52, 2, '2019-09-16 19:22:57', '2019-09-16 19:22:57'),
(720, 148, 53, 2, '2019-09-16 19:22:57', '2019-09-16 19:22:57'),
(721, 148, 54, 2, '2019-09-16 19:22:57', '2019-09-16 19:22:57'),
(722, 148, 55, 2, '2019-09-16 19:22:57', '2019-09-16 19:22:57'),
(723, 148, 56, 2, '2019-09-16 19:22:57', '2019-09-16 19:22:57'),
(724, 148, 57, 2, '2019-09-16 19:22:57', '2019-09-16 19:22:57'),
(725, 148, 58, 2, '2019-09-16 19:22:57', '2019-09-16 19:22:57'),
(726, 148, 59, 2, '2019-09-16 19:22:57', '2019-09-16 19:22:57'),
(727, 148, 60, 2, '2019-09-16 19:22:57', '2019-09-16 19:22:57'),
(728, 148, 61, 2, '2019-09-16 19:22:57', '2019-09-16 19:22:57'),
(729, 148, 62, 2, '2019-09-16 19:22:57', '2019-09-16 19:22:57'),
(730, 148, 63, 2, '2019-09-16 19:22:57', '2019-09-16 19:22:57'),
(731, 148, 64, 2, '2019-09-16 19:22:57', '2019-09-16 19:22:57'),
(732, 148, 65, 2, '2019-09-16 19:22:57', '2019-09-16 19:22:57'),
(733, 148, 66, 2, '2019-09-16 19:22:57', '2019-09-16 19:22:57'),
(734, 139, 4, 2, '2019-09-16 19:30:26', '2019-09-16 19:30:26'),
(735, 139, 5, 2, '2019-09-16 19:30:26', '2019-09-16 19:30:26'),
(736, 139, 6, 2, '2019-09-16 19:30:26', '2019-09-16 19:30:26'),
(737, 139, 7, 2, '2019-09-16 19:30:26', '2019-09-16 19:30:26'),
(738, 139, 8, 2, '2019-09-16 19:30:26', '2019-09-16 19:30:26'),
(739, 139, 9, 2, '2019-09-16 19:30:26', '2019-09-16 19:30:26'),
(740, 139, 10, 2, '2019-09-16 19:30:26', '2019-09-16 19:30:26'),
(741, 139, 11, 2, '2019-09-16 19:30:26', '2019-09-16 19:30:26'),
(742, 139, 12, 2, '2019-09-16 19:30:26', '2019-09-16 19:30:26'),
(743, 139, 13, 2, '2019-09-16 19:30:26', '2019-09-16 19:30:26'),
(744, 139, 14, 2, '2019-09-16 19:30:26', '2019-09-16 19:30:26'),
(745, 139, 15, 2, '2019-09-16 19:30:26', '2019-09-16 19:30:26'),
(746, 139, 16, 2, '2019-09-16 19:30:26', '2019-09-16 19:30:26'),
(747, 139, 17, 2, '2019-09-16 19:30:26', '2019-09-16 19:30:26'),
(748, 139, 18, 2, '2019-09-16 19:30:26', '2019-09-16 19:30:26'),
(749, 139, 19, 2, '2019-09-16 19:30:26', '2019-09-16 19:30:26'),
(750, 139, 20, 2, '2019-09-16 19:30:26', '2019-09-16 19:30:26'),
(751, 139, 21, 2, '2019-09-16 19:30:26', '2019-09-16 19:30:26'),
(752, 139, 22, 2, '2019-09-16 19:30:26', '2019-09-16 19:30:26'),
(753, 139, 23, 2, '2019-09-16 19:30:26', '2019-09-16 19:30:26'),
(754, 139, 24, 2, '2019-09-16 19:30:26', '2019-09-16 19:30:26'),
(755, 139, 25, 2, '2019-09-16 19:30:26', '2019-09-16 19:30:26'),
(756, 139, 26, 2, '2019-09-16 19:30:26', '2019-09-16 19:30:26'),
(757, 139, 27, 2, '2019-09-16 19:30:26', '2019-09-16 19:30:26'),
(758, 139, 28, 2, '2019-09-16 19:30:26', '2019-09-16 19:30:26'),
(759, 139, 30, 2, '2019-09-16 19:30:26', '2019-09-16 19:30:26'),
(760, 139, 32, 2, '2019-09-16 19:30:26', '2019-09-16 19:30:26'),
(761, 139, 34, 2, '2019-09-16 19:30:26', '2019-09-16 19:30:26'),
(762, 139, 36, 2, '2019-09-16 19:30:26', '2019-09-16 19:30:26'),
(763, 139, 38, 2, '2019-09-16 19:30:26', '2019-09-16 19:30:26'),
(764, 139, 40, 2, '2019-09-16 19:30:26', '2019-09-16 19:30:26'),
(765, 139, 51, 2, '2019-09-16 19:30:26', '2019-09-16 19:30:26'),
(766, 139, 52, 2, '2019-09-16 19:30:26', '2019-09-16 19:30:26'),
(767, 139, 53, 2, '2019-09-16 19:30:26', '2019-09-16 19:30:26'),
(768, 139, 54, 2, '2019-09-16 19:30:26', '2019-09-16 19:30:26'),
(769, 139, 55, 2, '2019-09-16 19:30:26', '2019-09-16 19:30:26'),
(770, 139, 56, 2, '2019-09-16 19:30:26', '2019-09-16 19:30:26'),
(771, 139, 57, 2, '2019-09-16 19:30:26', '2019-09-16 19:30:26'),
(772, 139, 58, 2, '2019-09-16 19:30:26', '2019-09-16 19:30:26'),
(773, 139, 59, 2, '2019-09-16 19:30:26', '2019-09-16 19:30:26'),
(774, 139, 60, 2, '2019-09-16 19:30:26', '2019-09-16 19:30:26'),
(775, 139, 61, 2, '2019-09-16 19:30:26', '2019-09-16 19:30:26'),
(776, 139, 62, 2, '2019-09-16 19:30:26', '2019-09-16 19:30:26'),
(777, 139, 63, 2, '2019-09-16 19:30:26', '2019-09-16 19:30:26'),
(778, 139, 64, 2, '2019-09-16 19:30:26', '2019-09-16 19:30:26'),
(779, 139, 65, 2, '2019-09-16 19:30:26', '2019-09-16 19:30:26'),
(780, 139, 66, 2, '2019-09-16 19:30:26', '2019-09-16 19:30:26'),
(811, 150, 5, 2, '2019-09-16 20:16:38', '2019-09-16 20:16:38'),
(812, 150, 6, 2, '2019-09-16 20:16:38', '2019-09-16 20:16:38'),
(813, 150, 7, 2, '2019-09-16 20:16:38', '2019-09-16 20:16:38'),
(814, 150, 8, 2, '2019-09-16 20:16:38', '2019-09-16 20:16:38'),
(815, 150, 9, 2, '2019-09-16 20:16:38', '2019-09-16 20:16:38'),
(816, 150, 10, 2, '2019-09-16 20:16:38', '2019-09-16 20:16:38'),
(817, 150, 11, 2, '2019-09-16 20:16:38', '2019-09-16 20:16:38'),
(818, 150, 12, 2, '2019-09-16 20:16:38', '2019-09-16 20:16:38'),
(819, 150, 13, 2, '2019-09-16 20:16:38', '2019-09-16 20:16:38'),
(820, 150, 14, 2, '2019-09-16 20:16:38', '2019-09-16 20:16:38'),
(821, 150, 15, 2, '2019-09-16 20:16:38', '2019-09-16 20:16:38'),
(822, 150, 16, 2, '2019-09-16 20:16:38', '2019-09-16 20:16:38'),
(823, 150, 17, 2, '2019-09-16 20:16:38', '2019-09-16 20:16:38'),
(824, 150, 18, 2, '2019-09-16 20:16:38', '2019-09-16 20:16:38'),
(825, 150, 19, 2, '2019-09-16 20:16:38', '2019-09-16 20:16:38'),
(826, 150, 20, 2, '2019-09-16 20:16:38', '2019-09-16 20:16:38'),
(827, 150, 21, 2, '2019-09-16 20:16:38', '2019-09-16 20:16:38'),
(828, 150, 22, 2, '2019-09-16 20:16:38', '2019-09-16 20:16:38'),
(829, 150, 23, 2, '2019-09-16 20:16:38', '2019-09-16 20:16:38'),
(830, 150, 24, 2, '2019-09-16 20:16:38', '2019-09-16 20:16:38'),
(831, 150, 25, 2, '2019-09-16 20:16:38', '2019-09-16 20:16:38'),
(832, 150, 26, 2, '2019-09-16 20:16:38', '2019-09-16 20:16:38'),
(833, 150, 27, 2, '2019-09-16 20:16:38', '2019-09-16 20:16:38'),
(834, 150, 28, 2, '2019-09-16 20:16:38', '2019-09-16 20:16:38'),
(835, 150, 30, 2, '2019-09-16 20:16:38', '2019-09-16 20:16:38'),
(836, 150, 32, 2, '2019-09-16 20:16:38', '2019-09-16 20:16:38'),
(837, 150, 34, 2, '2019-09-16 20:16:38', '2019-09-16 20:16:38'),
(838, 150, 36, 2, '2019-09-16 20:16:38', '2019-09-16 20:16:38'),
(839, 150, 38, 2, '2019-09-16 20:16:38', '2019-09-16 20:16:38'),
(840, 150, 40, 2, '2019-09-16 20:16:38', '2019-09-16 20:16:38'),
(871, 152, 5, 2, '2019-09-17 05:43:29', '2019-09-17 05:43:29'),
(872, 152, 6, 2, '2019-09-17 05:43:29', '2019-09-17 05:43:29'),
(873, 152, 7, 2, '2019-09-17 05:43:29', '2019-09-17 05:43:29'),
(874, 152, 8, 2, '2019-09-17 05:43:29', '2019-09-17 05:43:29'),
(875, 152, 9, 2, '2019-09-17 05:43:29', '2019-09-17 05:43:29'),
(876, 152, 10, 2, '2019-09-17 05:43:29', '2019-09-17 05:43:29'),
(877, 152, 11, 2, '2019-09-17 05:43:29', '2019-09-17 05:43:29'),
(878, 152, 12, 2, '2019-09-17 05:43:29', '2019-09-17 05:43:29'),
(879, 152, 13, 2, '2019-09-17 05:43:29', '2019-09-17 05:43:29'),
(880, 152, 14, 2, '2019-09-17 05:43:29', '2019-09-17 05:43:29'),
(881, 152, 15, 2, '2019-09-17 05:43:29', '2019-09-17 05:43:29'),
(882, 152, 16, 2, '2019-09-17 05:43:29', '2019-09-17 05:43:29'),
(883, 152, 17, 2, '2019-09-17 05:43:29', '2019-09-17 05:43:29'),
(884, 152, 18, 2, '2019-09-17 05:43:29', '2019-09-17 05:43:29'),
(885, 152, 19, 2, '2019-09-17 05:43:29', '2019-09-17 05:43:29'),
(886, 152, 20, 2, '2019-09-17 05:43:29', '2019-09-17 05:43:29'),
(887, 152, 21, 2, '2019-09-17 05:43:29', '2019-09-17 05:43:29'),
(888, 152, 22, 2, '2019-09-17 05:43:29', '2019-09-17 05:43:29'),
(889, 152, 23, 2, '2019-09-17 05:43:29', '2019-09-17 05:43:29'),
(890, 152, 24, 2, '2019-09-17 05:43:29', '2019-09-17 05:43:29'),
(891, 152, 25, 2, '2019-09-17 05:43:29', '2019-09-17 05:43:29'),
(892, 152, 26, 2, '2019-09-17 05:43:29', '2019-09-17 05:43:29'),
(893, 152, 27, 2, '2019-09-17 05:43:29', '2019-09-17 05:43:29'),
(894, 152, 28, 2, '2019-09-17 05:43:29', '2019-09-17 05:43:29'),
(895, 152, 30, 2, '2019-09-17 05:43:29', '2019-09-17 05:43:29'),
(896, 152, 32, 2, '2019-09-17 05:43:29', '2019-09-17 05:43:29'),
(897, 152, 34, 2, '2019-09-17 05:43:29', '2019-09-17 05:43:29'),
(898, 152, 36, 2, '2019-09-17 05:43:29', '2019-09-17 05:43:29'),
(899, 152, 38, 2, '2019-09-17 05:43:29', '2019-09-17 05:43:29'),
(900, 152, 40, 2, '2019-09-17 05:43:29', '2019-09-17 05:43:29'),
(901, 152, 41, 2, '2019-09-17 05:43:29', '2019-09-17 05:43:29'),
(902, 152, 42, 2, '2019-09-17 05:43:29', '2019-09-17 05:43:29'),
(903, 152, 43, 2, '2019-09-17 05:43:29', '2019-09-17 05:43:29'),
(904, 152, 44, 2, '2019-09-17 05:43:29', '2019-09-17 05:43:29'),
(905, 152, 45, 2, '2019-09-17 05:43:29', '2019-09-17 05:43:29'),
(906, 152, 46, 2, '2019-09-17 05:43:29', '2019-09-17 05:43:29'),
(907, 152, 52, 2, '2019-09-17 05:43:29', '2019-09-17 05:43:29'),
(908, 152, 53, 2, '2019-09-17 05:43:29', '2019-09-17 05:43:29'),
(909, 152, 54, 2, '2019-09-17 05:43:29', '2019-09-17 05:43:29'),
(910, 152, 55, 2, '2019-09-17 05:43:29', '2019-09-17 05:43:29'),
(911, 152, 56, 2, '2019-09-17 05:43:29', '2019-09-17 05:43:29'),
(912, 152, 57, 2, '2019-09-17 05:43:29', '2019-09-17 05:43:29'),
(913, 152, 58, 2, '2019-09-17 05:43:29', '2019-09-17 05:43:29'),
(914, 152, 59, 2, '2019-09-17 05:43:29', '2019-09-17 05:43:29'),
(915, 152, 60, 2, '2019-09-17 05:43:29', '2019-09-17 05:43:29'),
(916, 152, 61, 2, '2019-09-17 05:43:29', '2019-09-17 05:43:29'),
(917, 152, 62, 2, '2019-09-17 05:43:29', '2019-09-17 05:43:29'),
(918, 152, 63, 2, '2019-09-17 05:43:29', '2019-09-17 05:43:29'),
(919, 152, 64, 2, '2019-09-17 05:43:29', '2019-09-17 05:43:29'),
(920, 152, 65, 2, '2019-09-17 05:43:29', '2019-09-17 05:43:29'),
(921, 152, 66, 2, '2019-09-17 05:43:29', '2019-09-17 05:43:29'),
(922, 152, 67, 2, '2019-09-17 05:43:29', '2019-09-17 05:43:29'),
(923, 152, 68, 2, '2019-09-17 05:43:29', '2019-09-17 05:43:29'),
(924, 152, 69, 2, '2019-09-17 05:43:29', '2019-09-17 05:43:29'),
(925, 152, 70, 2, '2019-09-17 05:43:29', '2019-09-17 05:43:29'),
(926, 152, 71, 2, '2019-09-17 05:43:29', '2019-09-17 05:43:29'),
(927, 152, 72, 2, '2019-09-17 05:43:29', '2019-09-17 05:43:29'),
(928, 152, 73, 2, '2019-09-17 05:43:29', '2019-09-17 05:43:29'),
(929, 152, 74, 2, '2019-09-17 05:43:29', '2019-09-17 05:43:29'),
(930, 152, 75, 2, '2019-09-17 05:43:29', '2019-09-17 05:43:29'),
(931, 152, 76, 2, '2019-09-17 05:43:29', '2019-09-17 05:43:29'),
(932, 152, 77, 2, '2019-09-17 05:43:29', '2019-09-17 05:43:29'),
(933, 152, 78, 2, '2019-09-17 05:43:29', '2019-09-17 05:43:29'),
(934, 151, 5, 2, '2019-09-17 06:02:06', '2019-09-17 06:02:06'),
(935, 151, 6, 2, '2019-09-17 06:02:06', '2019-09-17 06:02:06'),
(936, 151, 7, 2, '2019-09-17 06:02:06', '2019-09-17 06:02:06'),
(937, 151, 8, 2, '2019-09-17 06:02:06', '2019-09-17 06:02:06'),
(938, 151, 9, 2, '2019-09-17 06:02:06', '2019-09-17 06:02:06'),
(939, 151, 10, 2, '2019-09-17 06:02:06', '2019-09-17 06:02:06'),
(940, 151, 11, 2, '2019-09-17 06:02:06', '2019-09-17 06:02:06'),
(941, 151, 12, 2, '2019-09-17 06:02:06', '2019-09-17 06:02:06'),
(942, 151, 13, 2, '2019-09-17 06:02:06', '2019-09-17 06:02:06'),
(943, 151, 14, 2, '2019-09-17 06:02:06', '2019-09-17 06:02:06'),
(944, 151, 15, 2, '2019-09-17 06:02:06', '2019-09-17 06:02:06'),
(945, 151, 16, 2, '2019-09-17 06:02:06', '2019-09-17 06:02:06'),
(946, 151, 17, 2, '2019-09-17 06:02:06', '2019-09-17 06:02:06'),
(947, 151, 18, 2, '2019-09-17 06:02:06', '2019-09-17 06:02:06'),
(948, 151, 19, 2, '2019-09-17 06:02:06', '2019-09-17 06:02:06'),
(949, 151, 20, 2, '2019-09-17 06:02:06', '2019-09-17 06:02:06'),
(950, 151, 21, 2, '2019-09-17 06:02:06', '2019-09-17 06:02:06'),
(951, 151, 22, 2, '2019-09-17 06:02:06', '2019-09-17 06:02:06'),
(952, 151, 23, 2, '2019-09-17 06:02:06', '2019-09-17 06:02:06'),
(953, 151, 24, 2, '2019-09-17 06:02:06', '2019-09-17 06:02:06'),
(954, 151, 25, 2, '2019-09-17 06:02:06', '2019-09-17 06:02:06'),
(955, 151, 26, 2, '2019-09-17 06:02:06', '2019-09-17 06:02:06'),
(956, 151, 27, 2, '2019-09-17 06:02:06', '2019-09-17 06:02:06'),
(957, 151, 28, 2, '2019-09-17 06:02:06', '2019-09-17 06:02:06'),
(958, 151, 30, 2, '2019-09-17 06:02:06', '2019-09-17 06:02:06'),
(959, 151, 32, 2, '2019-09-17 06:02:06', '2019-09-17 06:02:06'),
(960, 151, 34, 2, '2019-09-17 06:02:06', '2019-09-17 06:02:06'),
(961, 151, 36, 2, '2019-09-17 06:02:06', '2019-09-17 06:02:06'),
(962, 151, 38, 2, '2019-09-17 06:02:06', '2019-09-17 06:02:06'),
(963, 151, 40, 2, '2019-09-17 06:02:06', '2019-09-17 06:02:06'),
(964, 149, 5, 2, '2019-09-17 06:04:56', '2019-09-17 06:04:56'),
(965, 149, 6, 2, '2019-09-17 06:04:56', '2019-09-17 06:04:56'),
(966, 149, 7, 2, '2019-09-17 06:04:56', '2019-09-17 06:04:56'),
(967, 149, 8, 2, '2019-09-17 06:04:56', '2019-09-17 06:04:56'),
(968, 149, 9, 2, '2019-09-17 06:04:56', '2019-09-17 06:04:56'),
(969, 149, 10, 2, '2019-09-17 06:04:56', '2019-09-17 06:04:56'),
(970, 149, 11, 2, '2019-09-17 06:04:56', '2019-09-17 06:04:56'),
(971, 149, 12, 2, '2019-09-17 06:04:56', '2019-09-17 06:04:56'),
(972, 149, 13, 2, '2019-09-17 06:04:56', '2019-09-17 06:04:56'),
(973, 149, 14, 2, '2019-09-17 06:04:56', '2019-09-17 06:04:56'),
(974, 149, 15, 2, '2019-09-17 06:04:56', '2019-09-17 06:04:56'),
(975, 149, 16, 2, '2019-09-17 06:04:56', '2019-09-17 06:04:56'),
(976, 149, 17, 2, '2019-09-17 06:04:56', '2019-09-17 06:04:56'),
(977, 149, 18, 2, '2019-09-17 06:04:56', '2019-09-17 06:04:56'),
(978, 149, 19, 2, '2019-09-17 06:04:56', '2019-09-17 06:04:56'),
(979, 149, 20, 2, '2019-09-17 06:04:56', '2019-09-17 06:04:56'),
(980, 149, 21, 2, '2019-09-17 06:04:56', '2019-09-17 06:04:56'),
(981, 149, 22, 2, '2019-09-17 06:04:56', '2019-09-17 06:04:56'),
(982, 149, 23, 2, '2019-09-17 06:04:56', '2019-09-17 06:04:56'),
(983, 149, 24, 2, '2019-09-17 06:04:56', '2019-09-17 06:04:56'),
(984, 149, 25, 2, '2019-09-17 06:04:56', '2019-09-17 06:04:56'),
(985, 149, 26, 2, '2019-09-17 06:04:56', '2019-09-17 06:04:56'),
(986, 149, 27, 2, '2019-09-17 06:04:56', '2019-09-17 06:04:56'),
(987, 149, 28, 2, '2019-09-17 06:04:56', '2019-09-17 06:04:56'),
(988, 149, 30, 2, '2019-09-17 06:04:56', '2019-09-17 06:04:56'),
(989, 149, 32, 2, '2019-09-17 06:04:56', '2019-09-17 06:04:56'),
(990, 149, 34, 2, '2019-09-17 06:04:56', '2019-09-17 06:04:56'),
(991, 149, 36, 2, '2019-09-17 06:04:56', '2019-09-17 06:04:56'),
(992, 149, 38, 2, '2019-09-17 06:04:56', '2019-09-17 06:04:56'),
(993, 149, 40, 2, '2019-09-17 06:04:56', '2019-09-17 06:04:56'),
(994, 147, 4, 2, '2019-09-17 06:12:11', '2019-09-17 06:12:11'),
(995, 147, 5, 2, '2019-09-17 06:12:11', '2019-09-17 06:12:11'),
(996, 147, 6, 2, '2019-09-17 06:12:11', '2019-09-17 06:12:11'),
(997, 147, 7, 2, '2019-09-17 06:12:11', '2019-09-17 06:12:11'),
(998, 147, 8, 2, '2019-09-17 06:12:11', '2019-09-17 06:12:11'),
(999, 147, 9, 2, '2019-09-17 06:12:11', '2019-09-17 06:12:11'),
(1000, 147, 10, 2, '2019-09-17 06:12:11', '2019-09-17 06:12:11'),
(1001, 147, 11, 2, '2019-09-17 06:12:11', '2019-09-17 06:12:11'),
(1002, 147, 12, 2, '2019-09-17 06:12:11', '2019-09-17 06:12:11'),
(1003, 147, 13, 2, '2019-09-17 06:12:11', '2019-09-17 06:12:11'),
(1004, 147, 14, 2, '2019-09-17 06:12:11', '2019-09-17 06:12:11'),
(1005, 147, 15, 2, '2019-09-17 06:12:11', '2019-09-17 06:12:11'),
(1006, 147, 16, 2, '2019-09-17 06:12:11', '2019-09-17 06:12:11'),
(1007, 147, 17, 2, '2019-09-17 06:12:11', '2019-09-17 06:12:11'),
(1008, 147, 18, 2, '2019-09-17 06:12:11', '2019-09-17 06:12:11'),
(1009, 147, 19, 2, '2019-09-17 06:12:11', '2019-09-17 06:12:11'),
(1010, 147, 20, 2, '2019-09-17 06:12:11', '2019-09-17 06:12:11'),
(1011, 147, 21, 2, '2019-09-17 06:12:11', '2019-09-17 06:12:11'),
(1012, 147, 22, 2, '2019-09-17 06:12:11', '2019-09-17 06:12:11'),
(1013, 147, 23, 2, '2019-09-17 06:12:11', '2019-09-17 06:12:11'),
(1014, 147, 24, 2, '2019-09-17 06:12:11', '2019-09-17 06:12:11'),
(1015, 147, 25, 2, '2019-09-17 06:12:11', '2019-09-17 06:12:11'),
(1016, 147, 26, 2, '2019-09-17 06:12:11', '2019-09-17 06:12:11'),
(1017, 147, 27, 2, '2019-09-17 06:12:11', '2019-09-17 06:12:11'),
(1018, 147, 28, 2, '2019-09-17 06:12:11', '2019-09-17 06:12:11'),
(1019, 147, 30, 2, '2019-09-17 06:12:11', '2019-09-17 06:12:11'),
(1020, 147, 32, 2, '2019-09-17 06:12:11', '2019-09-17 06:12:11'),
(1021, 147, 34, 2, '2019-09-17 06:12:11', '2019-09-17 06:12:11'),
(1022, 147, 36, 2, '2019-09-17 06:12:11', '2019-09-17 06:12:11'),
(1023, 147, 38, 2, '2019-09-17 06:12:11', '2019-09-17 06:12:11'),
(1024, 147, 40, 2, '2019-09-17 06:12:11', '2019-09-17 06:12:11'),
(1025, 147, 41, 2, '2019-09-17 06:12:11', '2019-09-17 06:12:11'),
(1026, 147, 42, 2, '2019-09-17 06:12:11', '2019-09-17 06:12:11'),
(1027, 147, 43, 2, '2019-09-17 06:12:11', '2019-09-17 06:12:11'),
(1028, 147, 44, 2, '2019-09-17 06:12:11', '2019-09-17 06:12:11'),
(1029, 147, 45, 2, '2019-09-17 06:12:11', '2019-09-17 06:12:11'),
(1030, 147, 46, 2, '2019-09-17 06:12:11', '2019-09-17 06:12:11'),
(1031, 147, 51, 2, '2019-09-17 06:12:11', '2019-09-17 06:12:11'),
(1032, 147, 52, 2, '2019-09-17 06:12:11', '2019-09-17 06:12:11'),
(1033, 147, 53, 2, '2019-09-17 06:12:11', '2019-09-17 06:12:11'),
(1034, 147, 54, 2, '2019-09-17 06:12:11', '2019-09-17 06:12:11'),
(1035, 147, 55, 2, '2019-09-17 06:12:12', '2019-09-17 06:12:12'),
(1036, 147, 56, 2, '2019-09-17 06:12:12', '2019-09-17 06:12:12'),
(1037, 147, 57, 2, '2019-09-17 06:12:12', '2019-09-17 06:12:12'),
(1038, 147, 58, 2, '2019-09-17 06:12:12', '2019-09-17 06:12:12'),
(1039, 147, 59, 2, '2019-09-17 06:12:12', '2019-09-17 06:12:12'),
(1040, 147, 60, 2, '2019-09-17 06:12:12', '2019-09-17 06:12:12'),
(1041, 147, 61, 2, '2019-09-17 06:12:12', '2019-09-17 06:12:12'),
(1042, 147, 62, 2, '2019-09-17 06:12:12', '2019-09-17 06:12:12'),
(1043, 147, 63, 2, '2019-09-17 06:12:12', '2019-09-17 06:12:12'),
(1044, 147, 64, 2, '2019-09-17 06:12:12', '2019-09-17 06:12:12'),
(1045, 147, 65, 2, '2019-09-17 06:12:12', '2019-09-17 06:12:12'),
(1046, 147, 66, 2, '2019-09-17 06:12:12', '2019-09-17 06:12:12'),
(1047, 147, 67, 2, '2019-09-17 06:12:12', '2019-09-17 06:12:12'),
(1048, 147, 68, 2, '2019-09-17 06:12:12', '2019-09-17 06:12:12'),
(1049, 147, 69, 2, '2019-09-17 06:12:12', '2019-09-17 06:12:12'),
(1050, 147, 70, 2, '2019-09-17 06:12:12', '2019-09-17 06:12:12'),
(1051, 147, 71, 2, '2019-09-17 06:12:12', '2019-09-17 06:12:12'),
(1052, 147, 72, 2, '2019-09-17 06:12:12', '2019-09-17 06:12:12'),
(1053, 147, 73, 2, '2019-09-17 06:12:12', '2019-09-17 06:12:12'),
(1054, 147, 74, 2, '2019-09-17 06:12:12', '2019-09-17 06:12:12'),
(1055, 144, 5, 2, '2019-09-17 06:24:37', '2019-09-17 06:24:37'),
(1056, 144, 6, 2, '2019-09-17 06:24:37', '2019-09-17 06:24:37'),
(1057, 144, 7, 2, '2019-09-17 06:24:37', '2019-09-17 06:24:37'),
(1058, 144, 8, 2, '2019-09-17 06:24:37', '2019-09-17 06:24:37'),
(1059, 144, 9, 2, '2019-09-17 06:24:37', '2019-09-17 06:24:37'),
(1060, 144, 10, 2, '2019-09-17 06:24:37', '2019-09-17 06:24:37'),
(1061, 144, 11, 2, '2019-09-17 06:24:37', '2019-09-17 06:24:37'),
(1062, 144, 12, 2, '2019-09-17 06:24:37', '2019-09-17 06:24:37'),
(1063, 144, 13, 2, '2019-09-17 06:24:37', '2019-09-17 06:24:37'),
(1064, 144, 14, 2, '2019-09-17 06:24:37', '2019-09-17 06:24:37'),
(1065, 144, 15, 2, '2019-09-17 06:24:37', '2019-09-17 06:24:37'),
(1066, 144, 16, 2, '2019-09-17 06:24:37', '2019-09-17 06:24:37'),
(1067, 144, 17, 2, '2019-09-17 06:24:37', '2019-09-17 06:24:37'),
(1068, 144, 18, 2, '2019-09-17 06:24:37', '2019-09-17 06:24:37'),
(1069, 144, 19, 2, '2019-09-17 06:24:37', '2019-09-17 06:24:37'),
(1070, 144, 20, 2, '2019-09-17 06:24:37', '2019-09-17 06:24:37'),
(1071, 144, 21, 2, '2019-09-17 06:24:37', '2019-09-17 06:24:37'),
(1072, 144, 22, 2, '2019-09-17 06:24:37', '2019-09-17 06:24:37'),
(1073, 144, 23, 2, '2019-09-17 06:24:37', '2019-09-17 06:24:37'),
(1074, 144, 24, 2, '2019-09-17 06:24:37', '2019-09-17 06:24:37'),
(1075, 144, 25, 2, '2019-09-17 06:24:37', '2019-09-17 06:24:37'),
(1076, 144, 26, 2, '2019-09-17 06:24:37', '2019-09-17 06:24:37'),
(1077, 144, 27, 2, '2019-09-17 06:24:37', '2019-09-17 06:24:37'),
(1078, 144, 28, 2, '2019-09-17 06:24:37', '2019-09-17 06:24:37'),
(1079, 144, 30, 2, '2019-09-17 06:24:37', '2019-09-17 06:24:37'),
(1080, 144, 32, 2, '2019-09-17 06:24:37', '2019-09-17 06:24:37'),
(1081, 144, 34, 2, '2019-09-17 06:24:37', '2019-09-17 06:24:37'),
(1082, 144, 36, 2, '2019-09-17 06:24:37', '2019-09-17 06:24:37'),
(1083, 144, 38, 2, '2019-09-17 06:24:37', '2019-09-17 06:24:37'),
(1084, 144, 40, 2, '2019-09-17 06:24:37', '2019-09-17 06:24:37'),
(1085, 144, 41, 2, '2019-09-17 06:24:37', '2019-09-17 06:24:37'),
(1086, 144, 42, 2, '2019-09-17 06:24:37', '2019-09-17 06:24:37'),
(1087, 144, 43, 2, '2019-09-17 06:24:37', '2019-09-17 06:24:37'),
(1088, 144, 44, 2, '2019-09-17 06:24:37', '2019-09-17 06:24:37'),
(1089, 144, 45, 2, '2019-09-17 06:24:37', '2019-09-17 06:24:37'),
(1090, 144, 46, 2, '2019-09-17 06:24:37', '2019-09-17 06:24:37'),
(1091, 144, 52, 2, '2019-09-17 06:24:37', '2019-09-17 06:24:37'),
(1092, 144, 53, 2, '2019-09-17 06:24:37', '2019-09-17 06:24:37'),
(1093, 144, 54, 2, '2019-09-17 06:24:37', '2019-09-17 06:24:37'),
(1094, 144, 55, 2, '2019-09-17 06:24:37', '2019-09-17 06:24:37'),
(1095, 144, 56, 2, '2019-09-17 06:24:37', '2019-09-17 06:24:37'),
(1096, 144, 57, 2, '2019-09-17 06:24:37', '2019-09-17 06:24:37'),
(1097, 144, 58, 2, '2019-09-17 06:24:37', '2019-09-17 06:24:37'),
(1098, 144, 59, 2, '2019-09-17 06:24:37', '2019-09-17 06:24:37'),
(1099, 144, 60, 2, '2019-09-17 06:24:37', '2019-09-17 06:24:37'),
(1100, 144, 61, 2, '2019-09-17 06:24:37', '2019-09-17 06:24:37'),
(1101, 144, 62, 2, '2019-09-17 06:24:37', '2019-09-17 06:24:37'),
(1102, 144, 63, 2, '2019-09-17 06:24:37', '2019-09-17 06:24:37'),
(1103, 144, 64, 2, '2019-09-17 06:24:37', '2019-09-17 06:24:37'),
(1104, 144, 65, 2, '2019-09-17 06:24:37', '2019-09-17 06:24:37'),
(1105, 144, 66, 2, '2019-09-17 06:24:37', '2019-09-17 06:24:37'),
(1106, 144, 67, 2, '2019-09-17 06:24:37', '2019-09-17 06:24:37'),
(1107, 144, 68, 2, '2019-09-17 06:24:37', '2019-09-17 06:24:37'),
(1108, 144, 69, 2, '2019-09-17 06:24:37', '2019-09-17 06:24:37'),
(1109, 144, 70, 2, '2019-09-17 06:24:37', '2019-09-17 06:24:37'),
(1110, 144, 71, 2, '2019-09-17 06:24:37', '2019-09-17 06:24:37'),
(1111, 144, 72, 2, '2019-09-17 06:24:37', '2019-09-17 06:24:37'),
(1112, 144, 73, 2, '2019-09-17 06:24:37', '2019-09-17 06:24:37'),
(1113, 144, 74, 2, '2019-09-17 06:24:37', '2019-09-17 06:24:37'),
(1114, 145, 5, 2, '2019-09-17 06:25:57', '2019-09-17 06:25:57'),
(1115, 145, 6, 2, '2019-09-17 06:25:57', '2019-09-17 06:25:57'),
(1116, 145, 7, 2, '2019-09-17 06:25:57', '2019-09-17 06:25:57'),
(1117, 145, 8, 2, '2019-09-17 06:25:57', '2019-09-17 06:25:57'),
(1118, 145, 9, 2, '2019-09-17 06:25:57', '2019-09-17 06:25:57'),
(1119, 145, 10, 2, '2019-09-17 06:25:57', '2019-09-17 06:25:57'),
(1120, 145, 11, 2, '2019-09-17 06:25:57', '2019-09-17 06:25:57'),
(1121, 145, 12, 2, '2019-09-17 06:25:57', '2019-09-17 06:25:57'),
(1122, 145, 13, 2, '2019-09-17 06:25:57', '2019-09-17 06:25:57'),
(1123, 145, 14, 2, '2019-09-17 06:25:57', '2019-09-17 06:25:57'),
(1124, 145, 15, 2, '2019-09-17 06:25:57', '2019-09-17 06:25:57'),
(1125, 145, 16, 2, '2019-09-17 06:25:57', '2019-09-17 06:25:57'),
(1126, 145, 17, 2, '2019-09-17 06:25:57', '2019-09-17 06:25:57'),
(1127, 145, 18, 2, '2019-09-17 06:25:57', '2019-09-17 06:25:57'),
(1128, 145, 19, 2, '2019-09-17 06:25:57', '2019-09-17 06:25:57'),
(1129, 145, 20, 2, '2019-09-17 06:25:57', '2019-09-17 06:25:57'),
(1130, 145, 21, 2, '2019-09-17 06:25:57', '2019-09-17 06:25:57'),
(1131, 145, 22, 2, '2019-09-17 06:25:57', '2019-09-17 06:25:57'),
(1132, 145, 23, 2, '2019-09-17 06:25:57', '2019-09-17 06:25:57'),
(1133, 145, 24, 2, '2019-09-17 06:25:57', '2019-09-17 06:25:57'),
(1134, 145, 25, 2, '2019-09-17 06:25:57', '2019-09-17 06:25:57'),
(1135, 145, 26, 2, '2019-09-17 06:25:57', '2019-09-17 06:25:57'),
(1136, 145, 27, 2, '2019-09-17 06:25:57', '2019-09-17 06:25:57'),
(1137, 145, 28, 2, '2019-09-17 06:25:57', '2019-09-17 06:25:57'),
(1138, 145, 30, 2, '2019-09-17 06:25:57', '2019-09-17 06:25:57'),
(1139, 145, 32, 2, '2019-09-17 06:25:57', '2019-09-17 06:25:57'),
(1140, 145, 34, 2, '2019-09-17 06:25:57', '2019-09-17 06:25:57'),
(1141, 145, 36, 2, '2019-09-17 06:25:57', '2019-09-17 06:25:57'),
(1142, 145, 38, 2, '2019-09-17 06:25:57', '2019-09-17 06:25:57'),
(1143, 145, 40, 2, '2019-09-17 06:25:57', '2019-09-17 06:25:57'),
(1144, 145, 41, 2, '2019-09-17 06:25:57', '2019-09-17 06:25:57'),
(1145, 145, 42, 2, '2019-09-17 06:25:57', '2019-09-17 06:25:57'),
(1146, 145, 43, 2, '2019-09-17 06:25:57', '2019-09-17 06:25:57'),
(1147, 145, 44, 2, '2019-09-17 06:25:57', '2019-09-17 06:25:57'),
(1148, 145, 45, 2, '2019-09-17 06:25:57', '2019-09-17 06:25:57'),
(1149, 145, 46, 2, '2019-09-17 06:25:57', '2019-09-17 06:25:57'),
(1150, 145, 47, 2, '2019-09-17 06:25:57', '2019-09-17 06:25:57'),
(1151, 145, 48, 2, '2019-09-17 06:25:57', '2019-09-17 06:25:57'),
(1152, 145, 49, 2, '2019-09-17 06:25:57', '2019-09-17 06:25:57'),
(1153, 145, 50, 2, '2019-09-17 06:25:57', '2019-09-17 06:25:57'),
(1154, 145, 52, 2, '2019-09-17 06:25:57', '2019-09-17 06:25:57'),
(1155, 145, 53, 2, '2019-09-17 06:25:57', '2019-09-17 06:25:57'),
(1156, 145, 54, 2, '2019-09-17 06:25:57', '2019-09-17 06:25:57'),
(1157, 145, 55, 2, '2019-09-17 06:25:57', '2019-09-17 06:25:57'),
(1158, 145, 56, 2, '2019-09-17 06:25:57', '2019-09-17 06:25:57'),
(1159, 145, 57, 2, '2019-09-17 06:25:57', '2019-09-17 06:25:57'),
(1160, 145, 58, 2, '2019-09-17 06:25:57', '2019-09-17 06:25:57'),
(1161, 145, 59, 2, '2019-09-17 06:25:57', '2019-09-17 06:25:57'),
(1162, 145, 60, 2, '2019-09-17 06:25:57', '2019-09-17 06:25:57'),
(1163, 145, 61, 2, '2019-09-17 06:25:57', '2019-09-17 06:25:57'),
(1164, 145, 62, 2, '2019-09-17 06:25:57', '2019-09-17 06:25:57'),
(1165, 145, 63, 2, '2019-09-17 06:25:57', '2019-09-17 06:25:57'),
(1166, 145, 64, 2, '2019-09-17 06:25:57', '2019-09-17 06:25:57'),
(1167, 145, 65, 2, '2019-09-17 06:25:57', '2019-09-17 06:25:57'),
(1168, 145, 66, 2, '2019-09-17 06:25:57', '2019-09-17 06:25:57'),
(1169, 145, 67, 2, '2019-09-17 06:25:57', '2019-09-17 06:25:57'),
(1170, 145, 68, 2, '2019-09-17 06:25:57', '2019-09-17 06:25:57'),
(1171, 145, 69, 2, '2019-09-17 06:25:57', '2019-09-17 06:25:57'),
(1172, 145, 70, 2, '2019-09-17 06:25:57', '2019-09-17 06:25:57'),
(1173, 145, 71, 2, '2019-09-17 06:25:57', '2019-09-17 06:25:57'),
(1174, 145, 72, 2, '2019-09-17 06:25:57', '2019-09-17 06:25:57'),
(1175, 145, 73, 2, '2019-09-17 06:25:57', '2019-09-17 06:25:57'),
(1176, 145, 74, 2, '2019-09-17 06:25:57', '2019-09-17 06:25:57'),
(1177, 145, 75, 2, '2019-09-17 06:25:57', '2019-09-17 06:25:57'),
(1178, 145, 76, 2, '2019-09-17 06:25:57', '2019-09-17 06:25:57'),
(1179, 145, 77, 2, '2019-09-17 06:25:57', '2019-09-17 06:25:57'),
(1180, 145, 78, 2, '2019-09-17 06:25:57', '2019-09-17 06:25:57'),
(1218, 141, 4, 2, '2019-09-17 06:52:57', '2019-09-17 06:52:57'),
(1219, 141, 5, 2, '2019-09-17 06:52:57', '2019-09-17 06:52:57'),
(1220, 141, 6, 2, '2019-09-17 06:52:57', '2019-09-17 06:52:57'),
(1221, 141, 7, 2, '2019-09-17 06:52:57', '2019-09-17 06:52:57'),
(1222, 141, 8, 2, '2019-09-17 06:52:57', '2019-09-17 06:52:57'),
(1223, 141, 9, 2, '2019-09-17 06:52:57', '2019-09-17 06:52:57'),
(1224, 141, 10, 2, '2019-09-17 06:52:57', '2019-09-17 06:52:57'),
(1225, 141, 11, 2, '2019-09-17 06:52:57', '2019-09-17 06:52:57'),
(1226, 141, 12, 2, '2019-09-17 06:52:57', '2019-09-17 06:52:57'),
(1227, 141, 13, 2, '2019-09-17 06:52:57', '2019-09-17 06:52:57'),
(1228, 141, 14, 2, '2019-09-17 06:52:57', '2019-09-17 06:52:57'),
(1229, 141, 15, 2, '2019-09-17 06:52:57', '2019-09-17 06:52:57'),
(1230, 141, 16, 2, '2019-09-17 06:52:57', '2019-09-17 06:52:57'),
(1231, 141, 17, 2, '2019-09-17 06:52:57', '2019-09-17 06:52:57'),
(1232, 141, 18, 2, '2019-09-17 06:52:57', '2019-09-17 06:52:57'),
(1233, 141, 19, 2, '2019-09-17 06:52:57', '2019-09-17 06:52:57'),
(1234, 141, 20, 2, '2019-09-17 06:52:57', '2019-09-17 06:52:57'),
(1235, 141, 21, 2, '2019-09-17 06:52:57', '2019-09-17 06:52:57'),
(1236, 141, 22, 2, '2019-09-17 06:52:57', '2019-09-17 06:52:57'),
(1237, 141, 23, 2, '2019-09-17 06:52:57', '2019-09-17 06:52:57'),
(1238, 141, 24, 2, '2019-09-17 06:52:57', '2019-09-17 06:52:57'),
(1239, 141, 25, 2, '2019-09-17 06:52:57', '2019-09-17 06:52:57'),
(1240, 141, 26, 2, '2019-09-17 06:52:57', '2019-09-17 06:52:57'),
(1241, 141, 27, 2, '2019-09-17 06:52:57', '2019-09-17 06:52:57'),
(1242, 141, 28, 2, '2019-09-17 06:52:57', '2019-09-17 06:52:57'),
(1243, 141, 30, 2, '2019-09-17 06:52:57', '2019-09-17 06:52:57'),
(1244, 141, 32, 2, '2019-09-17 06:52:57', '2019-09-17 06:52:57'),
(1245, 141, 34, 2, '2019-09-17 06:52:57', '2019-09-17 06:52:57'),
(1246, 141, 36, 2, '2019-09-17 06:52:57', '2019-09-17 06:52:57'),
(1247, 141, 38, 2, '2019-09-17 06:52:57', '2019-09-17 06:52:57'),
(1248, 141, 40, 2, '2019-09-17 06:52:57', '2019-09-17 06:52:57'),
(1249, 141, 41, 2, '2019-09-17 06:52:57', '2019-09-17 06:52:57'),
(1250, 141, 42, 2, '2019-09-17 06:52:57', '2019-09-17 06:52:57'),
(1251, 141, 43, 2, '2019-09-17 06:52:57', '2019-09-17 06:52:57'),
(1252, 141, 44, 2, '2019-09-17 06:52:57', '2019-09-17 06:52:57'),
(1253, 141, 45, 2, '2019-09-17 06:52:57', '2019-09-17 06:52:57'),
(1254, 141, 46, 2, '2019-09-17 06:52:57', '2019-09-17 06:52:57'),
(1255, 141, 51, 2, '2019-09-17 06:52:57', '2019-09-17 06:52:57'),
(1256, 141, 52, 2, '2019-09-17 06:52:57', '2019-09-17 06:52:57'),
(1257, 141, 53, 2, '2019-09-17 06:52:57', '2019-09-17 06:52:57'),
(1258, 141, 54, 2, '2019-09-17 06:52:57', '2019-09-17 06:52:57'),
(1259, 141, 55, 2, '2019-09-17 06:52:57', '2019-09-17 06:52:57'),
(1260, 141, 56, 2, '2019-09-17 06:52:57', '2019-09-17 06:52:57'),
(1261, 141, 57, 2, '2019-09-17 06:52:57', '2019-09-17 06:52:57'),
(1262, 141, 58, 2, '2019-09-17 06:52:57', '2019-09-17 06:52:57'),
(1263, 141, 59, 2, '2019-09-17 06:52:57', '2019-09-17 06:52:57'),
(1264, 141, 60, 2, '2019-09-17 06:52:57', '2019-09-17 06:52:57'),
(1265, 141, 61, 2, '2019-09-17 06:52:57', '2019-09-17 06:52:57'),
(1266, 141, 62, 2, '2019-09-17 06:52:57', '2019-09-17 06:52:57'),
(1267, 141, 63, 2, '2019-09-17 06:52:57', '2019-09-17 06:52:57'),
(1268, 141, 64, 2, '2019-09-17 06:52:57', '2019-09-17 06:52:57'),
(1269, 141, 65, 2, '2019-09-17 06:52:57', '2019-09-17 06:52:57'),
(1270, 141, 66, 2, '2019-09-17 06:52:57', '2019-09-17 06:52:57'),
(1271, 141, 67, 2, '2019-09-17 06:52:57', '2019-09-17 06:52:57'),
(1272, 141, 68, 2, '2019-09-17 06:52:57', '2019-09-17 06:52:57'),
(1273, 141, 69, 2, '2019-09-17 06:52:57', '2019-09-17 06:52:57'),
(1274, 141, 70, 2, '2019-09-17 06:52:57', '2019-09-17 06:52:57'),
(1275, 141, 71, 2, '2019-09-17 06:52:57', '2019-09-17 06:52:57'),
(1276, 141, 72, 2, '2019-09-17 06:52:57', '2019-09-17 06:52:57'),
(1277, 141, 73, 2, '2019-09-17 06:52:57', '2019-09-17 06:52:57'),
(1278, 146, 4, 2, '2019-09-17 06:54:27', '2019-09-17 06:54:27'),
(1279, 146, 5, 2, '2019-09-17 06:54:27', '2019-09-17 06:54:27'),
(1280, 146, 6, 2, '2019-09-17 06:54:27', '2019-09-17 06:54:27'),
(1281, 146, 7, 2, '2019-09-17 06:54:27', '2019-09-17 06:54:27'),
(1282, 146, 8, 2, '2019-09-17 06:54:27', '2019-09-17 06:54:27'),
(1283, 146, 9, 2, '2019-09-17 06:54:27', '2019-09-17 06:54:27'),
(1284, 146, 10, 2, '2019-09-17 06:54:27', '2019-09-17 06:54:27'),
(1285, 146, 11, 2, '2019-09-17 06:54:27', '2019-09-17 06:54:27'),
(1286, 146, 12, 2, '2019-09-17 06:54:27', '2019-09-17 06:54:27'),
(1287, 146, 13, 2, '2019-09-17 06:54:27', '2019-09-17 06:54:27'),
(1288, 146, 14, 2, '2019-09-17 06:54:27', '2019-09-17 06:54:27'),
(1289, 146, 15, 2, '2019-09-17 06:54:27', '2019-09-17 06:54:27'),
(1290, 146, 16, 2, '2019-09-17 06:54:27', '2019-09-17 06:54:27'),
(1291, 146, 17, 2, '2019-09-17 06:54:27', '2019-09-17 06:54:27'),
(1292, 146, 18, 2, '2019-09-17 06:54:27', '2019-09-17 06:54:27'),
(1293, 146, 19, 2, '2019-09-17 06:54:27', '2019-09-17 06:54:27'),
(1294, 146, 20, 2, '2019-09-17 06:54:27', '2019-09-17 06:54:27'),
(1295, 146, 21, 2, '2019-09-17 06:54:27', '2019-09-17 06:54:27'),
(1296, 146, 22, 2, '2019-09-17 06:54:27', '2019-09-17 06:54:27'),
(1297, 146, 23, 2, '2019-09-17 06:54:27', '2019-09-17 06:54:27'),
(1298, 146, 24, 2, '2019-09-17 06:54:27', '2019-09-17 06:54:27'),
(1299, 146, 25, 2, '2019-09-17 06:54:27', '2019-09-17 06:54:27'),
(1300, 146, 26, 2, '2019-09-17 06:54:27', '2019-09-17 06:54:27'),
(1301, 146, 27, 2, '2019-09-17 06:54:27', '2019-09-17 06:54:27'),
(1302, 146, 28, 2, '2019-09-17 06:54:27', '2019-09-17 06:54:27'),
(1303, 146, 30, 2, '2019-09-17 06:54:27', '2019-09-17 06:54:27'),
(1304, 146, 32, 2, '2019-09-17 06:54:27', '2019-09-17 06:54:27'),
(1305, 146, 34, 2, '2019-09-17 06:54:27', '2019-09-17 06:54:27'),
(1306, 146, 36, 2, '2019-09-17 06:54:27', '2019-09-17 06:54:27'),
(1307, 146, 38, 2, '2019-09-17 06:54:27', '2019-09-17 06:54:27'),
(1308, 146, 40, 2, '2019-09-17 06:54:27', '2019-09-17 06:54:27'),
(1309, 146, 51, 2, '2019-09-17 06:54:27', '2019-09-17 06:54:27'),
(1310, 146, 52, 2, '2019-09-17 06:54:27', '2019-09-17 06:54:27'),
(1311, 146, 53, 2, '2019-09-17 06:54:27', '2019-09-17 06:54:27'),
(1312, 146, 54, 2, '2019-09-17 06:54:27', '2019-09-17 06:54:27'),
(1313, 146, 55, 2, '2019-09-17 06:54:27', '2019-09-17 06:54:27'),
(1314, 146, 56, 2, '2019-09-17 06:54:27', '2019-09-17 06:54:27'),
(1315, 146, 57, 2, '2019-09-17 06:54:27', '2019-09-17 06:54:27'),
(1316, 146, 58, 2, '2019-09-17 06:54:27', '2019-09-17 06:54:27'),
(1317, 146, 59, 2, '2019-09-17 06:54:27', '2019-09-17 06:54:27'),
(1318, 146, 60, 2, '2019-09-17 06:54:27', '2019-09-17 06:54:27'),
(1319, 146, 61, 2, '2019-09-17 06:54:27', '2019-09-17 06:54:27'),
(1320, 146, 62, 2, '2019-09-17 06:54:27', '2019-09-17 06:54:27'),
(1321, 146, 63, 2, '2019-09-17 06:54:27', '2019-09-17 06:54:27'),
(1322, 146, 64, 2, '2019-09-17 06:54:27', '2019-09-17 06:54:27'),
(1323, 146, 65, 2, '2019-09-17 06:54:27', '2019-09-17 06:54:27'),
(1324, 146, 66, 2, '2019-09-17 06:54:27', '2019-09-17 06:54:27'),
(1325, 146, 67, 2, '2019-09-17 06:54:27', '2019-09-17 06:54:27'),
(1326, 146, 68, 2, '2019-09-17 06:54:27', '2019-09-17 06:54:27'),
(1327, 146, 69, 2, '2019-09-17 06:54:27', '2019-09-17 06:54:27'),
(1328, 146, 70, 2, '2019-09-17 06:54:27', '2019-09-17 06:54:27'),
(1329, 146, 71, 2, '2019-09-17 06:54:27', '2019-09-17 06:54:27'),
(1330, 146, 72, 2, '2019-09-17 06:54:27', '2019-09-17 06:54:27'),
(1331, 146, 73, 2, '2019-09-17 06:54:27', '2019-09-17 06:54:27'),
(1332, 146, 74, 2, '2019-09-17 06:54:27', '2019-09-17 06:54:27'),
(1333, 146, 75, 2, '2019-09-17 06:54:27', '2019-09-17 06:54:27'),
(1334, 146, 76, 2, '2019-09-17 06:54:27', '2019-09-17 06:54:27'),
(1335, 146, 77, 2, '2019-09-17 06:54:27', '2019-09-17 06:54:27'),
(1336, 146, 78, 2, '2019-09-17 06:54:27', '2019-09-17 06:54:27'),
(1430, 153, 91, 1, '2019-09-17 08:52:29', '2019-09-17 08:52:29'),
(1431, 153, 92, 1, '2019-09-17 08:52:29', '2019-09-17 08:52:29'),
(1432, 153, 93, 1, '2019-09-17 08:52:29', '2019-09-17 08:52:29'),
(1433, 153, 94, 1, '2019-09-17 08:52:29', '2019-09-17 08:52:29'),
(1434, 153, 95, 1, '2019-09-17 08:52:29', '2019-09-17 08:52:29'),
(1435, 153, 96, 1, '2019-09-17 08:52:29', '2019-09-17 08:52:29'),
(1436, 153, 97, 1, '2019-09-17 08:52:29', '2019-09-17 08:52:29'),
(1437, 153, 98, 1, '2019-09-17 08:52:29', '2019-09-17 08:52:29'),
(1438, 153, 99, 1, '2019-09-17 08:52:29', '2019-09-17 08:52:29'),
(1439, 153, 101, 1, '2019-09-17 08:52:29', '2019-09-17 08:52:29'),
(1440, 153, 102, 1, '2019-09-17 08:52:29', '2019-09-17 08:52:29'),
(1441, 153, 103, 1, '2019-09-17 08:52:29', '2019-09-17 08:52:29'),
(1442, 153, 104, 1, '2019-09-17 08:52:29', '2019-09-17 08:52:29'),
(1443, 153, 105, 1, '2019-09-17 08:52:29', '2019-09-17 08:52:29'),
(1444, 153, 106, 1, '2019-09-17 08:52:29', '2019-09-17 08:52:29'),
(1445, 153, 107, 1, '2019-09-17 08:52:29', '2019-09-17 08:52:29'),
(1446, 153, 108, 1, '2019-09-17 08:52:29', '2019-09-17 08:52:29'),
(1447, 153, 109, 1, '2019-09-17 08:52:29', '2019-09-17 08:52:29'),
(1448, 153, 110, 1, '2019-09-17 08:52:29', '2019-09-17 08:52:29'),
(1449, 153, 111, 1, '2019-09-17 08:52:29', '2019-09-17 08:52:29'),
(1450, 153, 112, 1, '2019-09-17 08:52:29', '2019-09-17 08:52:29'),
(1451, 153, 113, 1, '2019-09-17 08:52:29', '2019-09-17 08:52:29'),
(1452, 153, 114, 1, '2019-09-17 08:52:29', '2019-09-17 08:52:29'),
(1453, 153, 115, 1, '2019-09-17 08:52:29', '2019-09-17 08:52:29'),
(1454, 153, 116, 1, '2019-09-17 08:52:29', '2019-09-17 08:52:29'),
(1455, 153, 117, 1, '2019-09-17 08:52:29', '2019-09-17 08:52:29'),
(1456, 153, 118, 1, '2019-09-17 08:52:29', '2019-09-17 08:52:29'),
(1457, 153, 119, 1, '2019-09-17 08:52:29', '2019-09-17 08:52:29'),
(1458, 153, 120, 1, '2019-09-17 08:52:29', '2019-09-17 08:52:29'),
(1459, 153, 121, 1, '2019-09-17 08:52:29', '2019-09-17 08:52:29'),
(1460, 153, 122, 1, '2019-09-17 08:52:29', '2019-09-17 08:52:29'),
(1484, 154, 91, 1, '2019-09-17 09:12:38', '2019-09-17 09:12:38'),
(1485, 154, 92, 1, '2019-09-17 09:12:38', '2019-09-17 09:12:38'),
(1486, 154, 93, 1, '2019-09-17 09:12:38', '2019-09-17 09:12:38'),
(1487, 154, 94, 1, '2019-09-17 09:12:38', '2019-09-17 09:12:38'),
(1488, 154, 95, 1, '2019-09-17 09:12:38', '2019-09-17 09:12:38'),
(1489, 154, 96, 1, '2019-09-17 09:12:38', '2019-09-17 09:12:38'),
(1490, 154, 97, 1, '2019-09-17 09:12:38', '2019-09-17 09:12:38'),
(1491, 154, 98, 1, '2019-09-17 09:12:38', '2019-09-17 09:12:38'),
(1492, 154, 99, 1, '2019-09-17 09:12:38', '2019-09-17 09:12:38'),
(1493, 154, 101, 1, '2019-09-17 09:12:38', '2019-09-17 09:12:38'),
(1494, 154, 102, 1, '2019-09-17 09:12:38', '2019-09-17 09:12:38'),
(1495, 154, 103, 1, '2019-09-17 09:12:38', '2019-09-17 09:12:38'),
(1496, 154, 104, 1, '2019-09-17 09:12:38', '2019-09-17 09:12:38'),
(1497, 154, 105, 1, '2019-09-17 09:12:38', '2019-09-17 09:12:38'),
(1498, 154, 106, 1, '2019-09-17 09:12:38', '2019-09-17 09:12:38'),
(1499, 154, 107, 1, '2019-09-17 09:12:38', '2019-09-17 09:12:38'),
(1500, 154, 108, 1, '2019-09-17 09:12:38', '2019-09-17 09:12:38'),
(1501, 154, 109, 1, '2019-09-17 09:12:38', '2019-09-17 09:12:38'),
(1502, 154, 110, 1, '2019-09-17 09:12:38', '2019-09-17 09:12:38'),
(1503, 154, 111, 1, '2019-09-17 09:12:38', '2019-09-17 09:12:38'),
(1504, 154, 112, 1, '2019-09-17 09:12:38', '2019-09-17 09:12:38'),
(1505, 154, 113, 1, '2019-09-17 09:12:38', '2019-09-17 09:12:38'),
(1506, 154, 114, 1, '2019-09-17 09:12:38', '2019-09-17 09:12:38'),
(1631, 155, 91, 1, '2019-09-17 09:50:08', '2019-09-17 09:50:08'),
(1632, 155, 92, 1, '2019-09-17 09:50:08', '2019-09-17 09:50:08'),
(1633, 155, 93, 1, '2019-09-17 09:50:08', '2019-09-17 09:50:08'),
(1634, 155, 94, 1, '2019-09-17 09:50:08', '2019-09-17 09:50:08'),
(1635, 155, 95, 1, '2019-09-17 09:50:08', '2019-09-17 09:50:08'),
(1636, 155, 96, 1, '2019-09-17 09:50:08', '2019-09-17 09:50:08'),
(1637, 155, 97, 1, '2019-09-17 09:50:08', '2019-09-17 09:50:08'),
(1638, 155, 98, 1, '2019-09-17 09:50:08', '2019-09-17 09:50:08'),
(1639, 155, 99, 1, '2019-09-17 09:50:08', '2019-09-17 09:50:08'),
(1640, 155, 101, 1, '2019-09-17 09:50:08', '2019-09-17 09:50:08'),
(1641, 155, 102, 1, '2019-09-17 09:50:08', '2019-09-17 09:50:08'),
(1642, 155, 103, 1, '2019-09-17 09:50:08', '2019-09-17 09:50:08'),
(1643, 155, 104, 1, '2019-09-17 09:50:08', '2019-09-17 09:50:08'),
(1644, 155, 105, 1, '2019-09-17 09:50:08', '2019-09-17 09:50:08'),
(1645, 155, 106, 1, '2019-09-17 09:50:08', '2019-09-17 09:50:08'),
(1646, 155, 107, 1, '2019-09-17 09:50:08', '2019-09-17 09:50:08'),
(1647, 155, 108, 1, '2019-09-17 09:50:08', '2019-09-17 09:50:08'),
(1648, 155, 109, 1, '2019-09-17 09:50:08', '2019-09-17 09:50:08'),
(1649, 155, 110, 1, '2019-09-17 09:50:08', '2019-09-17 09:50:08'),
(1650, 155, 111, 1, '2019-09-17 09:50:08', '2019-09-17 09:50:08'),
(1651, 155, 112, 1, '2019-09-17 09:50:08', '2019-09-17 09:50:08'),
(1652, 155, 113, 1, '2019-09-17 09:50:08', '2019-09-17 09:50:08'),
(1653, 155, 114, 1, '2019-09-17 09:50:08', '2019-09-17 09:50:08'),
(1654, 155, 115, 1, '2019-09-17 09:50:08', '2019-09-17 09:50:08'),
(1655, 155, 116, 1, '2019-09-17 09:50:08', '2019-09-17 09:50:08'),
(1656, 155, 117, 1, '2019-09-17 09:50:08', '2019-09-17 09:50:08'),
(1657, 155, 118, 1, '2019-09-17 09:50:08', '2019-09-17 09:50:08'),
(1658, 155, 119, 1, '2019-09-17 09:50:08', '2019-09-17 09:50:08'),
(1659, 155, 120, 1, '2019-09-17 09:50:08', '2019-09-17 09:50:08'),
(1660, 155, 121, 1, '2019-09-17 09:50:08', '2019-09-17 09:50:08'),
(1661, 155, 122, 1, '2019-09-17 09:50:08', '2019-09-17 09:50:08'),
(1722, 156, 94, 1, '2019-09-17 10:15:29', '2019-09-17 10:15:29'),
(1723, 156, 95, 1, '2019-09-17 10:15:29', '2019-09-17 10:15:29'),
(1724, 156, 96, 1, '2019-09-17 10:15:29', '2019-09-17 10:15:29'),
(1725, 156, 97, 1, '2019-09-17 10:15:29', '2019-09-17 10:15:29'),
(1726, 156, 98, 1, '2019-09-17 10:15:29', '2019-09-17 10:15:29'),
(1727, 156, 99, 1, '2019-09-17 10:15:29', '2019-09-17 10:15:29'),
(1728, 156, 101, 1, '2019-09-17 10:15:29', '2019-09-17 10:15:29'),
(1729, 156, 102, 1, '2019-09-17 10:15:29', '2019-09-17 10:15:29'),
(1730, 156, 103, 1, '2019-09-17 10:15:29', '2019-09-17 10:15:29'),
(1731, 156, 104, 1, '2019-09-17 10:15:29', '2019-09-17 10:15:29'),
(1732, 156, 105, 1, '2019-09-17 10:15:29', '2019-09-17 10:15:29'),
(1733, 156, 106, 1, '2019-09-17 10:15:29', '2019-09-17 10:15:29'),
(1734, 156, 107, 1, '2019-09-17 10:15:29', '2019-09-17 10:15:29'),
(1735, 156, 108, 1, '2019-09-17 10:15:29', '2019-09-17 10:15:29'),
(1736, 156, 109, 1, '2019-09-17 10:15:29', '2019-09-17 10:15:29'),
(1737, 156, 110, 1, '2019-09-17 10:15:29', '2019-09-17 10:15:29'),
(1738, 156, 111, 1, '2019-09-17 10:15:29', '2019-09-17 10:15:29'),
(1739, 156, 112, 1, '2019-09-17 10:15:29', '2019-09-17 10:15:29'),
(1740, 156, 113, 1, '2019-09-17 10:15:29', '2019-09-17 10:15:29'),
(1741, 156, 114, 1, '2019-09-17 10:15:29', '2019-09-17 10:15:29'),
(1822, 157, 94, 1, '2019-09-17 17:51:38', '2019-09-17 17:51:38'),
(1823, 157, 95, 1, '2019-09-17 17:51:38', '2019-09-17 17:51:38'),
(1824, 157, 96, 1, '2019-09-17 17:51:38', '2019-09-17 17:51:38'),
(1825, 157, 97, 1, '2019-09-17 17:51:38', '2019-09-17 17:51:38'),
(1826, 157, 98, 1, '2019-09-17 17:51:38', '2019-09-17 17:51:38'),
(1827, 157, 99, 1, '2019-09-17 17:51:38', '2019-09-17 17:51:38'),
(1828, 157, 101, 1, '2019-09-17 17:51:38', '2019-09-17 17:51:38'),
(1829, 157, 102, 1, '2019-09-17 17:51:38', '2019-09-17 17:51:38'),
(1830, 157, 103, 1, '2019-09-17 17:51:38', '2019-09-17 17:51:38'),
(1831, 157, 104, 1, '2019-09-17 17:51:38', '2019-09-17 17:51:38'),
(1832, 157, 105, 1, '2019-09-17 17:51:38', '2019-09-17 17:51:38'),
(1833, 157, 106, 1, '2019-09-17 17:51:38', '2019-09-17 17:51:38'),
(1834, 157, 107, 1, '2019-09-17 17:51:38', '2019-09-17 17:51:38'),
(1835, 157, 108, 1, '2019-09-17 17:51:38', '2019-09-17 17:51:38'),
(1836, 157, 109, 1, '2019-09-17 17:51:38', '2019-09-17 17:51:38'),
(1837, 157, 110, 1, '2019-09-17 17:51:38', '2019-09-17 17:51:38'),
(1838, 157, 111, 1, '2019-09-17 17:51:38', '2019-09-17 17:51:38'),
(1839, 157, 112, 1, '2019-09-17 17:51:38', '2019-09-17 17:51:38'),
(1840, 157, 113, 1, '2019-09-17 17:51:38', '2019-09-17 17:51:38'),
(1841, 157, 114, 1, '2019-09-17 17:51:38', '2019-09-17 17:51:38'),
(2002, 160, 94, 1, '2019-09-18 04:49:02', '2019-09-18 04:49:02'),
(2003, 160, 95, 1, '2019-09-18 04:49:02', '2019-09-18 04:49:02'),
(2004, 160, 96, 1, '2019-09-18 04:49:02', '2019-09-18 04:49:02'),
(2005, 160, 97, 1, '2019-09-18 04:49:02', '2019-09-18 04:49:02'),
(2006, 160, 98, 1, '2019-09-18 04:49:02', '2019-09-18 04:49:02'),
(2007, 160, 99, 1, '2019-09-18 04:49:02', '2019-09-18 04:49:02'),
(2008, 160, 101, 1, '2019-09-18 04:49:02', '2019-09-18 04:49:02');
INSERT INTO `products_spheres` (`id`, `product_id`, `sphere_id`, `type`, `created_at`, `updated_at`) VALUES
(2009, 160, 102, 1, '2019-09-18 04:49:02', '2019-09-18 04:49:02'),
(2010, 160, 103, 1, '2019-09-18 04:49:02', '2019-09-18 04:49:02'),
(2011, 160, 104, 1, '2019-09-18 04:49:02', '2019-09-18 04:49:02'),
(2012, 160, 105, 1, '2019-09-18 04:49:02', '2019-09-18 04:49:02'),
(2013, 160, 106, 1, '2019-09-18 04:49:02', '2019-09-18 04:49:02'),
(2014, 160, 107, 1, '2019-09-18 04:49:02', '2019-09-18 04:49:02'),
(2015, 160, 108, 1, '2019-09-18 04:49:02', '2019-09-18 04:49:02'),
(2016, 160, 109, 1, '2019-09-18 04:49:02', '2019-09-18 04:49:02'),
(2017, 160, 110, 1, '2019-09-18 04:49:02', '2019-09-18 04:49:02'),
(2018, 160, 111, 1, '2019-09-18 04:49:02', '2019-09-18 04:49:02'),
(2019, 160, 112, 1, '2019-09-18 04:49:02', '2019-09-18 04:49:02'),
(2020, 160, 113, 1, '2019-09-18 04:49:02', '2019-09-18 04:49:02'),
(2021, 160, 114, 1, '2019-09-18 04:49:02', '2019-09-18 04:49:02'),
(2122, 161, 94, 1, '2019-09-18 05:50:07', '2019-09-18 05:50:07'),
(2123, 161, 95, 1, '2019-09-18 05:50:07', '2019-09-18 05:50:07'),
(2124, 161, 96, 1, '2019-09-18 05:50:07', '2019-09-18 05:50:07'),
(2125, 161, 97, 1, '2019-09-18 05:50:07', '2019-09-18 05:50:07'),
(2126, 161, 98, 1, '2019-09-18 05:50:07', '2019-09-18 05:50:07'),
(2127, 161, 99, 1, '2019-09-18 05:50:07', '2019-09-18 05:50:07'),
(2128, 161, 101, 1, '2019-09-18 05:50:07', '2019-09-18 05:50:07'),
(2129, 161, 102, 1, '2019-09-18 05:50:07', '2019-09-18 05:50:07'),
(2130, 161, 103, 1, '2019-09-18 05:50:07', '2019-09-18 05:50:07'),
(2131, 161, 104, 1, '2019-09-18 05:50:07', '2019-09-18 05:50:07'),
(2132, 161, 105, 1, '2019-09-18 05:50:07', '2019-09-18 05:50:07'),
(2133, 161, 106, 1, '2019-09-18 05:50:07', '2019-09-18 05:50:07'),
(2134, 161, 107, 1, '2019-09-18 05:50:07', '2019-09-18 05:50:07'),
(2135, 161, 108, 1, '2019-09-18 05:50:07', '2019-09-18 05:50:07'),
(2136, 161, 109, 1, '2019-09-18 05:50:07', '2019-09-18 05:50:07'),
(2137, 161, 110, 1, '2019-09-18 05:50:07', '2019-09-18 05:50:07'),
(2138, 161, 111, 1, '2019-09-18 05:50:07', '2019-09-18 05:50:07'),
(2139, 161, 112, 1, '2019-09-18 05:50:07', '2019-09-18 05:50:07'),
(2140, 161, 113, 1, '2019-09-18 05:50:07', '2019-09-18 05:50:07'),
(2141, 161, 114, 1, '2019-09-18 05:50:07', '2019-09-18 05:50:07'),
(2190, 162, 94, 1, '2019-09-18 06:16:47', '2019-09-18 06:16:47'),
(2191, 162, 95, 1, '2019-09-18 06:16:47', '2019-09-18 06:16:47'),
(2192, 162, 96, 1, '2019-09-18 06:16:47', '2019-09-18 06:16:47'),
(2193, 162, 97, 1, '2019-09-18 06:16:47', '2019-09-18 06:16:47'),
(2194, 162, 98, 1, '2019-09-18 06:16:47', '2019-09-18 06:16:47'),
(2195, 162, 99, 1, '2019-09-18 06:16:47', '2019-09-18 06:16:47'),
(2196, 162, 101, 1, '2019-09-18 06:16:47', '2019-09-18 06:16:47'),
(2197, 162, 102, 1, '2019-09-18 06:16:47', '2019-09-18 06:16:47'),
(2198, 162, 103, 1, '2019-09-18 06:16:47', '2019-09-18 06:16:47'),
(2199, 162, 104, 1, '2019-09-18 06:16:47', '2019-09-18 06:16:47'),
(2200, 162, 105, 1, '2019-09-18 06:16:47', '2019-09-18 06:16:47'),
(2201, 162, 106, 1, '2019-09-18 06:16:47', '2019-09-18 06:16:47'),
(2202, 162, 107, 1, '2019-09-18 06:16:47', '2019-09-18 06:16:47'),
(2203, 162, 108, 1, '2019-09-18 06:16:47', '2019-09-18 06:16:47'),
(2204, 162, 109, 1, '2019-09-18 06:16:47', '2019-09-18 06:16:47'),
(2205, 162, 110, 1, '2019-09-18 06:16:47', '2019-09-18 06:16:47'),
(2206, 162, 111, 1, '2019-09-18 06:16:47', '2019-09-18 06:16:47'),
(2207, 162, 112, 1, '2019-09-18 06:16:47', '2019-09-18 06:16:47'),
(2208, 162, 113, 1, '2019-09-18 06:16:47', '2019-09-18 06:16:47'),
(2209, 162, 114, 1, '2019-09-18 06:16:47', '2019-09-18 06:16:47'),
(2210, 162, 115, 1, '2019-09-18 06:16:47', '2019-09-18 06:16:47'),
(2211, 162, 116, 1, '2019-09-18 06:16:47', '2019-09-18 06:16:47'),
(2212, 162, 117, 1, '2019-09-18 06:16:47', '2019-09-18 06:16:47'),
(2213, 162, 118, 1, '2019-09-18 06:16:47', '2019-09-18 06:16:47'),
(2394, 164, 92, 1, '2019-09-18 07:50:20', '2019-09-18 07:50:20'),
(2395, 164, 93, 1, '2019-09-18 07:50:20', '2019-09-18 07:50:20'),
(2396, 164, 94, 1, '2019-09-18 07:50:20', '2019-09-18 07:50:20'),
(2397, 164, 95, 1, '2019-09-18 07:50:20', '2019-09-18 07:50:20'),
(2398, 164, 96, 1, '2019-09-18 07:50:20', '2019-09-18 07:50:20'),
(2399, 164, 97, 1, '2019-09-18 07:50:20', '2019-09-18 07:50:20'),
(2400, 164, 98, 1, '2019-09-18 07:50:20', '2019-09-18 07:50:20'),
(2401, 164, 99, 1, '2019-09-18 07:50:20', '2019-09-18 07:50:20'),
(2402, 164, 101, 1, '2019-09-18 07:50:20', '2019-09-18 07:50:20'),
(2403, 164, 102, 1, '2019-09-18 07:50:20', '2019-09-18 07:50:20'),
(2404, 164, 103, 1, '2019-09-18 07:50:20', '2019-09-18 07:50:20'),
(2405, 164, 104, 1, '2019-09-18 07:50:20', '2019-09-18 07:50:20'),
(2406, 164, 105, 1, '2019-09-18 07:50:20', '2019-09-18 07:50:20'),
(2407, 164, 106, 1, '2019-09-18 07:50:20', '2019-09-18 07:50:20'),
(2408, 164, 107, 1, '2019-09-18 07:50:20', '2019-09-18 07:50:20'),
(2409, 164, 108, 1, '2019-09-18 07:50:20', '2019-09-18 07:50:20'),
(2410, 164, 109, 1, '2019-09-18 07:50:20', '2019-09-18 07:50:20'),
(2411, 164, 110, 1, '2019-09-18 07:50:20', '2019-09-18 07:50:20'),
(2412, 164, 111, 1, '2019-09-18 07:50:20', '2019-09-18 07:50:20'),
(2413, 164, 112, 1, '2019-09-18 07:50:20', '2019-09-18 07:50:20'),
(2414, 164, 113, 1, '2019-09-18 07:50:20', '2019-09-18 07:50:20'),
(2415, 164, 114, 1, '2019-09-18 07:50:20', '2019-09-18 07:50:20'),
(2416, 164, 115, 1, '2019-09-18 07:50:20', '2019-09-18 07:50:20'),
(2417, 164, 116, 1, '2019-09-18 07:50:20', '2019-09-18 07:50:20'),
(2418, 164, 117, 1, '2019-09-18 07:50:20', '2019-09-18 07:50:20'),
(2419, 164, 118, 1, '2019-09-18 07:50:20', '2019-09-18 07:50:20'),
(2420, 164, 119, 1, '2019-09-18 07:50:20', '2019-09-18 07:50:20'),
(2421, 164, 120, 1, '2019-09-18 07:50:20', '2019-09-18 07:50:20'),
(2488, 165, 92, 1, '2019-09-18 08:43:55', '2019-09-18 08:43:55'),
(2489, 165, 93, 1, '2019-09-18 08:43:55', '2019-09-18 08:43:55'),
(2490, 165, 94, 1, '2019-09-18 08:43:55', '2019-09-18 08:43:55'),
(2491, 165, 95, 1, '2019-09-18 08:43:55', '2019-09-18 08:43:55'),
(2492, 165, 96, 1, '2019-09-18 08:43:55', '2019-09-18 08:43:55'),
(2493, 165, 97, 1, '2019-09-18 08:43:55', '2019-09-18 08:43:55'),
(2494, 165, 98, 1, '2019-09-18 08:43:55', '2019-09-18 08:43:55'),
(2495, 165, 99, 1, '2019-09-18 08:43:55', '2019-09-18 08:43:55'),
(2496, 165, 101, 1, '2019-09-18 08:43:55', '2019-09-18 08:43:55'),
(2497, 165, 102, 1, '2019-09-18 08:43:55', '2019-09-18 08:43:55'),
(2498, 165, 103, 1, '2019-09-18 08:43:55', '2019-09-18 08:43:55'),
(2499, 165, 104, 1, '2019-09-18 08:43:55', '2019-09-18 08:43:55'),
(2500, 165, 105, 1, '2019-09-18 08:43:55', '2019-09-18 08:43:55'),
(2501, 165, 106, 1, '2019-09-18 08:43:55', '2019-09-18 08:43:55'),
(2502, 165, 107, 1, '2019-09-18 08:43:55', '2019-09-18 08:43:55'),
(2503, 165, 108, 1, '2019-09-18 08:43:55', '2019-09-18 08:43:55'),
(2504, 165, 109, 1, '2019-09-18 08:43:55', '2019-09-18 08:43:55'),
(2505, 165, 110, 1, '2019-09-18 08:43:55', '2019-09-18 08:43:55'),
(2506, 165, 111, 1, '2019-09-18 08:43:55', '2019-09-18 08:43:55'),
(2507, 165, 112, 1, '2019-09-18 08:43:55', '2019-09-18 08:43:55'),
(2508, 165, 113, 1, '2019-09-18 08:43:55', '2019-09-18 08:43:55'),
(2509, 165, 114, 1, '2019-09-18 08:43:55', '2019-09-18 08:43:55'),
(2550, 166, 94, 1, '2019-09-18 08:59:08', '2019-09-18 08:59:08'),
(2551, 166, 95, 1, '2019-09-18 08:59:08', '2019-09-18 08:59:08'),
(2552, 166, 96, 1, '2019-09-18 08:59:08', '2019-09-18 08:59:08'),
(2553, 166, 97, 1, '2019-09-18 08:59:08', '2019-09-18 08:59:08'),
(2554, 166, 98, 1, '2019-09-18 08:59:08', '2019-09-18 08:59:08'),
(2555, 166, 99, 1, '2019-09-18 08:59:08', '2019-09-18 08:59:08'),
(2556, 166, 101, 1, '2019-09-18 08:59:08', '2019-09-18 08:59:08'),
(2557, 166, 102, 1, '2019-09-18 08:59:08', '2019-09-18 08:59:08'),
(2558, 166, 103, 1, '2019-09-18 08:59:08', '2019-09-18 08:59:08'),
(2559, 166, 104, 1, '2019-09-18 08:59:08', '2019-09-18 08:59:08'),
(2560, 166, 105, 1, '2019-09-18 08:59:08', '2019-09-18 08:59:08'),
(2561, 166, 106, 1, '2019-09-18 08:59:08', '2019-09-18 08:59:08'),
(2562, 166, 107, 1, '2019-09-18 08:59:08', '2019-09-18 08:59:08'),
(2563, 166, 108, 1, '2019-09-18 08:59:08', '2019-09-18 08:59:08'),
(2564, 166, 109, 1, '2019-09-18 08:59:08', '2019-09-18 08:59:08'),
(2565, 166, 110, 1, '2019-09-18 08:59:08', '2019-09-18 08:59:08'),
(2566, 166, 111, 1, '2019-09-18 08:59:08', '2019-09-18 08:59:08'),
(2567, 166, 112, 1, '2019-09-18 08:59:08', '2019-09-18 08:59:08'),
(2568, 166, 113, 1, '2019-09-18 08:59:08', '2019-09-18 08:59:08'),
(2569, 166, 114, 1, '2019-09-18 08:59:08', '2019-09-18 08:59:08'),
(2658, 169, 92, 1, '2019-09-18 09:52:17', '2019-09-18 09:52:17'),
(2659, 169, 93, 1, '2019-09-18 09:52:17', '2019-09-18 09:52:17'),
(2660, 169, 94, 1, '2019-09-18 09:52:17', '2019-09-18 09:52:17'),
(2661, 169, 95, 1, '2019-09-18 09:52:17', '2019-09-18 09:52:17'),
(2662, 169, 96, 1, '2019-09-18 09:52:17', '2019-09-18 09:52:17'),
(2663, 169, 97, 1, '2019-09-18 09:52:17', '2019-09-18 09:52:17'),
(2664, 169, 98, 1, '2019-09-18 09:52:17', '2019-09-18 09:52:17'),
(2665, 169, 99, 1, '2019-09-18 09:52:17', '2019-09-18 09:52:17'),
(2666, 169, 101, 1, '2019-09-18 09:52:17', '2019-09-18 09:52:17'),
(2667, 169, 102, 1, '2019-09-18 09:52:17', '2019-09-18 09:52:17'),
(2668, 169, 103, 1, '2019-09-18 09:52:17', '2019-09-18 09:52:17'),
(2669, 169, 104, 1, '2019-09-18 09:52:17', '2019-09-18 09:52:17'),
(2670, 169, 105, 1, '2019-09-18 09:52:17', '2019-09-18 09:52:17'),
(2671, 169, 106, 1, '2019-09-18 09:52:17', '2019-09-18 09:52:17'),
(2672, 169, 107, 1, '2019-09-18 09:52:17', '2019-09-18 09:52:17'),
(2673, 169, 108, 1, '2019-09-18 09:52:17', '2019-09-18 09:52:17'),
(2674, 169, 109, 1, '2019-09-18 09:52:17', '2019-09-18 09:52:17'),
(2675, 169, 110, 1, '2019-09-18 09:52:17', '2019-09-18 09:52:17'),
(2676, 169, 111, 1, '2019-09-18 09:52:17', '2019-09-18 09:52:17'),
(2677, 169, 112, 1, '2019-09-18 09:52:17', '2019-09-18 09:52:17'),
(2678, 169, 113, 1, '2019-09-18 09:52:17', '2019-09-18 09:52:17'),
(2679, 169, 114, 1, '2019-09-18 09:52:17', '2019-09-18 09:52:17'),
(2724, 170, 92, 1, '2019-09-18 10:24:29', '2019-09-18 10:24:29'),
(2725, 170, 93, 1, '2019-09-18 10:24:29', '2019-09-18 10:24:29'),
(2726, 170, 94, 1, '2019-09-18 10:24:29', '2019-09-18 10:24:29'),
(2727, 170, 95, 1, '2019-09-18 10:24:29', '2019-09-18 10:24:29'),
(2728, 170, 96, 1, '2019-09-18 10:24:29', '2019-09-18 10:24:29'),
(2729, 170, 97, 1, '2019-09-18 10:24:29', '2019-09-18 10:24:29'),
(2730, 170, 98, 1, '2019-09-18 10:24:29', '2019-09-18 10:24:29'),
(2731, 170, 99, 1, '2019-09-18 10:24:29', '2019-09-18 10:24:29'),
(2732, 170, 101, 1, '2019-09-18 10:24:29', '2019-09-18 10:24:29'),
(2733, 170, 102, 1, '2019-09-18 10:24:29', '2019-09-18 10:24:29'),
(2734, 170, 103, 1, '2019-09-18 10:24:29', '2019-09-18 10:24:29'),
(2735, 170, 104, 1, '2019-09-18 10:24:29', '2019-09-18 10:24:29'),
(2736, 170, 105, 1, '2019-09-18 10:24:29', '2019-09-18 10:24:29'),
(2737, 170, 106, 1, '2019-09-18 10:24:29', '2019-09-18 10:24:29'),
(2738, 170, 107, 1, '2019-09-18 10:24:29', '2019-09-18 10:24:29'),
(2739, 170, 108, 1, '2019-09-18 10:24:29', '2019-09-18 10:24:29'),
(2740, 170, 109, 1, '2019-09-18 10:24:29', '2019-09-18 10:24:29'),
(2741, 170, 110, 1, '2019-09-18 10:24:29', '2019-09-18 10:24:29'),
(2742, 170, 111, 1, '2019-09-18 10:24:29', '2019-09-18 10:24:29'),
(2743, 170, 112, 1, '2019-09-18 10:24:29', '2019-09-18 10:24:29'),
(2744, 170, 113, 1, '2019-09-18 10:24:29', '2019-09-18 10:24:29'),
(2745, 170, 114, 1, '2019-09-18 10:24:29', '2019-09-18 10:24:29'),
(2768, 171, 92, 1, '2019-09-18 18:27:58', '2019-09-18 18:27:58'),
(2769, 171, 93, 1, '2019-09-18 18:27:58', '2019-09-18 18:27:58'),
(2770, 171, 94, 1, '2019-09-18 18:27:58', '2019-09-18 18:27:58'),
(2771, 171, 95, 1, '2019-09-18 18:27:58', '2019-09-18 18:27:58'),
(2772, 171, 96, 1, '2019-09-18 18:27:58', '2019-09-18 18:27:58'),
(2773, 171, 97, 1, '2019-09-18 18:27:58', '2019-09-18 18:27:58'),
(2774, 171, 98, 1, '2019-09-18 18:27:58', '2019-09-18 18:27:58'),
(2775, 171, 99, 1, '2019-09-18 18:27:58', '2019-09-18 18:27:58'),
(2776, 171, 101, 1, '2019-09-18 18:27:58', '2019-09-18 18:27:58'),
(2777, 171, 102, 1, '2019-09-18 18:27:58', '2019-09-18 18:27:58'),
(2778, 171, 103, 1, '2019-09-18 18:27:58', '2019-09-18 18:27:58'),
(2779, 171, 104, 1, '2019-09-18 18:27:58', '2019-09-18 18:27:58'),
(2780, 171, 105, 1, '2019-09-18 18:27:58', '2019-09-18 18:27:58'),
(2781, 171, 106, 1, '2019-09-18 18:27:58', '2019-09-18 18:27:58'),
(2782, 171, 107, 1, '2019-09-18 18:27:58', '2019-09-18 18:27:58'),
(2783, 171, 108, 1, '2019-09-18 18:27:58', '2019-09-18 18:27:58'),
(2784, 171, 109, 1, '2019-09-18 18:27:58', '2019-09-18 18:27:58'),
(2785, 171, 110, 1, '2019-09-18 18:27:58', '2019-09-18 18:27:58'),
(2786, 171, 111, 1, '2019-09-18 18:27:58', '2019-09-18 18:27:58'),
(2787, 171, 112, 1, '2019-09-18 18:27:58', '2019-09-18 18:27:58'),
(2788, 171, 113, 1, '2019-09-18 18:27:58', '2019-09-18 18:27:58'),
(2789, 171, 114, 1, '2019-09-18 18:27:58', '2019-09-18 18:27:58'),
(2790, 167, 92, 1, '2019-09-18 18:29:44', '2019-09-18 18:29:44'),
(2791, 167, 93, 1, '2019-09-18 18:29:44', '2019-09-18 18:29:44'),
(2792, 167, 94, 1, '2019-09-18 18:29:44', '2019-09-18 18:29:44'),
(2793, 167, 95, 1, '2019-09-18 18:29:44', '2019-09-18 18:29:44'),
(2794, 167, 96, 1, '2019-09-18 18:29:44', '2019-09-18 18:29:44'),
(2795, 167, 97, 1, '2019-09-18 18:29:44', '2019-09-18 18:29:44'),
(2796, 167, 98, 1, '2019-09-18 18:29:44', '2019-09-18 18:29:44'),
(2797, 167, 99, 1, '2019-09-18 18:29:44', '2019-09-18 18:29:44'),
(2798, 167, 101, 1, '2019-09-18 18:29:44', '2019-09-18 18:29:44'),
(2799, 167, 102, 1, '2019-09-18 18:29:44', '2019-09-18 18:29:44'),
(2800, 167, 103, 1, '2019-09-18 18:29:44', '2019-09-18 18:29:44'),
(2801, 167, 104, 1, '2019-09-18 18:29:44', '2019-09-18 18:29:44'),
(2802, 167, 105, 1, '2019-09-18 18:29:44', '2019-09-18 18:29:44'),
(2803, 167, 106, 1, '2019-09-18 18:29:44', '2019-09-18 18:29:44'),
(2804, 167, 107, 1, '2019-09-18 18:29:44', '2019-09-18 18:29:44'),
(2805, 167, 108, 1, '2019-09-18 18:29:44', '2019-09-18 18:29:44'),
(2806, 167, 109, 1, '2019-09-18 18:29:44', '2019-09-18 18:29:44'),
(2807, 167, 110, 1, '2019-09-18 18:29:44', '2019-09-18 18:29:44'),
(2808, 167, 111, 1, '2019-09-18 18:29:44', '2019-09-18 18:29:44'),
(2809, 167, 112, 1, '2019-09-18 18:29:44', '2019-09-18 18:29:44'),
(2810, 167, 113, 1, '2019-09-18 18:29:44', '2019-09-18 18:29:44'),
(2811, 167, 114, 1, '2019-09-18 18:29:44', '2019-09-18 18:29:44'),
(2834, 172, 92, 1, '2019-09-18 18:50:17', '2019-09-18 18:50:17'),
(2835, 172, 93, 1, '2019-09-18 18:50:17', '2019-09-18 18:50:17'),
(2836, 172, 94, 1, '2019-09-18 18:50:17', '2019-09-18 18:50:17'),
(2837, 172, 95, 1, '2019-09-18 18:50:17', '2019-09-18 18:50:17'),
(2838, 172, 96, 1, '2019-09-18 18:50:17', '2019-09-18 18:50:17'),
(2839, 172, 97, 1, '2019-09-18 18:50:17', '2019-09-18 18:50:17'),
(2840, 172, 98, 1, '2019-09-18 18:50:17', '2019-09-18 18:50:17'),
(2841, 172, 99, 1, '2019-09-18 18:50:17', '2019-09-18 18:50:17'),
(2842, 172, 101, 1, '2019-09-18 18:50:17', '2019-09-18 18:50:17'),
(2843, 172, 102, 1, '2019-09-18 18:50:17', '2019-09-18 18:50:17'),
(2844, 172, 103, 1, '2019-09-18 18:50:17', '2019-09-18 18:50:17'),
(2845, 172, 104, 1, '2019-09-18 18:50:17', '2019-09-18 18:50:17'),
(2846, 172, 105, 1, '2019-09-18 18:50:17', '2019-09-18 18:50:17'),
(2847, 172, 106, 1, '2019-09-18 18:50:17', '2019-09-18 18:50:17'),
(2848, 172, 107, 1, '2019-09-18 18:50:17', '2019-09-18 18:50:17'),
(2849, 172, 108, 1, '2019-09-18 18:50:17', '2019-09-18 18:50:17'),
(2850, 172, 109, 1, '2019-09-18 18:50:17', '2019-09-18 18:50:17'),
(2851, 172, 110, 1, '2019-09-18 18:50:17', '2019-09-18 18:50:17'),
(2852, 172, 111, 1, '2019-09-18 18:50:17', '2019-09-18 18:50:17'),
(2853, 172, 112, 1, '2019-09-18 18:50:17', '2019-09-18 18:50:17'),
(2854, 172, 113, 1, '2019-09-18 18:50:17', '2019-09-18 18:50:17'),
(2855, 172, 114, 1, '2019-09-18 18:50:17', '2019-09-18 18:50:17'),
(2882, 173, 92, 1, '2019-09-18 19:15:42', '2019-09-18 19:15:42'),
(2883, 173, 93, 1, '2019-09-18 19:15:42', '2019-09-18 19:15:42'),
(2884, 173, 94, 1, '2019-09-18 19:15:42', '2019-09-18 19:15:42'),
(2885, 173, 95, 1, '2019-09-18 19:15:42', '2019-09-18 19:15:42'),
(2886, 173, 96, 1, '2019-09-18 19:15:42', '2019-09-18 19:15:42'),
(2887, 173, 97, 1, '2019-09-18 19:15:42', '2019-09-18 19:15:42'),
(2888, 173, 98, 1, '2019-09-18 19:15:42', '2019-09-18 19:15:42'),
(2889, 173, 99, 1, '2019-09-18 19:15:42', '2019-09-18 19:15:42'),
(2890, 173, 101, 1, '2019-09-18 19:15:42', '2019-09-18 19:15:42'),
(2891, 173, 102, 1, '2019-09-18 19:15:42', '2019-09-18 19:15:42'),
(2892, 173, 103, 1, '2019-09-18 19:15:42', '2019-09-18 19:15:42'),
(2893, 173, 104, 1, '2019-09-18 19:15:42', '2019-09-18 19:15:42'),
(2894, 173, 105, 1, '2019-09-18 19:15:42', '2019-09-18 19:15:42'),
(2895, 173, 106, 1, '2019-09-18 19:15:42', '2019-09-18 19:15:42'),
(2896, 173, 107, 1, '2019-09-18 19:15:42', '2019-09-18 19:15:42'),
(2897, 173, 108, 1, '2019-09-18 19:15:42', '2019-09-18 19:15:42'),
(2898, 173, 109, 1, '2019-09-18 19:15:42', '2019-09-18 19:15:42'),
(2899, 173, 110, 1, '2019-09-18 19:15:42', '2019-09-18 19:15:42'),
(2900, 173, 111, 1, '2019-09-18 19:15:42', '2019-09-18 19:15:42'),
(2901, 173, 112, 1, '2019-09-18 19:15:42', '2019-09-18 19:15:42'),
(2902, 173, 113, 1, '2019-09-18 19:15:42', '2019-09-18 19:15:42'),
(2903, 173, 114, 1, '2019-09-18 19:15:42', '2019-09-18 19:15:42'),
(2904, 173, 115, 1, '2019-09-18 19:15:42', '2019-09-18 19:15:42'),
(2905, 173, 116, 1, '2019-09-18 19:15:42', '2019-09-18 19:15:42'),
(2906, 173, 117, 1, '2019-09-18 19:15:42', '2019-09-18 19:15:42'),
(2907, 173, 118, 1, '2019-09-18 19:15:42', '2019-09-18 19:15:42'),
(2934, 174, 92, 1, '2019-09-19 07:03:27', '2019-09-19 07:03:27'),
(2935, 174, 93, 1, '2019-09-19 07:03:27', '2019-09-19 07:03:27'),
(2936, 174, 94, 1, '2019-09-19 07:03:27', '2019-09-19 07:03:27'),
(2937, 174, 95, 1, '2019-09-19 07:03:27', '2019-09-19 07:03:27'),
(2938, 174, 96, 1, '2019-09-19 07:03:27', '2019-09-19 07:03:27'),
(2939, 174, 97, 1, '2019-09-19 07:03:27', '2019-09-19 07:03:27'),
(2940, 174, 98, 1, '2019-09-19 07:03:27', '2019-09-19 07:03:27'),
(2941, 174, 99, 1, '2019-09-19 07:03:27', '2019-09-19 07:03:27'),
(2942, 174, 101, 1, '2019-09-19 07:03:27', '2019-09-19 07:03:27'),
(2943, 174, 102, 1, '2019-09-19 07:03:27', '2019-09-19 07:03:27'),
(2944, 174, 103, 1, '2019-09-19 07:03:27', '2019-09-19 07:03:27'),
(2945, 174, 104, 1, '2019-09-19 07:03:27', '2019-09-19 07:03:27'),
(2946, 174, 105, 1, '2019-09-19 07:03:27', '2019-09-19 07:03:27'),
(2947, 174, 106, 1, '2019-09-19 07:03:27', '2019-09-19 07:03:27'),
(2948, 174, 107, 1, '2019-09-19 07:03:27', '2019-09-19 07:03:27'),
(2949, 174, 108, 1, '2019-09-19 07:03:27', '2019-09-19 07:03:27'),
(2950, 174, 109, 1, '2019-09-19 07:03:27', '2019-09-19 07:03:27'),
(2951, 174, 110, 1, '2019-09-19 07:03:27', '2019-09-19 07:03:27'),
(2952, 174, 111, 1, '2019-09-19 07:03:27', '2019-09-19 07:03:27'),
(2953, 174, 112, 1, '2019-09-19 07:03:27', '2019-09-19 07:03:27'),
(2954, 174, 113, 1, '2019-09-19 07:03:27', '2019-09-19 07:03:27'),
(2955, 174, 114, 1, '2019-09-19 07:03:27', '2019-09-19 07:03:27'),
(2956, 174, 115, 1, '2019-09-19 07:03:27', '2019-09-19 07:03:27'),
(2957, 174, 116, 1, '2019-09-19 07:03:27', '2019-09-19 07:03:27'),
(2958, 174, 117, 1, '2019-09-19 07:03:27', '2019-09-19 07:03:27'),
(2959, 174, 118, 1, '2019-09-19 07:03:27', '2019-09-19 07:03:27'),
(2986, 176, 92, 1, '2019-09-20 09:22:01', '2019-09-20 09:22:01'),
(2987, 176, 93, 1, '2019-09-20 09:22:01', '2019-09-20 09:22:01'),
(2988, 176, 94, 1, '2019-09-20 09:22:01', '2019-09-20 09:22:01'),
(2989, 176, 95, 1, '2019-09-20 09:22:01', '2019-09-20 09:22:01'),
(2990, 176, 96, 1, '2019-09-20 09:22:01', '2019-09-20 09:22:01'),
(2991, 176, 97, 1, '2019-09-20 09:22:01', '2019-09-20 09:22:01'),
(2992, 176, 98, 1, '2019-09-20 09:22:01', '2019-09-20 09:22:01'),
(2993, 176, 99, 1, '2019-09-20 09:22:01', '2019-09-20 09:22:01'),
(2994, 176, 101, 1, '2019-09-20 09:22:01', '2019-09-20 09:22:01'),
(2995, 176, 102, 1, '2019-09-20 09:22:01', '2019-09-20 09:22:01'),
(2996, 176, 103, 1, '2019-09-20 09:22:01', '2019-09-20 09:22:01'),
(2997, 176, 104, 1, '2019-09-20 09:22:01', '2019-09-20 09:22:01'),
(2998, 176, 105, 1, '2019-09-20 09:22:01', '2019-09-20 09:22:01'),
(2999, 176, 106, 1, '2019-09-20 09:22:01', '2019-09-20 09:22:01'),
(3000, 176, 107, 1, '2019-09-20 09:22:01', '2019-09-20 09:22:01'),
(3001, 176, 108, 1, '2019-09-20 09:22:01', '2019-09-20 09:22:01'),
(3002, 176, 109, 1, '2019-09-20 09:22:01', '2019-09-20 09:22:01'),
(3003, 176, 110, 1, '2019-09-20 09:22:01', '2019-09-20 09:22:01'),
(3004, 176, 111, 1, '2019-09-20 09:22:01', '2019-09-20 09:22:01'),
(3005, 176, 112, 1, '2019-09-20 09:22:01', '2019-09-20 09:22:01'),
(3006, 176, 113, 1, '2019-09-20 09:22:01', '2019-09-20 09:22:01'),
(3007, 176, 114, 1, '2019-09-20 09:22:01', '2019-09-20 09:22:01'),
(3008, 176, 115, 1, '2019-09-20 09:22:01', '2019-09-20 09:22:01'),
(3009, 176, 116, 1, '2019-09-20 09:22:01', '2019-09-20 09:22:01'),
(3010, 176, 117, 1, '2019-09-20 09:22:01', '2019-09-20 09:22:01'),
(3011, 176, 118, 1, '2019-09-20 09:22:01', '2019-09-20 09:22:01'),
(3064, 177, 92, 1, '2019-09-20 09:41:02', '2019-09-20 09:41:02'),
(3065, 177, 93, 1, '2019-09-20 09:41:02', '2019-09-20 09:41:02'),
(3066, 177, 94, 1, '2019-09-20 09:41:02', '2019-09-20 09:41:02'),
(3067, 177, 95, 1, '2019-09-20 09:41:02', '2019-09-20 09:41:02'),
(3068, 177, 96, 1, '2019-09-20 09:41:02', '2019-09-20 09:41:02'),
(3069, 177, 97, 1, '2019-09-20 09:41:02', '2019-09-20 09:41:02'),
(3070, 177, 98, 1, '2019-09-20 09:41:02', '2019-09-20 09:41:02'),
(3071, 177, 99, 1, '2019-09-20 09:41:02', '2019-09-20 09:41:02'),
(3072, 177, 101, 1, '2019-09-20 09:41:02', '2019-09-20 09:41:02'),
(3073, 177, 102, 1, '2019-09-20 09:41:02', '2019-09-20 09:41:02'),
(3074, 177, 103, 1, '2019-09-20 09:41:02', '2019-09-20 09:41:02'),
(3075, 177, 104, 1, '2019-09-20 09:41:02', '2019-09-20 09:41:02'),
(3076, 177, 105, 1, '2019-09-20 09:41:02', '2019-09-20 09:41:02'),
(3077, 177, 106, 1, '2019-09-20 09:41:02', '2019-09-20 09:41:02'),
(3078, 177, 107, 1, '2019-09-20 09:41:02', '2019-09-20 09:41:02'),
(3079, 177, 108, 1, '2019-09-20 09:41:02', '2019-09-20 09:41:02'),
(3080, 177, 109, 1, '2019-09-20 09:41:02', '2019-09-20 09:41:02'),
(3081, 177, 110, 1, '2019-09-20 09:41:02', '2019-09-20 09:41:02'),
(3082, 177, 111, 1, '2019-09-20 09:41:02', '2019-09-20 09:41:02'),
(3083, 177, 112, 1, '2019-09-20 09:41:02', '2019-09-20 09:41:02'),
(3084, 177, 113, 1, '2019-09-20 09:41:02', '2019-09-20 09:41:02'),
(3085, 177, 114, 1, '2019-09-20 09:41:02', '2019-09-20 09:41:02'),
(3086, 177, 115, 1, '2019-09-20 09:41:02', '2019-09-20 09:41:02'),
(3087, 177, 116, 1, '2019-09-20 09:41:02', '2019-09-20 09:41:02'),
(3088, 177, 117, 1, '2019-09-20 09:41:02', '2019-09-20 09:41:02'),
(3089, 177, 118, 1, '2019-09-20 09:41:02', '2019-09-20 09:41:02'),
(3249, 138, 4, 2, '2019-09-24 07:55:14', '2019-09-24 07:55:14'),
(3250, 138, 5, 2, '2019-09-24 07:55:14', '2019-09-24 07:55:14'),
(3251, 138, 6, 2, '2019-09-24 07:55:14', '2019-09-24 07:55:14'),
(3252, 138, 7, 2, '2019-09-24 07:55:14', '2019-09-24 07:55:14'),
(3253, 138, 8, 2, '2019-09-24 07:55:14', '2019-09-24 07:55:14'),
(3254, 138, 9, 2, '2019-09-24 07:55:14', '2019-09-24 07:55:14'),
(3255, 138, 10, 2, '2019-09-24 07:55:14', '2019-09-24 07:55:14'),
(3256, 138, 11, 2, '2019-09-24 07:55:14', '2019-09-24 07:55:14'),
(3257, 138, 12, 2, '2019-09-24 07:55:14', '2019-09-24 07:55:14'),
(3258, 138, 13, 2, '2019-09-24 07:55:14', '2019-09-24 07:55:14'),
(3259, 138, 14, 2, '2019-09-24 07:55:14', '2019-09-24 07:55:14'),
(3260, 138, 15, 2, '2019-09-24 07:55:14', '2019-09-24 07:55:14'),
(3261, 138, 16, 2, '2019-09-24 07:55:14', '2019-09-24 07:55:14'),
(3262, 138, 17, 2, '2019-09-24 07:55:14', '2019-09-24 07:55:14'),
(3263, 138, 18, 2, '2019-09-24 07:55:14', '2019-09-24 07:55:14'),
(3264, 138, 19, 2, '2019-09-24 07:55:14', '2019-09-24 07:55:14'),
(3265, 138, 20, 2, '2019-09-24 07:55:14', '2019-09-24 07:55:14'),
(3266, 138, 21, 2, '2019-09-24 07:55:14', '2019-09-24 07:55:14'),
(3267, 138, 22, 2, '2019-09-24 07:55:14', '2019-09-24 07:55:14'),
(3268, 138, 23, 2, '2019-09-24 07:55:14', '2019-09-24 07:55:14'),
(3269, 138, 24, 2, '2019-09-24 07:55:14', '2019-09-24 07:55:14'),
(3270, 138, 25, 2, '2019-09-24 07:55:14', '2019-09-24 07:55:14'),
(3271, 138, 26, 2, '2019-09-24 07:55:14', '2019-09-24 07:55:14'),
(3272, 138, 27, 2, '2019-09-24 07:55:14', '2019-09-24 07:55:14'),
(3273, 138, 28, 2, '2019-09-24 07:55:14', '2019-09-24 07:55:14'),
(3274, 138, 30, 2, '2019-09-24 07:55:14', '2019-09-24 07:55:14'),
(3275, 138, 32, 2, '2019-09-24 07:55:14', '2019-09-24 07:55:14'),
(3276, 138, 34, 2, '2019-09-24 07:55:14', '2019-09-24 07:55:14'),
(3277, 138, 36, 2, '2019-09-24 07:55:14', '2019-09-24 07:55:14'),
(3278, 138, 38, 2, '2019-09-24 07:55:14', '2019-09-24 07:55:14'),
(3279, 138, 40, 2, '2019-09-24 07:55:14', '2019-09-24 07:55:14'),
(3280, 138, 41, 2, '2019-09-24 07:55:14', '2019-09-24 07:55:14'),
(3281, 138, 42, 2, '2019-09-24 07:55:14', '2019-09-24 07:55:14'),
(3282, 138, 43, 2, '2019-09-24 07:55:14', '2019-09-24 07:55:14'),
(3283, 138, 44, 2, '2019-09-24 07:55:14', '2019-09-24 07:55:14'),
(3284, 138, 45, 2, '2019-09-24 07:55:14', '2019-09-24 07:55:14'),
(3285, 138, 46, 2, '2019-09-24 07:55:14', '2019-09-24 07:55:14'),
(3286, 138, 51, 2, '2019-09-24 07:55:14', '2019-09-24 07:55:14'),
(3287, 138, 52, 2, '2019-09-24 07:55:14', '2019-09-24 07:55:14'),
(3288, 138, 53, 2, '2019-09-24 07:55:14', '2019-09-24 07:55:14'),
(3289, 138, 54, 2, '2019-09-24 07:55:14', '2019-09-24 07:55:14'),
(3290, 138, 55, 2, '2019-09-24 07:55:14', '2019-09-24 07:55:14'),
(3291, 138, 56, 2, '2019-09-24 07:55:14', '2019-09-24 07:55:14'),
(3292, 138, 57, 2, '2019-09-24 07:55:14', '2019-09-24 07:55:14'),
(3293, 138, 58, 2, '2019-09-24 07:55:14', '2019-09-24 07:55:14'),
(3294, 138, 59, 2, '2019-09-24 07:55:14', '2019-09-24 07:55:14'),
(3295, 138, 60, 2, '2019-09-24 07:55:14', '2019-09-24 07:55:14'),
(3296, 138, 61, 2, '2019-09-24 07:55:14', '2019-09-24 07:55:14'),
(3297, 138, 62, 2, '2019-09-24 07:55:14', '2019-09-24 07:55:14'),
(3298, 138, 63, 2, '2019-09-24 07:55:14', '2019-09-24 07:55:14'),
(3299, 138, 64, 2, '2019-09-24 07:55:14', '2019-09-24 07:55:14'),
(3300, 138, 65, 2, '2019-09-24 07:55:14', '2019-09-24 07:55:14'),
(3301, 138, 66, 2, '2019-09-24 07:55:14', '2019-09-24 07:55:14'),
(3302, 138, 67, 2, '2019-09-24 07:55:14', '2019-09-24 07:55:14'),
(3303, 138, 68, 2, '2019-09-24 07:55:14', '2019-09-24 07:55:14'),
(3304, 138, 69, 2, '2019-09-24 07:55:14', '2019-09-24 07:55:14'),
(3305, 138, 70, 2, '2019-09-24 07:55:14', '2019-09-24 07:55:14'),
(3306, 138, 71, 2, '2019-09-24 07:55:14', '2019-09-24 07:55:14'),
(3307, 138, 72, 2, '2019-09-24 07:55:14', '2019-09-24 07:55:14'),
(3308, 138, 73, 2, '2019-09-24 07:55:14', '2019-09-24 07:55:14'),
(3309, 138, 74, 2, '2019-09-24 07:55:14', '2019-09-24 07:55:14'),
(3310, 143, 4, 2, '2019-09-26 07:15:08', '2019-09-26 07:15:08'),
(3311, 143, 5, 2, '2019-09-26 07:15:08', '2019-09-26 07:15:08'),
(3312, 143, 6, 2, '2019-09-26 07:15:08', '2019-09-26 07:15:08'),
(3313, 143, 7, 2, '2019-09-26 07:15:08', '2019-09-26 07:15:08'),
(3314, 143, 8, 2, '2019-09-26 07:15:08', '2019-09-26 07:15:08'),
(3315, 143, 9, 2, '2019-09-26 07:15:08', '2019-09-26 07:15:08'),
(3316, 143, 10, 2, '2019-09-26 07:15:08', '2019-09-26 07:15:08'),
(3317, 143, 11, 2, '2019-09-26 07:15:08', '2019-09-26 07:15:08'),
(3318, 143, 12, 2, '2019-09-26 07:15:08', '2019-09-26 07:15:08'),
(3319, 143, 13, 2, '2019-09-26 07:15:08', '2019-09-26 07:15:08'),
(3320, 143, 14, 2, '2019-09-26 07:15:08', '2019-09-26 07:15:08'),
(3321, 143, 15, 2, '2019-09-26 07:15:08', '2019-09-26 07:15:08'),
(3322, 143, 16, 2, '2019-09-26 07:15:08', '2019-09-26 07:15:08'),
(3323, 143, 17, 2, '2019-09-26 07:15:08', '2019-09-26 07:15:08'),
(3324, 143, 18, 2, '2019-09-26 07:15:08', '2019-09-26 07:15:08'),
(3325, 143, 19, 2, '2019-09-26 07:15:08', '2019-09-26 07:15:08'),
(3326, 143, 20, 2, '2019-09-26 07:15:08', '2019-09-26 07:15:08'),
(3327, 143, 21, 2, '2019-09-26 07:15:08', '2019-09-26 07:15:08'),
(3328, 143, 22, 2, '2019-09-26 07:15:08', '2019-09-26 07:15:08'),
(3329, 143, 23, 2, '2019-09-26 07:15:08', '2019-09-26 07:15:08'),
(3330, 143, 24, 2, '2019-09-26 07:15:08', '2019-09-26 07:15:08'),
(3331, 143, 25, 2, '2019-09-26 07:15:08', '2019-09-26 07:15:08'),
(3332, 143, 26, 2, '2019-09-26 07:15:08', '2019-09-26 07:15:08'),
(3333, 143, 27, 2, '2019-09-26 07:15:08', '2019-09-26 07:15:08'),
(3334, 143, 28, 2, '2019-09-26 07:15:08', '2019-09-26 07:15:08'),
(3335, 143, 29, 2, '2019-09-26 07:15:08', '2019-09-26 07:15:08'),
(3336, 143, 30, 2, '2019-09-26 07:15:08', '2019-09-26 07:15:08'),
(3337, 143, 31, 2, '2019-09-26 07:15:08', '2019-09-26 07:15:08'),
(3338, 143, 32, 2, '2019-09-26 07:15:08', '2019-09-26 07:15:08'),
(3339, 143, 33, 2, '2019-09-26 07:15:08', '2019-09-26 07:15:08'),
(3340, 143, 34, 2, '2019-09-26 07:15:08', '2019-09-26 07:15:08'),
(3341, 143, 35, 2, '2019-09-26 07:15:08', '2019-09-26 07:15:08'),
(3342, 143, 36, 2, '2019-09-26 07:15:08', '2019-09-26 07:15:08'),
(3343, 143, 37, 2, '2019-09-26 07:15:08', '2019-09-26 07:15:08'),
(3344, 143, 38, 2, '2019-09-26 07:15:08', '2019-09-26 07:15:08'),
(3345, 143, 39, 2, '2019-09-26 07:15:08', '2019-09-26 07:15:08'),
(3346, 143, 40, 2, '2019-09-26 07:15:08', '2019-09-26 07:15:08'),
(3347, 163, 94, 1, '2019-09-26 07:25:53', '2019-09-26 07:25:53'),
(3348, 163, 95, 1, '2019-09-26 07:25:53', '2019-09-26 07:25:53'),
(3349, 163, 96, 1, '2019-09-26 07:25:53', '2019-09-26 07:25:53'),
(3350, 163, 97, 1, '2019-09-26 07:25:53', '2019-09-26 07:25:53'),
(3351, 163, 98, 1, '2019-09-26 07:25:53', '2019-09-26 07:25:53'),
(3352, 163, 99, 1, '2019-09-26 07:25:53', '2019-09-26 07:25:53'),
(3353, 163, 101, 1, '2019-09-26 07:25:53', '2019-09-26 07:25:53'),
(3354, 163, 102, 1, '2019-09-26 07:25:53', '2019-09-26 07:25:53'),
(3355, 163, 103, 1, '2019-09-26 07:25:53', '2019-09-26 07:25:53'),
(3356, 163, 104, 1, '2019-09-26 07:25:53', '2019-09-26 07:25:53'),
(3357, 163, 105, 1, '2019-09-26 07:25:53', '2019-09-26 07:25:53'),
(3358, 163, 106, 1, '2019-09-26 07:25:53', '2019-09-26 07:25:53'),
(3359, 163, 107, 1, '2019-09-26 07:25:53', '2019-09-26 07:25:53'),
(3360, 163, 108, 1, '2019-09-26 07:25:53', '2019-09-26 07:25:53'),
(3361, 163, 109, 1, '2019-09-26 07:25:53', '2019-09-26 07:25:53'),
(3362, 163, 110, 1, '2019-09-26 07:25:53', '2019-09-26 07:25:53'),
(3363, 163, 111, 1, '2019-09-26 07:25:53', '2019-09-26 07:25:53'),
(3364, 163, 112, 1, '2019-09-26 07:25:53', '2019-09-26 07:25:53'),
(3365, 163, 113, 1, '2019-09-26 07:25:53', '2019-09-26 07:25:53'),
(3366, 163, 114, 1, '2019-09-26 07:25:53', '2019-09-26 07:25:53'),
(3367, 163, 115, 1, '2019-09-26 07:25:53', '2019-09-26 07:25:53'),
(3368, 163, 116, 1, '2019-09-26 07:25:53', '2019-09-26 07:25:53'),
(3369, 163, 117, 1, '2019-09-26 07:25:53', '2019-09-26 07:25:53'),
(3370, 163, 118, 1, '2019-09-26 07:25:53', '2019-09-26 07:25:53');

-- --------------------------------------------------------

--
-- Table structure for table `product_attributes`
--

CREATE TABLE `product_attributes` (
  `id` int(10) UNSIGNED NOT NULL,
  `created_at` timestamp NULL DEFAULT NULL,
  `updated_at` timestamp NULL DEFAULT NULL,
  `deleted_at` timestamp NULL DEFAULT NULL,
  `product_id` int(10) UNSIGNED NOT NULL,
  `pr_attribute_id` int(10) UNSIGNED NOT NULL,
  `language_id` int(10) UNSIGNED NOT NULL,
  `text` text COLLATE utf8mb4_unicode_ci DEFAULT NULL
) ENGINE=InnoDB DEFAULT CHARSET=utf8mb4 COLLATE=utf8mb4_unicode_ci;

--
-- Dumping data for table `product_attributes`
--

INSERT INTO `product_attributes` (`id`, `created_at`, `updated_at`, `deleted_at`, `product_id`, `pr_attribute_id`, `language_id`, `text`) VALUES
(298, '2019-09-16 08:36:55', '2019-09-16 08:36:55', NULL, 138, 20, 1, 'DAY ACUVUE  MOIST'),
(299, '2019-09-16 08:36:55', '2019-09-16 08:36:55', NULL, 138, 20, 2, 'عدسات اكيوفيو مويست اليومية'),
(300, '2019-09-16 08:36:55', '2019-09-16 08:36:55', NULL, 138, 21, 1, 'etafilcon A'),
(301, '2019-09-16 08:36:55', '2019-09-16 08:36:55', NULL, 138, 21, 2, 'etafilcon A'),
(302, '2019-09-16 08:36:55', '2019-09-16 08:36:55', NULL, 138, 22, 1, '58%'),
(303, '2019-09-16 08:36:55', '2019-09-16 08:36:55', NULL, 138, 22, 2, '58%'),
(304, '2019-09-16 08:36:55', '2019-09-16 08:36:55', NULL, 138, 23, 1, '14.2mm'),
(305, '2019-09-16 08:36:55', '2019-09-16 08:36:55', NULL, 138, 23, 2, '14.2mm'),
(306, '2019-09-16 08:36:55', '2019-09-16 08:36:55', NULL, 138, 24, 1, '8.5mm, 9.0mm'),
(307, '2019-09-16 08:36:55', '2019-09-16 08:36:55', NULL, 138, 24, 2, '8.5mm, 9.0mm'),
(308, '2019-09-16 08:36:55', '2019-09-16 08:36:55', NULL, 138, 25, 1, 'Myopia & Hyperopia'),
(309, '2019-09-16 08:36:55', '2019-09-16 08:36:55', NULL, 138, 25, 2, 'لعلاج قصر وطول النظر'),
(310, '2019-09-16 08:36:55', '2019-09-16 08:36:55', NULL, 138, 26, 1, 'تستخدم لمدة يوم واحد'),
(311, '2019-09-16 08:36:55', '2019-09-16 08:36:55', NULL, 138, 26, 2, 'Single use: 1 day replacement'),
(312, '2019-09-16 08:36:55', '2019-09-16 08:36:55', NULL, 138, 27, 1, 'It is not recommended to sleep with lenses'),
(313, '2019-09-16 08:36:55', '2019-09-16 08:36:55', NULL, 138, 27, 2, 'غير مرخص للنوم بها'),
(314, '2019-09-16 08:36:55', '2019-09-16 08:36:55', NULL, 138, 28, 1, '30, 90, 180 lenses'),
(315, '2019-09-16 08:36:55', '2019-09-16 08:36:55', NULL, 138, 28, 2, '30, 90, 180 lenses'),
(316, '2019-09-16 08:54:59', '2019-09-16 08:54:59', NULL, 139, 20, 1, 'DAY ACUVUE  MOIST for ASTIGMATISM'),
(317, '2019-09-16 08:54:59', '2019-09-16 08:54:59', NULL, 139, 20, 2, 'عدسات ون داي اكيوفيو مويست  تورك'),
(318, '2019-09-16 08:54:59', '2019-09-16 08:54:59', NULL, 139, 21, 1, 'etafilcon A'),
(319, '2019-09-16 08:54:59', '2019-09-16 08:54:59', NULL, 139, 21, 2, 'etafilcon A'),
(320, '2019-09-16 08:54:59', '2019-09-16 08:54:59', NULL, 139, 22, 1, '58%'),
(321, '2019-09-16 08:54:59', '2019-09-16 08:54:59', NULL, 139, 22, 2, '58%'),
(322, '2019-09-16 08:54:59', '2019-09-16 08:54:59', NULL, 139, 23, 1, '14.5mm'),
(323, '2019-09-16 08:54:59', '2019-09-16 08:54:59', NULL, 139, 23, 2, '14.5mm'),
(324, '2019-09-16 08:54:59', '2019-09-16 08:54:59', NULL, 139, 24, 1, '8.5mm'),
(325, '2019-09-16 08:54:59', '2019-09-16 08:54:59', NULL, 139, 24, 2, '8.5mm'),
(326, '2019-09-16 08:54:59', '2019-09-16 08:54:59', NULL, 139, 25, 1, 'for ASTIGMATISM'),
(327, '2019-09-16 08:54:59', '2019-09-16 08:54:59', NULL, 139, 25, 2, 'لمعالجة انحراف القرنية'),
(328, '2019-09-16 08:54:59', '2019-09-16 08:54:59', NULL, 139, 26, 1, 'Vertical single lines at 6 and 12 o’clock'),
(329, '2019-09-16 08:54:59', '2019-09-16 08:54:59', NULL, 139, 26, 2, 'Vertical single lines at 6 and 12 o’clock'),
(330, '2019-09-16 08:54:59', '2019-09-16 08:54:59', NULL, 139, 27, 1, 'It is not recommended to sleep lens'),
(331, '2019-09-16 08:54:59', '2019-09-16 08:54:59', NULL, 139, 27, 2, 'لاينصح  للنوم بالعدسة'),
(332, '2019-09-16 08:54:59', '2019-09-16 08:54:59', NULL, 139, 28, 1, 'عبوة من 30 عدسة'),
(333, '2019-09-16 08:54:59', '2019-09-16 08:54:59', NULL, 139, 28, 2, 'Pack of 30 lenses'),
(334, '2019-09-16 16:48:02', '2019-09-16 16:48:02', NULL, 140, 20, 1, 'ACUVUE OASYS HYDRACLEAR PLUS'),
(335, '2019-09-16 16:48:02', '2019-09-16 16:48:02', NULL, 140, 20, 2, 'عدسات اكيوفيو اويسيس هيدراكلير الاسبوعية'),
(336, '2019-09-16 16:48:02', '2019-09-16 16:48:02', NULL, 140, 21, 1, 'senofilcon A'),
(337, '2019-09-16 16:48:02', '2019-09-16 16:48:02', NULL, 140, 21, 2, 'senofilcon A'),
(338, '2019-09-16 16:48:02', '2019-09-16 16:48:02', NULL, 140, 22, 1, '38%'),
(339, '2019-09-16 16:48:02', '2019-09-16 16:48:02', NULL, 140, 22, 2, '38%'),
(340, '2019-09-16 16:48:02', '2019-09-16 16:48:02', NULL, 140, 23, 1, '14.0mm'),
(341, '2019-09-16 16:48:02', '2019-09-16 16:48:02', NULL, 140, 23, 2, '14.0mm'),
(342, '2019-09-16 16:48:02', '2019-09-16 16:48:02', NULL, 140, 24, 1, '8.4mm, 8.8mm'),
(343, '2019-09-16 16:48:02', '2019-09-16 16:48:02', NULL, 140, 24, 2, '8.4mm, 8.8mm'),
(344, '2019-09-16 16:48:02', '2019-09-16 16:48:02', NULL, 140, 25, 1, NULL),
(345, '2019-09-16 16:48:02', '2019-09-16 16:48:02', NULL, 140, 25, 2, NULL),
(346, '2019-09-16 16:48:02', '2019-09-16 16:48:02', NULL, 140, 26, 1, 'Two weeks after opening'),
(347, '2019-09-16 16:48:02', '2019-09-16 16:48:02', NULL, 140, 26, 2, 'اسبوعين بعد الفتح'),
(348, '2019-09-16 16:48:02', '2019-09-16 16:48:02', NULL, 140, 27, 1, 'Myopia & Hyperopia'),
(349, '2019-09-16 16:48:02', '2019-09-16 16:48:02', NULL, 140, 27, 2, 'لتصحيح قصر النظر وبعد النظر'),
(350, '2019-09-16 16:48:02', '2019-09-16 16:48:02', NULL, 140, 28, 1, '6,12, 24 lenses'),
(351, '2019-09-16 16:48:02', '2019-09-16 16:48:02', NULL, 140, 28, 2, '6,12, 24 lenses'),
(352, '2019-09-16 17:14:26', '2019-09-16 17:14:26', NULL, 141, 20, 1, 'ACUVUE OASYS® 1-Day'),
(353, '2019-09-16 17:14:26', '2019-09-16 17:14:26', NULL, 141, 20, 2, 'عدسات اكيوفيو اويسيس اليومية ٣٠ عدسة'),
(354, '2019-09-16 17:14:26', '2019-09-16 17:14:26', NULL, 141, 21, 1, 'senofilcon A'),
(355, '2019-09-16 17:14:26', '2019-09-16 17:14:26', NULL, 141, 21, 2, 'senofilcon A'),
(356, '2019-09-16 17:14:26', '2019-09-16 17:14:26', NULL, 141, 22, 1, '38%'),
(357, '2019-09-16 17:14:26', '2019-09-16 17:14:26', NULL, 141, 22, 2, '38%'),
(358, '2019-09-16 17:14:26', '2019-09-16 17:14:26', NULL, 141, 23, 1, '14.3 mm'),
(359, '2019-09-16 17:14:26', '2019-09-16 17:14:26', NULL, 141, 23, 2, '14.3 mm'),
(360, '2019-09-16 17:14:26', '2019-09-16 17:14:26', NULL, 141, 24, 1, '8.5'),
(361, '2019-09-16 17:14:26', '2019-09-16 17:14:26', NULL, 141, 24, 2, '8.5'),
(362, '2019-09-16 17:14:26', '2019-09-16 17:14:26', NULL, 141, 25, 1, 'Myopia & Hyperopia'),
(363, '2019-09-16 17:14:26', '2019-09-16 17:14:26', NULL, 141, 25, 2, 'قصر وطول النظر'),
(364, '2019-09-16 17:14:26', '2019-09-16 17:14:26', NULL, 141, 26, 1, 'day replacement'),
(365, '2019-09-16 17:14:26', '2019-09-16 17:14:26', NULL, 141, 26, 2, 'تستبدل العدسة يوميا'),
(366, '2019-09-16 17:14:26', '2019-09-16 17:14:26', NULL, 141, 27, 1, 'Daily wear and up to 6 nights extended wear\r\nIt is not recommended to sleep with lenses'),
(367, '2019-09-16 17:14:26', '2019-09-16 17:14:26', NULL, 141, 27, 2, 'تستخدم صباحا حتى 6 مساء \r\nغير مرخص للنوم بالعدسة'),
(368, '2019-09-16 17:14:26', '2019-09-16 17:14:26', NULL, 141, 28, 1, '30, 90 lenses'),
(369, '2019-09-16 17:14:26', '2019-09-16 17:14:26', NULL, 141, 28, 2, '30,90 عدسة'),
(370, '2019-09-16 17:27:38', '2019-09-16 17:27:38', NULL, 142, 20, 1, 'AIR OPTIX  plus HydraGlyde-6'),
(371, '2019-09-16 17:27:38', '2019-09-16 17:27:38', NULL, 142, 20, 2, 'اير اوبتكس بلس هيدراغليد - عبوة من 6 عدسات'),
(372, '2019-09-16 17:27:38', '2019-09-16 17:27:38', NULL, 142, 21, 1, 'filcon B'),
(373, '2019-09-16 17:27:38', '2019-09-16 17:27:38', NULL, 142, 21, 2, 'filcon B'),
(374, '2019-09-16 17:27:38', '2019-09-16 17:27:38', NULL, 142, 22, 1, '33%'),
(375, '2019-09-16 17:27:38', '2019-09-16 17:27:38', NULL, 142, 22, 2, '33%'),
(376, '2019-09-16 17:27:38', '2019-09-16 17:27:38', NULL, 142, 23, 1, '14.2 mm'),
(377, '2019-09-16 17:27:38', '2019-09-16 17:27:38', NULL, 142, 23, 2, '14.2 mm'),
(378, '2019-09-16 17:27:38', '2019-09-16 17:27:38', NULL, 142, 24, 1, '8.6 mm'),
(379, '2019-09-16 17:27:38', '2019-09-16 17:27:38', NULL, 142, 24, 2, '8.6 mm'),
(380, '2019-09-16 17:27:38', '2019-09-16 17:27:38', NULL, 142, 25, 1, 'Myopia & Hyperopia'),
(381, '2019-09-16 17:27:38', '2019-09-16 17:27:38', NULL, 142, 25, 2, 'لعلاج قصر أو طول النظر'),
(382, '2019-09-16 17:27:38', '2019-09-16 17:27:38', NULL, 142, 26, 1, 'One month for each lens after opening'),
(383, '2019-09-16 17:27:38', '2019-09-16 17:27:38', NULL, 142, 26, 2, 'شهر واحد لكل عدسة بعد الفتح'),
(384, '2019-09-16 17:27:38', '2019-09-16 17:27:38', NULL, 142, 27, 1, 'It is not recommended to sleep with lenses'),
(385, '2019-09-16 17:27:38', '2019-09-16 17:27:38', NULL, 142, 27, 2, 'خير مرخص للنوم بها'),
(386, '2019-09-16 17:27:38', '2019-09-16 17:27:38', NULL, 142, 28, 1, '6 lenses'),
(387, '2019-09-16 17:27:38', '2019-09-16 17:27:38', NULL, 142, 28, 2, '6 عدسات'),
(388, '2019-09-16 17:41:58', '2019-09-16 17:41:58', NULL, 143, 20, 1, 'Biotrue ONEday'),
(389, '2019-09-16 17:41:58', '2019-09-16 17:41:58', NULL, 143, 20, 2, 'بايوترو وان داى'),
(390, '2019-09-16 17:41:58', '2019-09-16 17:41:58', NULL, 143, 21, 1, 'nesofilicon A'),
(391, '2019-09-16 17:41:58', '2019-09-16 17:41:58', NULL, 143, 21, 2, 'nesofilicon A'),
(392, '2019-09-16 17:41:58', '2019-09-16 17:41:58', NULL, 143, 22, 1, '78%'),
(393, '2019-09-16 17:41:58', '2019-09-16 17:41:58', NULL, 143, 22, 2, '78%'),
(394, '2019-09-16 17:41:58', '2019-09-16 17:41:58', NULL, 143, 23, 1, '14.2mm'),
(395, '2019-09-16 17:41:58', '2019-09-16 17:41:58', NULL, 143, 23, 2, '14.2mm'),
(396, '2019-09-16 17:41:58', '2019-09-16 17:41:58', NULL, 143, 24, 1, '8.6 mm'),
(397, '2019-09-16 17:41:58', '2019-09-16 17:41:58', NULL, 143, 24, 2, '8.6 mm'),
(398, '2019-09-16 17:41:58', '2019-09-16 17:41:58', NULL, 143, 25, 1, 'Myopia & Hyperopia'),
(399, '2019-09-16 17:41:58', '2019-09-16 17:41:58', NULL, 143, 25, 2, 'لعلاج قصر أو طول النظر'),
(400, '2019-09-16 17:41:58', '2019-09-16 17:41:58', NULL, 143, 26, 1, 'Daily disposable'),
(401, '2019-09-16 17:41:58', '2019-09-16 17:41:58', NULL, 143, 26, 2, 'تستخدم لمدة يوم واحد'),
(402, '2019-09-16 17:41:58', '2019-09-16 17:41:58', NULL, 143, 27, 1, 'Daily wear a full 16 hours\r\nIt is not recommended to sleep with lenses'),
(403, '2019-09-16 17:41:58', '2019-09-16 17:41:58', NULL, 143, 27, 2, 'تستخدم حتى 16 ساعة \r\n  غير مرخص للنوم بها'),
(404, '2019-09-16 17:41:58', '2019-09-16 17:41:58', NULL, 143, 28, 1, '30,90 lens'),
(405, '2019-09-16 17:41:58', '2019-09-16 17:41:58', NULL, 143, 28, 2, '30,90 عدسة'),
(406, '2019-09-16 17:53:57', '2019-09-16 17:53:57', NULL, 144, 20, 1, 'DAILIES TOTAL1 CONTACT LENSES'),
(407, '2019-09-16 17:53:57', '2019-09-16 17:53:57', NULL, 144, 20, 2, 'عدسات توتل وان اليومية'),
(408, '2019-09-16 17:53:57', '2019-09-16 17:53:57', NULL, 144, 21, 1, 'delefilcon A'),
(409, '2019-09-16 17:53:57', '2019-09-16 17:53:57', NULL, 144, 21, 2, 'delefilcon A'),
(410, '2019-09-16 17:53:57', '2019-09-16 17:53:57', NULL, 144, 22, 1, '80%'),
(411, '2019-09-16 17:53:57', '2019-09-16 17:53:57', NULL, 144, 22, 2, '80%'),
(412, '2019-09-16 17:53:57', '2019-09-16 17:53:57', NULL, 144, 23, 1, '14.1 mm'),
(413, '2019-09-16 17:53:57', '2019-09-16 17:53:57', NULL, 144, 23, 2, '14.1 mm'),
(414, '2019-09-16 17:53:57', '2019-09-16 17:53:57', NULL, 144, 24, 1, ': 8.5 mm'),
(415, '2019-09-16 17:53:57', '2019-09-16 17:53:57', NULL, 144, 24, 2, ': 8.5 mm'),
(416, '2019-09-16 17:53:57', '2019-09-16 17:53:57', NULL, 144, 25, 1, 'Myopia & Hyperopia'),
(417, '2019-09-16 17:53:57', '2019-09-16 17:53:57', NULL, 144, 25, 2, 'لعلاج قصر وطول النظر'),
(418, '2019-09-16 17:53:57', '2019-09-16 17:53:57', NULL, 144, 26, 1, 'Single use: 1 day replacement'),
(419, '2019-09-16 17:53:57', '2019-09-16 17:53:57', NULL, 144, 26, 2, 'تستخدم لمدة يوم واحد'),
(420, '2019-09-16 17:53:57', '2019-09-16 17:53:57', NULL, 144, 27, 1, 'Daily wear a full 16 hours2\r\nIt is not recommended to sleep with lenses'),
(421, '2019-09-16 17:53:57', '2019-09-16 17:53:57', NULL, 144, 27, 2, 'تستخدم طول اليوم حتى 16 ساعة \r\n  غير مرخص للنوم بها'),
(422, '2019-09-16 17:53:57', '2019-09-16 17:53:57', NULL, 144, 28, 1, '30,90 lens'),
(423, '2019-09-16 17:53:57', '2019-09-16 17:53:57', NULL, 144, 28, 2, '30,90 عدسة'),
(424, '2019-09-16 18:14:54', '2019-09-16 18:14:54', NULL, 145, 20, 1, 'DAILIES  AquaComfort Plus'),
(425, '2019-09-16 18:14:54', '2019-09-16 18:14:54', NULL, 145, 20, 2, 'عدسات ديليز اكوا كومفورت بلس اليومية'),
(426, '2019-09-16 18:14:54', '2019-09-16 18:14:54', NULL, 145, 21, 1, 'nelfilcon A'),
(427, '2019-09-16 18:14:54', '2019-09-16 18:14:54', NULL, 145, 21, 2, 'nelfilcon A'),
(428, '2019-09-16 18:14:54', '2019-09-16 18:14:54', NULL, 145, 22, 1, '69%'),
(429, '2019-09-16 18:14:54', '2019-09-16 18:14:54', NULL, 145, 22, 2, '69%'),
(430, '2019-09-16 18:14:54', '2019-09-16 18:14:54', NULL, 145, 23, 1, '14.0 mm'),
(431, '2019-09-16 18:14:54', '2019-09-16 18:14:54', NULL, 145, 23, 2, '14.0 mm'),
(432, '2019-09-16 18:14:54', '2019-09-16 18:14:54', NULL, 145, 24, 1, '8.7 mm'),
(433, '2019-09-16 18:14:54', '2019-09-16 18:14:54', NULL, 145, 24, 2, '8.7 mm'),
(434, '2019-09-16 18:14:54', '2019-09-16 18:14:54', NULL, 145, 25, 1, 'Myopia & Hyperopia'),
(435, '2019-09-16 18:14:54', '2019-09-16 18:14:54', NULL, 145, 25, 2, 'لعلاج قصر وطول النظر'),
(436, '2019-09-16 18:14:54', '2019-09-16 18:14:54', NULL, 145, 26, 1, 'Single use: 1 day replacement'),
(437, '2019-09-16 18:14:54', '2019-09-16 18:14:54', NULL, 145, 26, 2, 'تستخدم لمدة يوم واحد'),
(438, '2019-09-16 18:14:54', '2019-09-16 18:14:54', NULL, 145, 27, 1, 'Daily wear and up to 6 nights extended wear\r\nIt is not recommended to sleep with lenses'),
(439, '2019-09-16 18:14:54', '2019-09-16 18:14:54', NULL, 145, 27, 2, 'تستخدم صباحا حتى 6 مساء \r\n  غير مرخص للنوم بها'),
(440, '2019-09-16 18:14:54', '2019-09-16 18:14:54', NULL, 145, 28, 1, '30,90 lens'),
(441, '2019-09-16 18:14:54', '2019-09-16 18:14:54', NULL, 145, 28, 2, '30،90 عدسة'),
(442, '2019-09-16 18:50:10', '2019-09-16 18:50:10', NULL, 146, 20, 1, 'ACUVUE OASYS® for ASTIGMATISM Contact Lenses'),
(443, '2019-09-16 18:50:10', '2019-09-16 18:50:10', NULL, 146, 20, 2, 'عدسات اكيوفيو اويسيس توريك لتصحيح إنحراف القرنية'),
(444, '2019-09-16 18:50:10', '2019-09-16 18:50:10', NULL, 146, 21, 1, 'senofilcon A'),
(445, '2019-09-16 18:50:10', '2019-09-16 18:50:10', NULL, 146, 21, 2, 'senofilcon A'),
(446, '2019-09-16 18:50:10', '2019-09-16 18:50:10', NULL, 146, 22, 1, '38%'),
(447, '2019-09-16 18:50:10', '2019-09-16 18:50:10', NULL, 146, 22, 2, '38%'),
(448, '2019-09-16 18:50:10', '2019-09-16 18:50:10', NULL, 146, 23, 1, '14.5mm'),
(449, '2019-09-16 18:50:10', '2019-09-16 18:50:10', NULL, 146, 23, 2, '14.5mm'),
(450, '2019-09-16 18:50:10', '2019-09-16 18:50:10', NULL, 146, 24, 1, '8.6mm'),
(451, '2019-09-16 18:50:10', '2019-09-16 18:50:10', NULL, 146, 24, 2, '8.6mm'),
(452, '2019-09-16 18:50:10', '2019-09-16 18:50:10', NULL, 146, 25, 1, 'ASTIGMATISM'),
(453, '2019-09-16 18:50:10', '2019-09-16 18:50:10', NULL, 146, 25, 2, 'انحراف البصر'),
(454, '2019-09-16 18:50:10', '2019-09-16 18:50:10', NULL, 146, 26, 1, 'Daily wear: 2-weekly replacement\r\nExtended wear: 1-weekly replacement'),
(455, '2019-09-16 18:50:10', '2019-09-16 18:50:10', NULL, 146, 26, 2, 'ارتداء اليومي: استبدال أسبوعين\r\nارتداء ممتد: استبدال أسبوعي واحد'),
(456, '2019-09-16 18:50:10', '2019-09-16 18:50:10', NULL, 146, 27, 1, 'Not recommended sleep lens'),
(457, '2019-09-16 18:50:10', '2019-09-16 18:50:10', NULL, 146, 27, 2, 'لا ينصح بالنوم بالعدسة'),
(458, '2019-09-16 18:50:10', '2019-09-16 18:50:10', NULL, 146, 28, 1, '6 lenses'),
(459, '2019-09-16 18:50:10', '2019-09-16 18:50:10', NULL, 146, 28, 2, '6 عدسات'),
(460, '2019-09-16 19:05:57', '2019-09-16 19:05:57', NULL, 147, 20, 1, 'AIR OPTIX  for Astigmatism'),
(461, '2019-09-16 19:05:57', '2019-09-16 19:05:57', NULL, 147, 20, 2, 'أيراوبتكس استجماتزم'),
(462, '2019-09-16 19:05:57', '2019-09-16 19:05:57', NULL, 147, 21, 1, 'filcon B'),
(463, '2019-09-16 19:05:57', '2019-09-16 19:05:57', NULL, 147, 21, 2, 'filcon B'),
(464, '2019-09-16 19:05:57', '2019-09-16 19:05:57', NULL, 147, 22, 1, '33%'),
(465, '2019-09-16 19:05:57', '2019-09-16 19:05:57', NULL, 147, 22, 2, '33%'),
(466, '2019-09-16 19:05:57', '2019-09-16 19:05:57', NULL, 147, 23, 1, '14.5 mm'),
(467, '2019-09-16 19:05:57', '2019-09-16 19:05:57', NULL, 147, 23, 2, '14.5 mm'),
(468, '2019-09-16 19:05:57', '2019-09-16 19:05:57', NULL, 147, 24, 1, ': 8.7 mm'),
(469, '2019-09-16 19:05:57', '2019-09-16 19:05:57', NULL, 147, 24, 2, ': 8.7 mm'),
(470, '2019-09-16 19:05:57', '2019-09-16 19:05:57', NULL, 147, 25, 1, 'Astigmatism'),
(471, '2019-09-16 19:05:57', '2019-09-16 19:05:57', NULL, 147, 25, 2, 'انحراف البصر'),
(472, '2019-09-16 19:05:57', '2019-09-16 19:05:57', NULL, 147, 26, 1, 'Monthly'),
(473, '2019-09-16 19:05:57', '2019-09-16 19:05:57', NULL, 147, 26, 2, 'كل شهر'),
(474, '2019-09-16 19:05:57', '2019-09-16 19:05:57', NULL, 147, 27, 1, 'Not recommended sleep lens'),
(475, '2019-09-16 19:05:57', '2019-09-16 19:05:57', NULL, 147, 27, 2, 'لاينصح بالنوم بالعدسة'),
(476, '2019-09-16 19:05:57', '2019-09-16 19:05:57', NULL, 147, 28, 1, '6 lenses'),
(477, '2019-09-16 19:05:57', '2019-09-16 19:05:57', NULL, 147, 28, 2, '6 عدسات'),
(478, '2019-09-16 19:22:57', '2019-09-16 19:22:57', NULL, 148, 20, 1, 'DAILIES AquaComfort Plus Toric'),
(479, '2019-09-16 19:22:57', '2019-09-16 19:22:57', NULL, 148, 20, 2, 'عدسات ديليز اكوكمفورت بلس تورك'),
(480, '2019-09-16 19:22:57', '2019-09-16 19:22:57', NULL, 148, 21, 1, 'filcon B'),
(481, '2019-09-16 19:22:57', '2019-09-16 19:22:57', NULL, 148, 21, 2, 'filcon B'),
(482, '2019-09-16 19:22:57', '2019-09-16 19:22:57', NULL, 148, 22, 1, '33%'),
(483, '2019-09-16 19:22:57', '2019-09-16 19:22:57', NULL, 148, 22, 2, '33%'),
(484, '2019-09-16 19:22:57', '2019-09-16 19:22:57', NULL, 148, 23, 1, '14.4 mm'),
(485, '2019-09-16 19:22:57', '2019-09-16 19:22:57', NULL, 148, 23, 2, '14.4 mm'),
(486, '2019-09-16 19:22:57', '2019-09-16 19:22:57', NULL, 148, 24, 1, ': 8.8 mm'),
(487, '2019-09-16 19:22:57', '2019-09-16 19:22:57', NULL, 148, 24, 2, ': 8.8 mm'),
(488, '2019-09-16 19:22:57', '2019-09-16 19:22:57', NULL, 148, 25, 1, NULL),
(489, '2019-09-16 19:22:57', '2019-09-16 19:22:57', NULL, 148, 25, 2, NULL),
(490, '2019-09-16 19:22:57', '2019-09-16 19:22:57', NULL, 148, 26, 1, 'Daily Wear, Daily Disposable'),
(491, '2019-09-16 19:22:57', '2019-09-16 19:22:57', NULL, 148, 26, 2, 'لمدة يوم واحد فقط'),
(492, '2019-09-16 19:22:57', '2019-09-16 19:22:57', NULL, 148, 27, 1, 'Used all day long\r\nDon\'t sleep out'),
(493, '2019-09-16 19:22:57', '2019-09-16 19:22:57', NULL, 148, 27, 2, 'كامل اليوم لاينصح بالنوم بها'),
(494, '2019-09-16 19:22:57', '2019-09-16 19:22:57', NULL, 148, 28, 1, '30 lenses'),
(495, '2019-09-16 19:22:57', '2019-09-16 19:22:57', NULL, 148, 28, 2, '30 عدسة'),
(496, '2019-09-16 20:03:25', '2019-09-16 20:03:25', NULL, 149, 20, 1, '1Day Acuvue Define Natural Shine'),
(497, '2019-09-16 20:03:25', '2019-09-16 20:03:25', NULL, 149, 20, 2, '1 داي أكيوفيو ديفيان ناتشورال شاين'),
(498, '2019-09-16 20:03:25', '2019-09-16 20:03:25', NULL, 149, 21, 1, 'etafilcon A'),
(499, '2019-09-16 20:03:25', '2019-09-16 20:03:25', NULL, 149, 21, 2, 'etafilcon A'),
(500, '2019-09-16 20:03:25', '2019-09-16 20:03:25', NULL, 149, 22, 1, '58%'),
(501, '2019-09-16 20:03:25', '2019-09-16 20:03:25', NULL, 149, 22, 2, '58%'),
(502, '2019-09-16 20:03:25', '2019-09-16 20:03:25', NULL, 149, 23, 1, '14.2mm'),
(503, '2019-09-16 20:03:25', '2019-09-16 20:03:25', NULL, 149, 23, 2, '14.2mm'),
(504, '2019-09-16 20:03:25', '2019-09-16 20:03:25', NULL, 149, 24, 1, '8.5mm'),
(505, '2019-09-16 20:03:25', '2019-09-16 20:03:25', NULL, 149, 24, 2, '8.5mm'),
(506, '2019-09-16 20:03:25', '2019-09-16 20:03:25', NULL, 149, 25, 1, 'Myopia & Hyperopia'),
(507, '2019-09-16 20:03:25', '2019-09-16 20:03:25', NULL, 149, 25, 2, 'لعلاج قصر وطول النظر'),
(508, '2019-09-16 20:03:25', '2019-09-16 20:03:25', NULL, 149, 26, 1, 'Single use: 1 day replacement'),
(509, '2019-09-16 20:03:25', '2019-09-16 20:03:25', NULL, 149, 26, 2, 'تستخدم لمدة يوم واحد فقط'),
(510, '2019-09-16 20:03:25', '2019-09-16 20:03:25', NULL, 149, 27, 1, 'It is not recommended to sleep with lenses'),
(511, '2019-09-16 20:03:25', '2019-09-16 20:03:25', NULL, 149, 27, 2, 'غير مرخص للنوم بها'),
(512, '2019-09-16 20:03:25', '2019-09-16 20:03:25', NULL, 149, 28, 1, '30 lenses'),
(513, '2019-09-16 20:03:25', '2019-09-16 20:03:25', NULL, 149, 28, 2, '30 عدسة'),
(514, '2019-09-16 20:16:38', '2019-09-16 20:16:38', NULL, 150, 20, 1, '1Day Acuvue Define Vivid Style'),
(515, '2019-09-16 20:16:38', '2019-09-16 20:16:38', NULL, 150, 20, 2, '1 داي أكيوفيو ديفيان فيفيد ستايل - عبوة من 30'),
(516, '2019-09-16 20:16:38', '2019-09-16 20:16:38', NULL, 150, 21, 1, 'etafilcon A'),
(517, '2019-09-16 20:16:38', '2019-09-16 20:16:38', NULL, 150, 21, 2, 'etafilcon A'),
(518, '2019-09-16 20:16:38', '2019-09-16 20:16:38', NULL, 150, 22, 1, '58%'),
(519, '2019-09-16 20:16:38', '2019-09-16 20:16:38', NULL, 150, 22, 2, '58%'),
(520, '2019-09-16 20:16:38', '2019-09-16 20:16:38', NULL, 150, 23, 1, '14.2mm'),
(521, '2019-09-16 20:16:38', '2019-09-16 20:16:38', NULL, 150, 23, 2, '14.2mm'),
(522, '2019-09-16 20:16:38', '2019-09-16 20:16:38', NULL, 150, 24, 1, '8.5mm'),
(523, '2019-09-16 20:16:38', '2019-09-16 20:16:38', NULL, 150, 24, 2, '8.5mm'),
(524, '2019-09-16 20:16:38', '2019-09-16 20:16:38', NULL, 150, 25, 1, 'Myopia & Hyperopia'),
(525, '2019-09-16 20:16:38', '2019-09-16 20:16:38', NULL, 150, 25, 2, 'لعلاج قصر وطول النظر'),
(526, '2019-09-16 20:16:38', '2019-09-16 20:16:38', NULL, 150, 26, 1, 'Single use: 1 day replacement'),
(527, '2019-09-16 20:16:38', '2019-09-16 20:16:38', NULL, 150, 26, 2, 'تستخدم لمدة يوم واحد'),
(528, '2019-09-16 20:16:38', '2019-09-16 20:16:38', NULL, 150, 27, 1, 'It is not recommended to sleep with lenses'),
(529, '2019-09-16 20:16:38', '2019-09-16 20:16:38', NULL, 150, 27, 2, 'غير مرخص للنوم بها'),
(530, '2019-09-16 20:16:38', '2019-09-16 20:16:38', NULL, 150, 28, 1, '30 lenses'),
(531, '2019-09-16 20:16:38', '2019-09-16 20:16:38', NULL, 150, 28, 2, '30 عدسة'),
(532, '2019-09-16 20:31:11', '2019-09-16 20:31:11', NULL, 151, 20, 1, '1-Day Acuvue Define Radiant Bright - Pack of 30'),
(533, '2019-09-16 20:31:11', '2019-09-16 20:31:11', NULL, 151, 20, 2, '1 داي اكيوفيو ديفاين راديانت برايت'),
(534, '2019-09-16 20:31:11', '2019-09-16 20:31:11', NULL, 151, 21, 1, 'etafilcon A'),
(535, '2019-09-16 20:31:11', '2019-09-16 20:31:11', NULL, 151, 21, 2, 'etafilcon A'),
(536, '2019-09-16 20:31:11', '2019-09-16 20:31:11', NULL, 151, 22, 1, '58%'),
(537, '2019-09-16 20:31:11', '2019-09-16 20:31:11', NULL, 151, 22, 2, '58%'),
(538, '2019-09-16 20:31:11', '2019-09-16 20:31:11', NULL, 151, 23, 1, '14.2mm'),
(539, '2019-09-16 20:31:11', '2019-09-16 20:31:11', NULL, 151, 23, 2, '14.2mm'),
(540, '2019-09-16 20:31:11', '2019-09-16 20:31:11', NULL, 151, 24, 1, '8.5mm'),
(541, '2019-09-16 20:31:11', '2019-09-16 20:31:11', NULL, 151, 24, 2, '8.5mm'),
(542, '2019-09-16 20:31:11', '2019-09-16 20:31:11', NULL, 151, 25, 1, 'Myopia & Hyperopia'),
(543, '2019-09-16 20:31:11', '2019-09-16 20:31:11', NULL, 151, 25, 2, 'لعلاج قصر وطول النظر'),
(544, '2019-09-16 20:31:11', '2019-09-16 20:31:11', NULL, 151, 26, 1, 'Single use: 1 day replacement'),
(545, '2019-09-16 20:31:11', '2019-09-16 20:31:11', NULL, 151, 26, 2, 'تستبدل بعد يوم واحد من الفتح'),
(546, '2019-09-16 20:31:11', '2019-09-16 20:31:11', NULL, 151, 27, 1, 'It is not recommended to sleep with lenses'),
(547, '2019-09-16 20:31:11', '2019-09-16 20:31:11', NULL, 151, 27, 2, 'غير مرخص للنوم بها'),
(548, '2019-09-16 20:31:11', '2019-09-16 20:31:11', NULL, 151, 28, 1, '30 lenses'),
(549, '2019-09-16 20:31:11', '2019-09-16 20:31:11', NULL, 151, 28, 2, '30 عدسة'),
(550, '2019-09-17 05:43:29', '2019-09-17 05:43:29', NULL, 152, 20, 1, 'Acuvue 2'),
(551, '2019-09-17 05:43:29', '2019-09-17 05:43:29', NULL, 152, 20, 2, 'اكيو فيو 2'),
(552, '2019-09-17 05:43:29', '2019-09-17 05:43:29', NULL, 152, 21, 1, 'senofilcon A'),
(553, '2019-09-17 05:43:29', '2019-09-17 05:43:29', NULL, 152, 21, 2, 'senofilcon A'),
(554, '2019-09-17 05:43:29', '2019-09-17 05:43:29', NULL, 152, 22, 1, '38%'),
(555, '2019-09-17 05:43:29', '2019-09-17 05:43:29', NULL, 152, 22, 2, '38%'),
(556, '2019-09-17 05:43:29', '2019-09-17 05:43:29', NULL, 152, 23, 1, '14.0mm'),
(557, '2019-09-17 05:43:29', '2019-09-17 05:43:29', NULL, 152, 23, 2, '14.0mm'),
(558, '2019-09-17 05:43:29', '2019-09-17 05:43:29', NULL, 152, 24, 1, '8.4mm,'),
(559, '2019-09-17 05:43:29', '2019-09-17 05:43:29', NULL, 152, 24, 2, '8.4mm,'),
(560, '2019-09-17 05:43:29', '2019-09-17 05:43:29', NULL, 152, 25, 1, 'Myopia & Hyperopia'),
(561, '2019-09-17 05:43:29', '2019-09-17 05:43:29', NULL, 152, 25, 2, ': لتصحيح قصر النظر وبعد النظر'),
(562, '2019-09-17 05:43:29', '2019-09-17 05:43:29', NULL, 152, 26, 1, 'Two weeks after opening'),
(563, '2019-09-17 05:43:29', '2019-09-17 05:43:29', NULL, 152, 26, 2, 'اسبوعين بعد الفتح'),
(564, '2019-09-17 05:43:29', '2019-09-17 05:43:29', NULL, 152, 27, 1, NULL),
(565, '2019-09-17 05:43:29', '2019-09-17 05:43:29', NULL, 152, 27, 2, NULL),
(566, '2019-09-17 05:43:29', '2019-09-17 05:43:29', NULL, 152, 28, 1, 'Pack of 6 lenses'),
(567, '2019-09-17 05:43:29', '2019-09-17 05:43:29', NULL, 152, 28, 2, 'عبوة من 6 عدسات'),
(568, '2019-09-17 08:44:49', '2019-09-17 08:44:49', NULL, 153, 29, 1, 'Solotica Hidrocor'),
(569, '2019-09-17 08:44:49', '2019-09-17 08:44:49', NULL, 153, 29, 2, 'سولوتيكا هيدروكور'),
(570, '2019-09-17 08:44:49', '2019-09-17 08:44:49', NULL, 153, 30, 1, ':% 38'),
(571, '2019-09-17 08:44:49', '2019-09-17 08:44:49', NULL, 153, 30, 2, ':% 38'),
(572, '2019-09-17 08:44:49', '2019-09-17 08:44:49', NULL, 153, 31, 1, '14.2mm'),
(573, '2019-09-17 08:44:49', '2019-09-17 08:44:49', NULL, 153, 31, 2, '14.2mm'),
(574, '2019-09-17 08:44:49', '2019-09-17 08:44:49', NULL, 153, 32, 1, '8.7'),
(575, '2019-09-17 08:44:49', '2019-09-17 08:44:49', NULL, 153, 32, 2, '8.7'),
(576, '2019-09-17 09:08:57', '2019-09-17 09:08:57', NULL, 154, 29, 1, 'Solotica - Hidrocor Rio'),
(577, '2019-09-17 09:08:57', '2019-09-17 09:08:57', NULL, 154, 29, 2, 'سولوتيكا هيدروكور ريو'),
(578, '2019-09-17 09:08:57', '2019-09-17 09:08:57', NULL, 154, 30, 1, '38%'),
(579, '2019-09-17 09:08:57', '2019-09-17 09:08:57', NULL, 154, 30, 2, '38%'),
(580, '2019-09-17 09:08:57', '2019-09-17 09:08:57', NULL, 154, 31, 1, '14.2mm'),
(581, '2019-09-17 09:08:57', '2019-09-17 09:08:57', NULL, 154, 31, 2, '14.2mm'),
(582, '2019-09-17 09:08:57', '2019-09-17 09:08:57', NULL, 154, 32, 1, '8.7'),
(583, '2019-09-17 09:08:57', '2019-09-17 09:08:57', NULL, 154, 32, 2, '8.7'),
(584, '2019-09-17 09:37:24', '2019-09-17 09:37:24', NULL, 155, 29, 1, 'Solotica Natural Colors'),
(585, '2019-09-17 09:37:24', '2019-09-17 09:37:24', NULL, 155, 29, 2, 'سولوتيكا ناتشورال كولور'),
(586, '2019-09-17 09:37:24', '2019-09-17 09:37:24', NULL, 155, 30, 1, '38%'),
(587, '2019-09-17 09:37:24', '2019-09-17 09:37:24', NULL, 155, 30, 2, '38%'),
(588, '2019-09-17 09:37:24', '2019-09-17 09:37:24', NULL, 155, 31, 1, '14.2mm'),
(589, '2019-09-17 09:37:24', '2019-09-17 09:37:24', NULL, 155, 31, 2, '14.2mm'),
(590, '2019-09-17 09:37:24', '2019-09-17 09:37:24', NULL, 155, 32, 1, '8.7'),
(591, '2019-09-17 09:37:24', '2019-09-17 09:37:24', NULL, 155, 32, 2, '8.7'),
(592, '2019-09-17 09:37:24', '2019-09-17 09:37:24', NULL, 155, 33, 1, NULL),
(593, '2019-09-17 09:37:24', '2019-09-17 09:37:24', NULL, 155, 33, 2, NULL),
(594, '2019-09-17 09:37:24', '2019-09-17 09:37:24', NULL, 155, 34, 1, 'Beauty'),
(595, '2019-09-17 09:37:24', '2019-09-17 09:37:24', NULL, 155, 34, 2, 'للزينة'),
(596, '2019-09-17 09:37:24', '2019-09-17 09:37:24', NULL, 155, 35, 1, 'Yearly'),
(597, '2019-09-17 09:37:24', '2019-09-17 09:37:24', NULL, 155, 35, 2, 'سنوية'),
(598, '2019-09-17 09:37:24', '2019-09-17 09:37:24', NULL, 155, 36, 1, NULL),
(599, '2019-09-17 09:37:24', '2019-09-17 09:37:24', NULL, 155, 36, 2, NULL),
(600, '2019-09-17 09:37:24', '2019-09-17 09:37:24', NULL, 155, 37, 1, 'Pack of 2 lenses'),
(601, '2019-09-17 09:37:24', '2019-09-17 09:37:24', NULL, 155, 37, 2, 'علبة من عدستين'),
(602, '2019-09-17 10:03:07', '2019-09-17 10:03:07', NULL, 156, 29, 1, 'Anesthesia USA'),
(603, '2019-09-17 10:03:07', '2019-09-17 10:03:07', NULL, 156, 29, 2, 'انستازيا USA - عبوة من عدستين'),
(604, '2019-09-17 10:03:07', '2019-09-17 10:03:07', NULL, 156, 30, 1, '38%'),
(605, '2019-09-17 10:03:07', '2019-09-17 10:03:07', NULL, 156, 30, 2, '38%'),
(606, '2019-09-17 10:03:07', '2019-09-17 10:03:07', NULL, 156, 31, 1, '14.2mm'),
(607, '2019-09-17 10:03:07', '2019-09-17 10:03:07', NULL, 156, 31, 2, '14.2mm'),
(608, '2019-09-17 10:03:07', '2019-09-17 10:03:07', NULL, 156, 32, 1, '8.6'),
(609, '2019-09-17 10:03:07', '2019-09-17 10:03:07', NULL, 156, 32, 2, '8.6'),
(610, '2019-09-17 10:03:07', '2019-09-17 10:03:07', NULL, 156, 33, 1, NULL),
(611, '2019-09-17 10:03:07', '2019-09-17 10:03:07', NULL, 156, 33, 2, NULL),
(612, '2019-09-17 10:03:07', '2019-09-17 10:03:07', NULL, 156, 34, 1, 'Beauty'),
(613, '2019-09-17 10:03:07', '2019-09-17 10:03:07', NULL, 156, 34, 2, 'للتزيين'),
(614, '2019-09-17 10:03:07', '2019-09-17 10:03:07', NULL, 156, 35, 1, '6 months'),
(615, '2019-09-17 10:03:07', '2019-09-17 10:03:07', NULL, 156, 35, 2, '6 months'),
(616, '2019-09-17 17:36:26', '2019-09-17 17:36:26', NULL, 157, 29, 1, 'Anesthesia - Dream'),
(617, '2019-09-17 17:36:26', '2019-09-17 17:36:26', NULL, 157, 29, 2, 'انستازيا دريم'),
(618, '2019-09-17 17:36:26', '2019-09-17 17:36:26', NULL, 157, 30, 1, '% 38'),
(619, '2019-09-17 17:36:26', '2019-09-17 17:36:26', NULL, 157, 30, 2, '% 38'),
(620, '2019-09-17 17:36:26', '2019-09-17 17:36:26', NULL, 157, 31, 1, '14.2mm'),
(621, '2019-09-17 17:36:26', '2019-09-17 17:36:26', NULL, 157, 31, 2, '14.2mm'),
(622, '2019-09-17 17:36:26', '2019-09-17 17:36:26', NULL, 157, 32, 1, '8.6'),
(623, '2019-09-17 17:36:26', '2019-09-17 17:36:26', NULL, 157, 32, 2, '8.6'),
(660, '2019-09-18 04:41:17', '2019-09-18 04:41:17', NULL, 160, 29, 1, '8.6'),
(661, '2019-09-18 04:41:17', '2019-09-18 04:41:17', NULL, 160, 29, 2, 'انستازيا اديكت'),
(662, '2019-09-18 04:41:17', '2019-09-18 04:41:17', NULL, 160, 30, 1, '38%'),
(663, '2019-09-18 04:41:17', '2019-09-18 04:41:17', NULL, 160, 30, 2, '38%'),
(664, '2019-09-18 04:41:17', '2019-09-18 04:41:17', NULL, 160, 31, 1, '14.2mm'),
(665, '2019-09-18 04:41:17', '2019-09-18 04:41:17', NULL, 160, 31, 2, '14.2mm'),
(666, '2019-09-18 04:41:17', '2019-09-18 04:41:17', NULL, 160, 32, 1, '8.6'),
(667, '2019-09-18 04:41:17', '2019-09-18 04:41:17', NULL, 160, 32, 2, '8.6'),
(668, '2019-09-18 04:41:17', '2019-09-18 04:41:17', NULL, 160, 33, 1, NULL),
(669, '2019-09-18 04:41:17', '2019-09-18 04:41:17', NULL, 160, 33, 2, NULL),
(670, '2019-09-18 04:41:17', '2019-09-18 04:41:17', NULL, 160, 34, 1, 'Beauty'),
(671, '2019-09-18 04:41:17', '2019-09-18 04:41:17', NULL, 160, 34, 2, 'للتزيين'),
(672, '2019-09-18 04:41:17', '2019-09-18 04:41:17', NULL, 160, 35, 1, '6 months'),
(673, '2019-09-18 04:41:17', '2019-09-18 04:41:17', NULL, 160, 35, 2, '6 اشهر'),
(674, '2019-09-18 04:41:17', '2019-09-18 04:41:17', NULL, 160, 36, 1, NULL),
(675, '2019-09-18 04:41:17', '2019-09-18 04:41:17', NULL, 160, 36, 2, 'استخدم المحلول المناسب'),
(676, '2019-09-18 04:41:17', '2019-09-18 04:41:17', NULL, 160, 37, 1, 'Pack of 2 lenses'),
(677, '2019-09-18 04:41:17', '2019-09-18 04:41:17', NULL, 160, 37, 2, 'عبوة من عدستين'),
(678, '2019-09-18 05:03:48', '2019-09-18 05:03:48', NULL, 161, 29, 1, 'Anesthesia - Anesthatic'),
(679, '2019-09-18 05:03:48', '2019-09-18 05:03:48', NULL, 161, 29, 2, 'انستازيا انيستاتيك - عبوة من عدستين'),
(680, '2019-09-18 05:03:48', '2019-09-18 05:03:48', NULL, 161, 30, 1, '% 38'),
(681, '2019-09-18 05:03:48', '2019-09-18 05:03:48', NULL, 161, 30, 2, '% 38'),
(682, '2019-09-18 05:03:48', '2019-09-18 05:03:48', NULL, 161, 31, 1, '14.2mm'),
(683, '2019-09-18 05:03:48', '2019-09-18 05:03:48', NULL, 161, 31, 2, '14.2mm'),
(684, '2019-09-18 05:03:48', '2019-09-18 05:03:48', NULL, 161, 32, 1, '8.6'),
(685, '2019-09-18 05:03:48', '2019-09-18 05:03:48', NULL, 161, 32, 2, '8.6'),
(686, '2019-09-18 05:03:48', '2019-09-18 05:03:48', NULL, 161, 33, 1, NULL),
(687, '2019-09-18 05:03:48', '2019-09-18 05:03:48', NULL, 161, 33, 2, NULL),
(688, '2019-09-18 05:03:48', '2019-09-18 05:03:48', NULL, 161, 34, 1, 'Beauty'),
(689, '2019-09-18 05:03:48', '2019-09-18 05:03:48', NULL, 161, 34, 2, 'للتزيين'),
(690, '2019-09-18 05:03:48', '2019-09-18 05:03:48', NULL, 161, 35, 1, '6 months'),
(691, '2019-09-18 05:03:48', '2019-09-18 05:03:48', NULL, 161, 35, 2, '6 months'),
(692, '2019-09-18 05:03:48', '2019-09-18 05:03:48', NULL, 161, 36, 1, 'Remove the lens before sleep'),
(693, '2019-09-18 05:03:48', '2019-09-18 05:03:48', NULL, 161, 36, 2, 'انزع العدسة قبل النوم'),
(694, '2019-09-18 05:03:48', '2019-09-18 05:03:48', NULL, 161, 37, 1, 'Pack of 2 lenses'),
(695, '2019-09-18 05:03:48', '2019-09-18 05:03:48', NULL, 161, 37, 2, 'عبوة من عدستين'),
(696, '2019-09-18 06:05:07', '2019-09-18 06:05:07', NULL, 162, 29, 1, 'Beauteous - Exotic -'),
(697, '2019-09-18 06:05:07', '2019-09-18 06:05:07', NULL, 162, 29, 2, 'بيوتس ايكزوتيك'),
(698, '2019-09-18 06:05:07', '2019-09-18 06:05:07', NULL, 162, 30, 1, '38%'),
(699, '2019-09-18 06:05:07', '2019-09-18 06:05:07', NULL, 162, 30, 2, '38%'),
(700, '2019-09-18 06:05:07', '2019-09-18 06:05:07', NULL, 162, 31, 1, '14.2MM'),
(701, '2019-09-18 06:05:07', '2019-09-18 06:05:07', NULL, 162, 31, 2, '14.2MM'),
(702, '2019-09-18 06:05:07', '2019-09-18 06:05:07', NULL, 162, 32, 1, '8.6'),
(703, '2019-09-18 06:05:07', '2019-09-18 06:05:07', NULL, 162, 32, 2, '8.6'),
(704, '2019-09-18 06:05:07', '2019-09-18 06:05:07', NULL, 162, 33, 1, NULL),
(705, '2019-09-18 06:05:07', '2019-09-18 06:05:07', NULL, 162, 33, 2, NULL),
(706, '2019-09-18 06:05:07', '2019-09-18 06:05:07', NULL, 162, 34, 1, 'Beauty'),
(707, '2019-09-18 06:05:07', '2019-09-18 06:05:07', NULL, 162, 34, 2, 'للتزيين'),
(708, '2019-09-18 06:05:07', '2019-09-18 06:05:07', NULL, 162, 35, 1, '3 months'),
(709, '2019-09-18 06:05:07', '2019-09-18 06:05:07', NULL, 162, 35, 2, '3 months'),
(710, '2019-09-18 06:05:07', '2019-09-18 06:05:07', NULL, 162, 36, 1, 'Remove the lens before sleep'),
(711, '2019-09-18 06:05:07', '2019-09-18 06:05:07', NULL, 162, 36, 2, 'انزع العدسة قبل النوم'),
(712, '2019-09-18 06:05:07', '2019-09-18 06:05:07', NULL, 162, 37, 1, 'Pack of 2 lenses'),
(713, '2019-09-18 06:05:07', '2019-09-18 06:05:07', NULL, 162, 37, 2, 'عبوة من عدستين'),
(714, '2019-09-18 06:29:56', '2019-09-18 06:29:56', NULL, 163, 29, 1, 'Beauteous – Hypnotic'),
(715, '2019-09-18 06:29:56', '2019-09-18 06:29:56', NULL, 163, 29, 2, 'بيوتيس - هبنوتك'),
(716, '2019-09-18 06:29:56', '2019-09-18 06:29:56', NULL, 163, 30, 1, '38%'),
(717, '2019-09-18 06:29:56', '2019-09-18 06:29:56', NULL, 163, 30, 2, '38%'),
(718, '2019-09-18 06:29:56', '2019-09-18 06:29:56', NULL, 163, 31, 1, '14.2 mm'),
(719, '2019-09-18 06:29:56', '2019-09-18 06:29:56', NULL, 163, 31, 2, '14.2 mm'),
(720, '2019-09-18 06:29:56', '2019-09-18 06:29:56', NULL, 163, 32, 1, '8.6'),
(721, '2019-09-18 06:29:56', '2019-09-18 06:29:56', NULL, 163, 32, 2, '8.6'),
(722, '2019-09-18 06:29:56', '2019-09-18 06:29:56', NULL, 163, 33, 1, NULL),
(723, '2019-09-18 06:29:56', '2019-09-18 06:29:56', NULL, 163, 33, 2, NULL),
(724, '2019-09-18 06:29:56', '2019-09-18 06:29:56', NULL, 163, 34, 1, 'Beauty'),
(725, '2019-09-18 06:29:56', '2019-09-18 06:29:56', NULL, 163, 34, 2, 'للتزيين'),
(726, '2019-09-18 06:29:56', '2019-09-18 06:29:56', NULL, 163, 35, 1, '3 months'),
(727, '2019-09-18 06:29:56', '2019-09-18 06:29:56', NULL, 163, 35, 2, '3 أشهر'),
(728, '2019-09-18 06:29:56', '2019-09-18 06:29:56', NULL, 163, 36, 1, 'Remove the lens before sleep'),
(729, '2019-09-18 06:29:56', '2019-09-18 06:29:56', NULL, 163, 36, 2, 'انزع العدسة قبل النوم'),
(730, '2019-09-18 06:29:56', '2019-09-18 06:29:56', NULL, 163, 37, 1, 'Pack of 2 lenses'),
(731, '2019-09-18 06:29:56', '2019-09-18 06:29:56', NULL, 163, 37, 2, 'عبوة من عدستين'),
(732, '2019-09-18 06:51:23', '2019-09-18 06:51:23', NULL, 164, 29, 1, 'DIVA LENSEA'),
(733, '2019-09-18 06:51:23', '2019-09-18 06:51:23', NULL, 164, 29, 2, 'ديفا'),
(734, '2019-09-18 06:51:23', '2019-09-18 06:51:23', NULL, 164, 30, 1, '% 38'),
(735, '2019-09-18 06:51:23', '2019-09-18 06:51:23', NULL, 164, 30, 2, '% 38'),
(736, '2019-09-18 06:51:23', '2019-09-18 06:51:23', NULL, 164, 31, 1, '14.5mm'),
(737, '2019-09-18 06:51:23', '2019-09-18 06:51:23', NULL, 164, 31, 2, '14.5mm'),
(738, '2019-09-18 06:51:23', '2019-09-18 06:51:23', NULL, 164, 32, 1, '8.6'),
(739, '2019-09-18 06:51:23', '2019-09-18 06:51:23', NULL, 164, 32, 2, '8.6'),
(740, '2019-09-18 06:51:23', '2019-09-18 06:51:23', NULL, 164, 33, 1, NULL),
(741, '2019-09-18 06:51:23', '2019-09-18 06:51:23', NULL, 164, 33, 2, NULL),
(742, '2019-09-18 06:51:23', '2019-09-18 06:51:23', NULL, 164, 34, 1, 'Beauty'),
(743, '2019-09-18 06:51:23', '2019-09-18 06:51:23', NULL, 164, 34, 2, 'للزينة'),
(744, '2019-09-18 06:51:23', '2019-09-18 06:51:23', NULL, 164, 35, 1, '3 months'),
(745, '2019-09-18 06:51:23', '2019-09-18 06:51:23', NULL, 164, 35, 2, '3 أشهر'),
(746, '2019-09-18 06:51:23', '2019-09-18 06:51:23', NULL, 164, 36, 1, 'Remove the lens before sleep'),
(747, '2019-09-18 06:51:23', '2019-09-18 06:51:23', NULL, 164, 36, 2, 'انزع العدسة قبل النوم'),
(748, '2019-09-18 06:51:23', '2019-09-18 06:51:23', NULL, 164, 37, 1, 'Pack of 2 lenses'),
(749, '2019-09-18 06:51:23', '2019-09-18 06:51:23', NULL, 164, 37, 2, 'عبوة من عدستين'),
(750, '2019-09-18 08:19:57', '2019-09-18 08:19:57', NULL, 165, 29, 1, 'Lensme'),
(751, '2019-09-18 08:19:57', '2019-09-18 08:19:57', NULL, 165, 29, 2, 'عدسات لينس مى'),
(752, '2019-09-18 08:19:57', '2019-09-18 08:19:57', NULL, 165, 30, 1, '38%'),
(753, '2019-09-18 08:19:57', '2019-09-18 08:19:57', NULL, 165, 30, 2, '38%'),
(754, '2019-09-18 08:19:57', '2019-09-18 08:19:57', NULL, 165, 31, 1, '14.2mm'),
(755, '2019-09-18 08:19:57', '2019-09-18 08:19:57', NULL, 165, 31, 2, '14.2mm'),
(756, '2019-09-18 08:19:57', '2019-09-18 08:19:57', NULL, 165, 32, 1, '8.6'),
(757, '2019-09-18 08:19:57', '2019-09-18 08:19:57', NULL, 165, 32, 2, '8.6'),
(758, '2019-09-18 08:19:57', '2019-09-18 08:19:57', NULL, 165, 33, 1, NULL),
(759, '2019-09-18 08:19:57', '2019-09-18 08:19:57', NULL, 165, 33, 2, NULL),
(760, '2019-09-18 08:19:57', '2019-09-18 08:19:57', NULL, 165, 34, 1, 'Beauty'),
(761, '2019-09-18 08:19:57', '2019-09-18 08:19:57', NULL, 165, 34, 2, 'للتزيين'),
(762, '2019-09-18 08:19:57', '2019-09-18 08:19:57', NULL, 165, 35, 1, '1 Year'),
(763, '2019-09-18 08:19:57', '2019-09-18 08:19:57', NULL, 165, 35, 2, '6 أشهر'),
(764, '2019-09-18 08:19:57', '2019-09-18 08:19:57', NULL, 165, 36, 1, 'Remove lenses before sleeping'),
(765, '2019-09-18 08:19:57', '2019-09-18 08:19:57', NULL, 165, 36, 2, 'نزع العدسات قبل النوم'),
(766, '2019-09-18 08:19:57', '2019-09-18 08:19:57', NULL, 165, 37, 1, 'Pack of 2 lenses'),
(767, '2019-09-18 08:19:57', '2019-09-18 08:19:57', NULL, 165, 37, 2, 'عبوة من عدستين'),
(768, '2019-09-18 08:53:32', '2019-09-18 08:53:32', NULL, 166, 29, 1, 'Tri-Kolor'),
(769, '2019-09-18 08:53:32', '2019-09-18 08:53:32', NULL, 166, 29, 2, 'تراى كولور'),
(770, '2019-09-18 08:53:32', '2019-09-18 08:53:32', NULL, 166, 30, 1, '55%'),
(771, '2019-09-18 08:53:32', '2019-09-18 08:53:32', NULL, 166, 30, 2, '55%'),
(772, '2019-09-18 08:53:32', '2019-09-18 08:53:32', NULL, 166, 31, 1, '14.2mm'),
(773, '2019-09-18 08:53:32', '2019-09-18 08:53:32', NULL, 166, 31, 2, '14.2mm'),
(774, '2019-09-18 08:53:32', '2019-09-18 08:53:32', NULL, 166, 32, 1, '8.6'),
(775, '2019-09-18 08:53:32', '2019-09-18 08:53:32', NULL, 166, 32, 2, '8.6'),
(776, '2019-09-18 08:53:32', '2019-09-18 08:53:32', NULL, 166, 33, 1, NULL),
(777, '2019-09-18 08:53:32', '2019-09-18 08:53:32', NULL, 166, 33, 2, NULL),
(778, '2019-09-18 08:53:32', '2019-09-18 08:53:32', NULL, 166, 34, 1, 'Beauty'),
(779, '2019-09-18 08:53:32', '2019-09-18 08:53:32', NULL, 166, 34, 2, 'للتزيين'),
(780, '2019-09-18 08:53:32', '2019-09-18 08:53:32', NULL, 166, 35, 1, '3 months'),
(781, '2019-09-18 08:53:32', '2019-09-18 08:53:32', NULL, 166, 35, 2, '3 اشهر'),
(782, '2019-09-18 08:53:32', '2019-09-18 08:53:32', NULL, 166, 36, 1, 'Remove lenses before sleeping'),
(783, '2019-09-18 08:53:32', '2019-09-18 08:53:32', NULL, 166, 36, 2, 'نزع العدسات قبل النوم'),
(784, '2019-09-18 08:53:32', '2019-09-18 08:53:32', NULL, 166, 37, 1, 'Pack of 2 lenses'),
(785, '2019-09-18 08:53:32', '2019-09-18 08:53:32', NULL, 166, 37, 2, 'عبوة من عدستين'),
(786, '2019-09-18 09:17:30', '2019-09-18 09:17:30', NULL, 167, 29, 1, 'Bella Diamonds'),
(787, '2019-09-18 09:17:30', '2019-09-18 09:17:30', NULL, 167, 29, 2, 'بيلا دايموند'),
(788, '2019-09-18 09:17:30', '2019-09-18 09:17:30', NULL, 167, 30, 1, '% 38'),
(789, '2019-09-18 09:17:30', '2019-09-18 09:17:30', NULL, 167, 30, 2, '% 38'),
(790, '2019-09-18 09:17:30', '2019-09-18 09:17:30', NULL, 167, 31, 1, '14.5mm'),
(791, '2019-09-18 09:17:30', '2019-09-18 09:17:30', NULL, 167, 31, 2, '14.5mm'),
(792, '2019-09-18 09:17:30', '2019-09-18 09:17:30', NULL, 167, 32, 1, '8.6'),
(793, '2019-09-18 09:17:30', '2019-09-18 09:17:30', NULL, 167, 32, 2, '8.6'),
(794, '2019-09-18 09:17:30', '2019-09-18 09:17:30', NULL, 167, 33, 1, NULL),
(795, '2019-09-18 09:17:30', '2019-09-18 09:17:30', NULL, 167, 33, 2, NULL),
(796, '2019-09-18 09:17:30', '2019-09-18 09:17:30', NULL, 167, 34, 1, 'Beauty'),
(797, '2019-09-18 09:17:30', '2019-09-18 09:17:30', NULL, 167, 34, 2, 'للتزيين'),
(798, '2019-09-18 09:17:30', '2019-09-18 09:17:30', NULL, 167, 35, 1, '3 months'),
(799, '2019-09-18 09:17:30', '2019-09-18 09:17:30', NULL, 167, 35, 2, '3 اشهر'),
(800, '2019-09-18 09:17:30', '2019-09-18 09:17:30', NULL, 167, 36, 1, 'Remove the lenses before bed'),
(801, '2019-09-18 09:17:30', '2019-09-18 09:17:30', NULL, 167, 36, 2, 'نزع العدسات قبل النوم'),
(802, '2019-09-18 09:17:30', '2019-09-18 09:17:30', NULL, 167, 37, 1, 'Pack of 2 lenses'),
(803, '2019-09-18 09:17:30', '2019-09-18 09:17:30', NULL, 167, 37, 2, 'عبوة من عدستين'),
(822, '2019-09-18 09:50:59', '2019-09-18 09:50:59', NULL, 169, 29, 1, 'Bella Glow'),
(823, '2019-09-18 09:50:59', '2019-09-18 09:50:59', NULL, 169, 29, 2, 'بيلا غلو'),
(824, '2019-09-18 09:50:59', '2019-09-18 09:50:59', NULL, 169, 30, 1, '38%'),
(825, '2019-09-18 09:50:59', '2019-09-18 09:50:59', NULL, 169, 30, 2, '38%'),
(826, '2019-09-18 09:50:59', '2019-09-18 09:50:59', NULL, 169, 31, 1, '14.5mm'),
(827, '2019-09-18 09:50:59', '2019-09-18 09:50:59', NULL, 169, 31, 2, '14.5mm'),
(828, '2019-09-18 09:50:59', '2019-09-18 09:50:59', NULL, 169, 32, 1, '8.6'),
(829, '2019-09-18 09:50:59', '2019-09-18 09:50:59', NULL, 169, 32, 2, '8.6'),
(830, '2019-09-18 09:50:59', '2019-09-18 09:50:59', NULL, 169, 33, 1, NULL),
(831, '2019-09-18 09:50:59', '2019-09-18 09:50:59', NULL, 169, 33, 2, NULL),
(832, '2019-09-18 09:50:59', '2019-09-18 09:50:59', NULL, 169, 34, 1, 'Beauty'),
(833, '2019-09-18 09:50:59', '2019-09-18 09:50:59', NULL, 169, 34, 2, 'للتزيين'),
(834, '2019-09-18 09:50:59', '2019-09-18 09:50:59', NULL, 169, 35, 1, '3 months'),
(835, '2019-09-18 09:50:59', '2019-09-18 09:50:59', NULL, 169, 35, 2, '3 أشهر'),
(836, '2019-09-18 09:50:59', '2019-09-18 09:50:59', NULL, 169, 36, 1, 'Remove lenses before sleeping'),
(837, '2019-09-18 09:50:59', '2019-09-18 09:50:59', NULL, 169, 36, 2, 'نزع العدسات قبل النوم'),
(838, '2019-09-18 09:50:59', '2019-09-18 09:50:59', NULL, 169, 37, 1, 'Pack of 2 lenses'),
(839, '2019-09-18 09:50:59', '2019-09-18 09:50:59', NULL, 169, 37, 2, 'عبوة من عدستين'),
(840, '2019-09-18 10:03:46', '2019-09-18 10:03:46', NULL, 170, 29, 1, 'Bella Elite'),
(841, '2019-09-18 10:03:46', '2019-09-18 10:03:46', NULL, 170, 29, 2, 'بيلا إيليت'),
(842, '2019-09-18 10:03:46', '2019-09-18 10:03:46', NULL, 170, 30, 1, '38%'),
(843, '2019-09-18 10:03:46', '2019-09-18 10:03:46', NULL, 170, 30, 2, '38%'),
(844, '2019-09-18 10:03:46', '2019-09-18 10:03:46', NULL, 170, 31, 1, '14.5mm'),
(845, '2019-09-18 10:03:46', '2019-09-18 10:03:46', NULL, 170, 31, 2, '14.5mm'),
(846, '2019-09-18 10:03:46', '2019-09-18 10:03:46', NULL, 170, 32, 1, '8.6'),
(847, '2019-09-18 10:03:46', '2019-09-18 10:03:46', NULL, 170, 32, 2, '8.6'),
(848, '2019-09-18 10:03:46', '2019-09-18 10:03:46', NULL, 170, 33, 1, NULL),
(849, '2019-09-18 10:03:46', '2019-09-18 10:03:46', NULL, 170, 33, 2, NULL),
(850, '2019-09-18 10:03:46', '2019-09-18 10:03:46', NULL, 170, 34, 1, 'Beauty'),
(851, '2019-09-18 10:03:46', '2019-09-18 10:03:46', NULL, 170, 34, 2, 'للتزيين'),
(852, '2019-09-18 10:03:46', '2019-09-18 10:03:46', NULL, 170, 35, 1, '3 months'),
(853, '2019-09-18 10:03:46', '2019-09-18 10:03:46', NULL, 170, 35, 2, '3 أشهر'),
(854, '2019-09-18 10:03:46', '2019-09-18 10:03:46', NULL, 170, 36, 1, 'Remove lenses before sleeping'),
(855, '2019-09-18 10:03:46', '2019-09-18 10:03:46', NULL, 170, 36, 2, 'نزع العدسات قبل النوم'),
(856, '2019-09-18 10:03:46', '2019-09-18 10:03:46', NULL, 170, 37, 1, 'Pack of 2 lenses'),
(857, '2019-09-18 10:03:46', '2019-09-18 10:03:46', NULL, 170, 37, 2, NULL),
(858, '2019-09-18 18:19:20', '2019-09-18 18:19:20', NULL, 171, 29, 1, 'Bella Natural'),
(859, '2019-09-18 18:19:20', '2019-09-18 18:19:20', NULL, 171, 29, 2, 'بيلا ناتشورال'),
(860, '2019-09-18 18:19:20', '2019-09-18 18:19:20', NULL, 171, 30, 1, '%38'),
(861, '2019-09-18 18:19:20', '2019-09-18 18:19:20', NULL, 171, 30, 2, '%38'),
(862, '2019-09-18 18:19:20', '2019-09-18 18:19:20', NULL, 171, 31, 1, '14.5mm'),
(863, '2019-09-18 18:19:20', '2019-09-18 18:19:20', NULL, 171, 31, 2, '14.5mm'),
(864, '2019-09-18 18:19:20', '2019-09-18 18:19:20', NULL, 171, 32, 1, '8.6'),
(865, '2019-09-18 18:19:20', '2019-09-18 18:19:20', NULL, 171, 32, 2, '8.6'),
(866, '2019-09-18 18:19:20', '2019-09-18 18:19:20', NULL, 171, 33, 1, NULL),
(867, '2019-09-18 18:19:20', '2019-09-18 18:19:20', NULL, 171, 33, 2, NULL),
(868, '2019-09-18 18:19:20', '2019-09-18 18:19:20', NULL, 171, 34, 1, 'Beauty'),
(869, '2019-09-18 18:19:20', '2019-09-18 18:19:20', NULL, 171, 34, 2, 'للتزيين'),
(870, '2019-09-18 18:19:20', '2019-09-18 18:19:20', NULL, 171, 35, 1, '3 months'),
(871, '2019-09-18 18:19:20', '2019-09-18 18:19:20', NULL, 171, 35, 2, '3 اشهر'),
(872, '2019-09-18 18:19:20', '2019-09-18 18:19:20', NULL, 171, 36, 1, 'Remove the lens before sleep'),
(873, '2019-09-18 18:19:20', '2019-09-18 18:19:20', NULL, 171, 36, 2, 'انزع العدسات قبل النوم'),
(874, '2019-09-18 18:19:20', '2019-09-18 18:19:20', NULL, 171, 37, 1, 'Pack of 2 lenses'),
(875, '2019-09-18 18:19:20', '2019-09-18 18:19:20', NULL, 171, 37, 2, 'عبوة من عدستين'),
(876, '2019-09-18 18:43:10', '2019-09-18 18:43:10', NULL, 172, 29, 1, 'Bella Contour'),
(877, '2019-09-18 18:43:10', '2019-09-18 18:43:10', NULL, 172, 29, 2, 'بيلا كنتور'),
(878, '2019-09-18 18:43:10', '2019-09-18 18:43:10', NULL, 172, 30, 1, '38%'),
(879, '2019-09-18 18:43:10', '2019-09-18 18:43:10', NULL, 172, 30, 2, '38%'),
(880, '2019-09-18 18:43:10', '2019-09-18 18:43:10', NULL, 172, 31, 1, '14.5mm'),
(881, '2019-09-18 18:43:10', '2019-09-18 18:43:10', NULL, 172, 31, 2, '14.5 mm'),
(882, '2019-09-18 18:43:10', '2019-09-18 18:43:10', NULL, 172, 32, 1, '8.6'),
(883, '2019-09-18 18:43:10', '2019-09-18 18:43:10', NULL, 172, 32, 2, '8.6'),
(884, '2019-09-18 18:43:10', '2019-09-18 18:43:10', NULL, 172, 33, 1, NULL),
(885, '2019-09-18 18:43:10', '2019-09-18 18:43:10', NULL, 172, 33, 2, NULL),
(886, '2019-09-18 18:43:10', '2019-09-18 18:43:10', NULL, 172, 34, 1, 'Beauty'),
(887, '2019-09-18 18:43:10', '2019-09-18 18:43:10', NULL, 172, 34, 2, 'للتزيين'),
(888, '2019-09-18 18:43:10', '2019-09-18 18:43:10', NULL, 172, 35, 1, '3 months'),
(889, '2019-09-18 18:43:10', '2019-09-18 18:43:10', NULL, 172, 35, 2, '3 أشهر'),
(890, '2019-09-18 18:43:10', '2019-09-18 18:43:10', NULL, 172, 36, 1, 'Remove the lens before sleep'),
(891, '2019-09-18 18:43:10', '2019-09-18 18:43:10', NULL, 172, 36, 2, 'انزع العدسة قبل النوم'),
(892, '2019-09-18 18:43:10', '2019-09-18 18:43:10', NULL, 172, 37, 1, 'Pack of 2 lenses'),
(893, '2019-09-18 18:43:10', '2019-09-18 18:43:10', NULL, 172, 37, 2, 'عبوة من عدستين'),
(894, '2019-09-18 19:12:18', '2019-09-18 19:12:18', NULL, 173, 29, 1, 'Freshlook Mystic'),
(895, '2019-09-18 19:12:18', '2019-09-18 19:12:18', NULL, 173, 29, 2, 'فريش لوك -مستيك'),
(896, '2019-09-18 19:12:18', '2019-09-18 19:12:18', NULL, 173, 30, 1, '69%'),
(897, '2019-09-18 19:12:18', '2019-09-18 19:12:18', NULL, 173, 30, 2, '69%'),
(898, '2019-09-18 19:12:18', '2019-09-18 19:12:18', NULL, 173, 31, 1, '13.8'),
(899, '2019-09-18 19:12:18', '2019-09-18 19:12:18', NULL, 173, 31, 2, '13.8'),
(900, '2019-09-18 19:12:18', '2019-09-18 19:12:18', NULL, 173, 32, 1, '8.6'),
(901, '2019-09-18 19:12:18', '2019-09-18 19:12:18', NULL, 173, 32, 2, '8.6'),
(902, '2019-09-18 19:12:18', '2019-09-18 19:12:18', NULL, 173, 33, 1, NULL),
(903, '2019-09-18 19:12:18', '2019-09-18 19:12:18', NULL, 173, 33, 2, NULL),
(904, '2019-09-18 19:12:18', '2019-09-18 19:12:18', NULL, 173, 34, 1, 'Beauty'),
(905, '2019-09-18 19:12:18', '2019-09-18 19:12:18', NULL, 173, 34, 2, 'للتزيين'),
(906, '2019-09-18 19:12:18', '2019-09-18 19:12:18', NULL, 173, 35, 1, 'Daily'),
(907, '2019-09-18 19:12:18', '2019-09-18 19:12:18', NULL, 173, 35, 2, ': يومي'),
(908, '2019-09-18 19:12:18', '2019-09-18 19:12:18', NULL, 173, 36, 1, 'Remove the lens before sleep'),
(909, '2019-09-18 19:12:18', '2019-09-18 19:12:18', NULL, 173, 36, 2, 'انزع العدسة قبل النوم'),
(910, '2019-09-18 19:12:18', '2019-09-18 19:12:18', NULL, 173, 37, 1, 'Pack of 30 lenses'),
(911, '2019-09-18 19:12:18', '2019-09-18 19:12:18', NULL, 173, 37, 2, 'عبوة من 30 عدسة'),
(912, '2019-09-19 06:48:50', '2019-09-19 06:48:50', NULL, 174, 29, 1, 'FreshLook Colorblends'),
(913, '2019-09-19 06:48:50', '2019-09-19 06:48:50', NULL, 174, 29, 2, 'فريش لوك'),
(914, '2019-09-19 06:48:50', '2019-09-19 06:48:50', NULL, 174, 30, 1, '69%'),
(915, '2019-09-19 06:48:50', '2019-09-19 06:48:50', NULL, 174, 30, 2, '69%'),
(916, '2019-09-19 06:48:50', '2019-09-19 06:48:50', NULL, 174, 31, 1, '14.5mm'),
(917, '2019-09-19 06:48:50', '2019-09-19 06:48:50', NULL, 174, 31, 2, '14.5mm'),
(918, '2019-09-19 06:48:50', '2019-09-19 06:48:50', NULL, 174, 32, 1, '8.6'),
(919, '2019-09-19 06:48:50', '2019-09-19 06:48:50', NULL, 174, 32, 2, '8.6'),
(920, '2019-09-19 06:48:50', '2019-09-19 06:48:50', NULL, 174, 33, 1, NULL),
(921, '2019-09-19 06:48:50', '2019-09-19 06:48:50', NULL, 174, 33, 2, NULL),
(922, '2019-09-19 06:48:50', '2019-09-19 06:48:50', NULL, 174, 34, 1, 'Beauty'),
(923, '2019-09-19 06:48:50', '2019-09-19 06:48:50', NULL, 174, 34, 2, 'للتزيين'),
(924, '2019-09-19 06:48:50', '2019-09-19 06:48:50', NULL, 174, 35, 1, '3) months'),
(925, '2019-09-19 06:48:50', '2019-09-19 06:48:50', NULL, 174, 35, 2, '3 شهور'),
(926, '2019-09-19 06:48:50', '2019-09-19 06:48:50', NULL, 174, 36, 1, 'Remove the lenses before sleeping'),
(927, '2019-09-19 06:48:50', '2019-09-19 06:48:50', NULL, 174, 36, 2, 'انزع العدسات قبل النوم'),
(928, '2019-09-19 06:48:50', '2019-09-19 06:48:50', NULL, 174, 37, 1, 'Pack of 2 lenses'),
(929, '2019-09-19 06:48:50', '2019-09-19 06:48:50', NULL, 174, 37, 2, 'عبوة من عدستين'),
(948, '2019-09-20 09:12:12', '2019-09-20 09:12:12', NULL, 176, 29, 1, 'FreshLook Colors'),
(949, '2019-09-20 09:12:12', '2019-09-20 09:12:12', NULL, 176, 29, 2, 'فريش لوك كلورز'),
(950, '2019-09-20 09:12:12', '2019-09-20 09:12:12', NULL, 176, 30, 1, '69%'),
(951, '2019-09-20 09:12:12', '2019-09-20 09:12:12', NULL, 176, 30, 2, '69%'),
(952, '2019-09-20 09:12:12', '2019-09-20 09:12:12', NULL, 176, 31, 1, '14.5mm'),
(953, '2019-09-20 09:12:12', '2019-09-20 09:12:12', NULL, 176, 31, 2, '14.5mm'),
(954, '2019-09-20 09:12:12', '2019-09-20 09:12:12', NULL, 176, 32, 1, '8.6'),
(955, '2019-09-20 09:12:12', '2019-09-20 09:12:12', NULL, 176, 32, 2, '8.6');
INSERT INTO `product_attributes` (`id`, `created_at`, `updated_at`, `deleted_at`, `product_id`, `pr_attribute_id`, `language_id`, `text`) VALUES
(956, '2019-09-20 09:12:12', '2019-09-20 09:12:12', NULL, 176, 33, 1, NULL),
(957, '2019-09-20 09:12:12', '2019-09-20 09:12:12', NULL, 176, 33, 2, NULL),
(958, '2019-09-20 09:12:12', '2019-09-20 09:12:12', NULL, 176, 34, 1, 'Beauty'),
(959, '2019-09-20 09:12:12', '2019-09-20 09:12:12', NULL, 176, 34, 2, 'للتزيين'),
(960, '2019-09-20 09:12:12', '2019-09-20 09:12:12', NULL, 176, 35, 1, '3 Months'),
(961, '2019-09-20 09:12:12', '2019-09-20 09:12:12', NULL, 176, 35, 2, '3 اشهر'),
(962, '2019-09-20 09:12:12', '2019-09-20 09:12:12', NULL, 176, 36, 1, 'Remove the lenses before sleeping'),
(963, '2019-09-20 09:12:12', '2019-09-20 09:12:12', NULL, 176, 36, 2, 'انزع العدسات قبل النوم'),
(964, '2019-09-20 09:12:12', '2019-09-20 09:12:12', NULL, 176, 37, 1, 'Pack of 2 lenses'),
(965, '2019-09-20 09:12:12', '2019-09-20 09:12:12', NULL, 176, 37, 2, 'عبوة من عدستين'),
(966, '2019-09-20 09:33:14', '2019-09-20 09:33:14', NULL, 177, 29, 1, 'FreshLook One Day Colorblends'),
(967, '2019-09-20 09:33:14', '2019-09-20 09:33:14', NULL, 177, 29, 2, 'فريش لوك وان داي كولور بليندز'),
(968, '2019-09-20 09:33:14', '2019-09-20 09:33:14', NULL, 177, 30, 1, '69%'),
(969, '2019-09-20 09:33:14', '2019-09-20 09:33:14', NULL, 177, 30, 2, '69%'),
(970, '2019-09-20 09:33:14', '2019-09-20 09:33:14', NULL, 177, 31, 1, '13.8'),
(971, '2019-09-20 09:33:14', '2019-09-20 09:33:14', NULL, 177, 31, 2, '13.8'),
(972, '2019-09-20 09:33:14', '2019-09-20 09:33:14', NULL, 177, 32, 1, '8.6MM'),
(973, '2019-09-20 09:33:14', '2019-09-20 09:33:14', NULL, 177, 32, 2, '8.6MM'),
(974, '2019-09-20 09:33:14', '2019-09-20 09:33:14', NULL, 177, 33, 1, NULL),
(975, '2019-09-20 09:33:14', '2019-09-20 09:33:14', NULL, 177, 33, 2, NULL),
(976, '2019-09-20 09:33:14', '2019-09-20 09:33:14', NULL, 177, 34, 1, 'Beauty'),
(977, '2019-09-20 09:33:14', '2019-09-20 09:33:14', NULL, 177, 34, 2, 'للتزيين'),
(978, '2019-09-20 09:33:14', '2019-09-20 09:33:14', NULL, 177, 35, 1, 'Daily'),
(979, '2019-09-20 09:33:14', '2019-09-20 09:33:14', NULL, 177, 35, 2, 'يومى'),
(980, '2019-09-20 09:33:14', '2019-09-20 09:33:14', NULL, 177, 36, 1, 'Remove the lenses before sleeping'),
(981, '2019-09-20 09:33:14', '2019-09-20 09:33:14', NULL, 177, 36, 2, 'انزع العدسات قبل النوم'),
(982, '2019-09-20 09:33:14', '2019-09-20 09:33:14', NULL, 177, 37, 1, 'Pack of 30 lenses'),
(983, '2019-09-20 09:33:14', '2019-09-20 09:33:14', NULL, 177, 37, 2, 'عبوة من عدستين'),
(1008, '2019-09-21 13:40:09', '2019-09-21 13:40:09', NULL, 181, 46, 1, 'Unisex'),
(1009, '2019-09-21 13:40:09', '2019-09-21 13:40:09', NULL, 181, 46, 2, 'رجال نساء'),
(1010, '2019-09-21 13:40:09', '2019-09-21 13:40:09', NULL, 181, 47, 1, 'Sports'),
(1011, '2019-09-21 13:40:09', '2019-09-21 13:40:09', NULL, 181, 47, 2, 'رياضى'),
(1012, '2019-09-21 13:40:09', '2019-09-21 13:40:09', NULL, 181, 48, 1, 'Plastic'),
(1013, '2019-09-21 13:40:09', '2019-09-21 13:40:09', NULL, 181, 48, 2, 'بلاستيك'),
(1014, '2019-09-21 13:40:09', '2019-09-21 13:40:09', NULL, 181, 49, 1, 'Polycarbonate'),
(1015, '2019-09-21 13:40:09', '2019-09-21 13:40:09', NULL, 181, 49, 2, 'البولي كربونيت'),
(1016, '2019-09-21 13:40:09', '2019-09-21 13:40:09', NULL, 181, 50, 1, 'one size fits all'),
(1017, '2019-09-21 13:40:09', '2019-09-21 13:40:09', NULL, 181, 50, 2, 'مقاس واحد يناسب الجميع'),
(1018, '2019-09-21 13:40:09', '2019-09-21 13:40:09', NULL, 181, 51, 1, 'No'),
(1019, '2019-09-21 13:40:09', '2019-09-21 13:40:09', NULL, 181, 51, 2, 'غير قابل'),
(1020, '2019-09-22 04:53:24', '2019-09-22 04:53:24', NULL, 182, 46, 1, 'Men'),
(1021, '2019-09-22 04:53:24', '2019-09-22 04:53:24', NULL, 182, 46, 2, 'رجال'),
(1022, '2019-09-22 04:53:24', '2019-09-22 04:53:24', NULL, 182, 47, 1, 'Pilot'),
(1023, '2019-09-22 04:53:24', '2019-09-22 04:53:24', NULL, 182, 47, 2, 'Pilot'),
(1024, '2019-09-22 04:53:24', '2019-09-22 04:53:24', NULL, 182, 48, 1, 'Steel'),
(1025, '2019-09-22 04:53:24', '2019-09-22 04:53:24', NULL, 182, 48, 2, NULL),
(1026, '2019-09-22 04:53:24', '2019-09-22 04:53:24', NULL, 182, 49, 1, 'ستيل Polycarbonate'),
(1027, '2019-09-22 04:53:24', '2019-09-22 04:53:24', NULL, 182, 49, 2, 'Polycarbonate'),
(1028, '2019-09-22 04:53:24', '2019-09-22 04:53:24', NULL, 182, 50, 1, '57/18/145'),
(1029, '2019-09-22 04:53:24', '2019-09-22 04:53:24', NULL, 182, 50, 2, '57/18/145'),
(1030, '2019-09-22 04:53:24', '2019-09-22 04:53:24', NULL, 182, 51, 1, 'Yes'),
(1031, '2019-09-22 04:53:24', '2019-09-22 04:53:24', NULL, 182, 51, 2, 'قابل لتركيب عدسات'),
(1032, '2019-09-22 05:27:19', '2019-09-22 05:27:19', NULL, 183, 46, 1, 'Unisex'),
(1033, '2019-09-22 05:27:19', '2019-09-22 05:27:19', NULL, 183, 46, 2, 'رجال / نساء'),
(1034, '2019-09-22 05:27:19', '2019-09-22 05:27:19', NULL, 183, 47, 1, 'Pilot'),
(1035, '2019-09-22 05:27:19', '2019-09-22 05:27:19', NULL, 183, 47, 2, 'طيار'),
(1036, '2019-09-22 05:27:19', '2019-09-22 05:27:19', NULL, 183, 48, 1, 'Metal'),
(1037, '2019-09-22 05:27:19', '2019-09-22 05:27:19', NULL, 183, 48, 2, 'معدن'),
(1038, '2019-09-22 05:27:19', '2019-09-22 05:27:19', NULL, 183, 49, 1, 'Polycarbonate'),
(1039, '2019-09-22 05:27:19', '2019-09-22 05:27:19', NULL, 183, 49, 2, 'Polycarbonate'),
(1040, '2019-09-22 05:27:19', '2019-09-22 05:27:19', NULL, 183, 50, 1, '58/15/145'),
(1041, '2019-09-22 05:27:19', '2019-09-22 05:27:19', NULL, 183, 50, 2, '58/15/145'),
(1042, '2019-09-22 05:27:19', '2019-09-22 05:27:19', NULL, 183, 51, 1, 'Yes'),
(1043, '2019-09-22 05:27:19', '2019-09-22 05:27:19', NULL, 183, 51, 2, 'قابل لتركيب عدسة'),
(1044, '2019-09-22 05:38:24', '2019-09-22 05:38:24', NULL, 184, 46, 1, 'Unisex'),
(1045, '2019-09-22 05:38:24', '2019-09-22 05:38:24', NULL, 184, 46, 2, 'رجال / نساء'),
(1046, '2019-09-22 05:38:24', '2019-09-22 05:38:24', NULL, 184, 47, 1, 'Geometric'),
(1047, '2019-09-22 05:38:24', '2019-09-22 05:38:24', NULL, 184, 47, 2, 'شكل هندسى'),
(1048, '2019-09-22 05:38:24', '2019-09-22 05:38:24', NULL, 184, 48, 1, 'Injected'),
(1049, '2019-09-22 05:38:24', '2019-09-22 05:38:24', NULL, 184, 48, 2, 'صب ( حقن )'),
(1050, '2019-09-22 05:38:24', '2019-09-22 05:38:24', NULL, 184, 49, 1, 'Polycarbonate'),
(1051, '2019-09-22 05:38:24', '2019-09-22 05:38:24', NULL, 184, 49, 2, 'Polycarbonate'),
(1052, '2019-09-22 05:38:24', '2019-09-22 05:38:24', NULL, 184, 50, 1, '62/11/140'),
(1053, '2019-09-22 05:38:24', '2019-09-22 05:38:24', NULL, 184, 50, 2, '62/11/140'),
(1054, '2019-09-22 05:38:24', '2019-09-22 05:38:24', NULL, 184, 51, 1, 'No'),
(1055, '2019-09-22 05:38:24', '2019-09-22 05:38:24', NULL, 184, 51, 2, 'غير قابل لتركيب عدسة'),
(1056, '2019-09-22 05:46:44', '2019-09-22 05:46:44', NULL, 185, 46, 1, 'Men'),
(1057, '2019-09-22 05:46:44', '2019-09-22 05:46:44', NULL, 185, 46, 2, 'رجال'),
(1058, '2019-09-22 05:46:44', '2019-09-22 05:46:44', NULL, 185, 47, 1, 'Pilot'),
(1059, '2019-09-22 05:46:44', '2019-09-22 05:46:44', NULL, 185, 47, 2, 'طيار'),
(1060, '2019-09-22 05:46:44', '2019-09-22 05:46:44', NULL, 185, 48, 1, 'Acetate'),
(1061, '2019-09-22 05:46:44', '2019-09-22 05:46:44', NULL, 185, 48, 2, 'Acetate'),
(1062, '2019-09-22 05:46:44', '2019-09-22 05:46:44', NULL, 185, 49, 1, 'Nylon'),
(1063, '2019-09-22 05:46:44', '2019-09-22 05:46:44', NULL, 185, 49, 2, 'نايلون'),
(1064, '2019-09-22 05:46:44', '2019-09-22 05:46:44', NULL, 185, 50, 1, '57/14/145'),
(1065, '2019-09-22 05:46:44', '2019-09-22 05:46:44', NULL, 185, 50, 2, '57/14/145'),
(1066, '2019-09-22 05:46:44', '2019-09-22 05:46:44', NULL, 185, 51, 1, '57/14/145'),
(1067, '2019-09-22 05:46:44', '2019-09-22 05:46:44', NULL, 185, 51, 2, 'قابل لتركيب عدسة'),
(1068, '2019-09-22 05:58:25', '2019-09-22 05:58:25', NULL, 186, 46, 1, 'Unisex'),
(1069, '2019-09-22 05:58:25', '2019-09-22 05:58:25', NULL, 186, 46, 2, 'رجال / نساء'),
(1070, '2019-09-22 05:58:25', '2019-09-22 05:58:25', NULL, 186, 47, 1, 'Squared'),
(1071, '2019-09-22 05:58:25', '2019-09-22 05:58:25', NULL, 186, 47, 2, 'مربع'),
(1072, '2019-09-22 05:58:25', '2019-09-22 05:58:25', NULL, 186, 48, 1, 'Acetate'),
(1073, '2019-09-22 05:58:25', '2019-09-22 05:58:25', NULL, 186, 48, 2, 'Acetate'),
(1074, '2019-09-22 05:58:25', '2019-09-22 05:58:25', NULL, 186, 49, 1, 'Polycarbonate'),
(1075, '2019-09-22 05:58:25', '2019-09-22 05:58:25', NULL, 186, 49, 2, 'Polycarbonate'),
(1076, '2019-09-22 05:58:25', '2019-09-22 05:58:25', NULL, 186, 50, 1, '55/16/140'),
(1077, '2019-09-22 05:58:25', '2019-09-22 05:58:25', NULL, 186, 50, 2, '55/16/140'),
(1078, '2019-09-22 05:58:25', '2019-09-22 05:58:25', NULL, 186, 51, 1, 'Yes'),
(1079, '2019-09-22 05:58:25', '2019-09-22 05:58:25', NULL, 186, 51, 2, 'قابل لتركيب ع'),
(1080, '2019-09-22 06:22:54', '2019-09-22 06:22:54', NULL, 187, 46, 1, 'Unisex'),
(1081, '2019-09-22 06:22:54', '2019-09-22 06:22:54', NULL, 187, 46, 2, 'رجال / نساء'),
(1082, '2019-09-22 06:22:54', '2019-09-22 06:22:54', NULL, 187, 47, 1, 'Geometric'),
(1083, '2019-09-22 06:22:54', '2019-09-22 06:22:54', NULL, 187, 47, 2, 'هندسى'),
(1084, '2019-09-22 06:22:54', '2019-09-22 06:22:54', NULL, 187, 48, 1, 'Metal'),
(1085, '2019-09-22 06:22:54', '2019-09-22 06:22:54', NULL, 187, 48, 2, 'معدن'),
(1086, '2019-09-22 06:22:54', '2019-09-22 06:22:54', NULL, 187, 49, 1, 'Polycarbonate'),
(1087, '2019-09-22 06:22:54', '2019-09-22 06:22:54', NULL, 187, 49, 2, 'Polycarbonate'),
(1088, '2019-09-22 06:22:54', '2019-09-22 06:22:54', NULL, 187, 50, 1, '58/15/145'),
(1089, '2019-09-22 06:22:54', '2019-09-22 06:22:54', NULL, 187, 50, 2, '58/15/145'),
(1090, '2019-09-22 06:22:54', '2019-09-22 06:22:54', NULL, 187, 51, 1, 'No'),
(1091, '2019-09-22 06:22:54', '2019-09-22 06:22:54', NULL, 187, 51, 2, 'غير قابل'),
(1092, '2019-09-22 06:32:55', '2019-09-22 06:32:55', NULL, 188, 46, 1, 'Unisex'),
(1093, '2019-09-22 06:32:55', '2019-09-22 06:32:55', NULL, 188, 46, 2, 'رجال / نساء'),
(1094, '2019-09-22 06:32:55', '2019-09-22 06:32:55', NULL, 188, 47, 1, 'Pilot'),
(1095, '2019-09-22 06:32:55', '2019-09-22 06:32:55', NULL, 188, 47, 2, 'طيار'),
(1096, '2019-09-22 06:32:55', '2019-09-22 06:32:55', NULL, 188, 48, 1, 'Metal'),
(1097, '2019-09-22 06:32:55', '2019-09-22 06:32:55', NULL, 188, 48, 2, 'معدن'),
(1098, '2019-09-22 06:32:55', '2019-09-22 06:32:55', NULL, 188, 49, 1, 'Polycarbonate'),
(1099, '2019-09-22 06:32:55', '2019-09-22 06:32:55', NULL, 188, 49, 2, 'Polycarbonate'),
(1100, '2019-09-22 06:32:55', '2019-09-22 06:32:55', NULL, 188, 50, 1, '58/13/145'),
(1101, '2019-09-22 06:32:55', '2019-09-22 06:32:55', NULL, 188, 50, 2, '58/13/145'),
(1102, '2019-09-22 06:32:55', '2019-09-22 06:32:55', NULL, 188, 51, 1, 'Yes'),
(1103, '2019-09-22 06:32:55', '2019-09-22 06:32:55', NULL, 188, 51, 2, 'قابل لتركيب عدسات'),
(1104, '2019-09-22 06:45:14', '2019-09-22 06:45:14', NULL, 189, 46, 1, 'Women'),
(1105, '2019-09-22 06:45:14', '2019-09-22 06:45:14', NULL, 189, 46, 2, 'نسائى'),
(1106, '2019-09-22 06:45:14', '2019-09-22 06:45:14', NULL, 189, 47, 1, 'Round'),
(1107, '2019-09-22 06:45:14', '2019-09-22 06:45:14', NULL, 189, 47, 2, 'دائرى'),
(1108, '2019-09-22 06:45:14', '2019-09-22 06:45:14', NULL, 189, 48, 1, 'Acetate'),
(1109, '2019-09-22 06:45:14', '2019-09-22 06:45:14', NULL, 189, 48, 2, 'Acetate'),
(1110, '2019-09-22 06:45:14', '2019-09-22 06:45:14', NULL, 189, 49, 1, 'Nylon'),
(1111, '2019-09-22 06:45:14', '2019-09-22 06:45:14', NULL, 189, 49, 2, 'Nylon'),
(1112, '2019-09-22 06:45:14', '2019-09-22 06:45:14', NULL, 189, 50, 1, '51/25/140'),
(1113, '2019-09-22 06:45:14', '2019-09-22 06:45:14', NULL, 189, 50, 2, '51/25/140'),
(1114, '2019-09-22 06:45:14', '2019-09-22 06:45:14', NULL, 189, 51, 1, 'Yes'),
(1115, '2019-09-22 06:45:14', '2019-09-22 06:45:14', NULL, 189, 51, 2, 'قابل لتركيب'),
(1116, '2019-09-22 06:55:18', '2019-09-22 06:55:18', NULL, 190, 46, 1, 'Women'),
(1117, '2019-09-22 06:55:18', '2019-09-22 06:55:18', NULL, 190, 46, 2, 'نساء'),
(1118, '2019-09-22 06:55:18', '2019-09-22 06:55:18', NULL, 190, 47, 1, 'Round'),
(1119, '2019-09-22 06:55:18', '2019-09-22 06:55:18', NULL, 190, 47, 2, 'دائرى'),
(1120, '2019-09-22 06:55:18', '2019-09-22 06:55:18', NULL, 190, 48, 1, 'Injection/propionate'),
(1121, '2019-09-22 06:55:18', '2019-09-22 06:55:18', NULL, 190, 48, 2, 'حقن / بروبيونات'),
(1122, '2019-09-22 06:55:18', '2019-09-22 06:55:18', NULL, 190, 49, 1, 'Nylon'),
(1123, '2019-09-22 06:55:18', '2019-09-22 06:55:18', NULL, 190, 49, 2, 'Nylon'),
(1124, '2019-09-22 06:55:18', '2019-09-22 06:55:18', NULL, 190, 50, 1, '52/20/145'),
(1125, '2019-09-22 06:55:18', '2019-09-22 06:55:18', NULL, 190, 50, 2, '52/20/145'),
(1126, '2019-09-22 06:55:18', '2019-09-22 06:55:18', NULL, 190, 51, 1, 'Yes'),
(1127, '2019-09-22 06:55:18', '2019-09-22 06:55:18', NULL, 190, 51, 2, 'قابل للتركيب'),
(1128, '2019-09-22 07:02:32', '2019-09-22 07:02:32', NULL, 191, 46, 1, 'Women'),
(1129, '2019-09-22 07:02:32', '2019-09-22 07:02:32', NULL, 191, 46, 2, 'نساء'),
(1130, '2019-09-22 07:02:32', '2019-09-22 07:02:32', NULL, 191, 47, 1, 'Cat Eye'),
(1131, '2019-09-22 07:02:32', '2019-09-22 07:02:32', NULL, 191, 47, 2, 'عين القط'),
(1132, '2019-09-22 07:02:32', '2019-09-22 07:02:32', NULL, 191, 48, 1, 'Acetate'),
(1133, '2019-09-22 07:02:32', '2019-09-22 07:02:32', NULL, 191, 48, 2, 'Acetate'),
(1134, '2019-09-22 07:02:32', '2019-09-22 07:02:32', NULL, 191, 49, 1, 'Nylon'),
(1135, '2019-09-22 07:02:32', '2019-09-22 07:02:32', NULL, 191, 49, 2, 'Nylon'),
(1136, '2019-09-22 07:02:32', '2019-09-22 07:02:32', NULL, 191, 50, 1, '50/22/150'),
(1137, '2019-09-22 07:02:32', '2019-09-22 07:02:32', NULL, 191, 50, 2, '50/22/150'),
(1138, '2019-09-22 07:02:32', '2019-09-22 07:02:32', NULL, 191, 51, 1, 'Yes'),
(1139, '2019-09-22 07:02:32', '2019-09-22 07:02:32', NULL, 191, 51, 2, 'قابل للتركيب'),
(1140, '2019-09-22 07:09:19', '2019-09-22 07:09:19', NULL, 192, 46, 1, 'Women'),
(1141, '2019-09-22 07:09:19', '2019-09-22 07:09:19', NULL, 192, 46, 2, 'نسائى'),
(1142, '2019-09-22 07:09:19', '2019-09-22 07:09:19', NULL, 192, 47, 1, 'Cat Eye'),
(1143, '2019-09-22 07:09:19', '2019-09-22 07:09:19', NULL, 192, 47, 2, 'عين القط'),
(1144, '2019-09-22 07:09:19', '2019-09-22 07:09:19', NULL, 192, 48, 1, 'Acetate'),
(1145, '2019-09-22 07:09:19', '2019-09-22 07:09:19', NULL, 192, 48, 2, 'Acetate'),
(1146, '2019-09-22 07:09:19', '2019-09-22 07:09:19', NULL, 192, 49, 1, 'Nylon'),
(1147, '2019-09-22 07:09:19', '2019-09-22 07:09:19', NULL, 192, 49, 2, 'نايلون'),
(1148, '2019-09-22 07:09:19', '2019-09-22 07:09:19', NULL, 192, 50, 1, '55/19/140'),
(1149, '2019-09-22 07:09:19', '2019-09-22 07:09:19', NULL, 192, 50, 2, '55/19/140'),
(1150, '2019-09-22 07:09:19', '2019-09-22 07:09:19', NULL, 192, 51, 1, 'Yes'),
(1151, '2019-09-22 07:09:19', '2019-09-22 07:09:19', NULL, 192, 51, 2, 'قابل للتركيب'),
(1152, '2019-09-22 07:16:50', '2019-09-22 07:16:50', NULL, 193, 46, 1, 'Women'),
(1153, '2019-09-22 07:16:50', '2019-09-22 07:16:50', NULL, 193, 46, 2, 'نساء'),
(1154, '2019-09-22 07:16:50', '2019-09-22 07:16:50', NULL, 193, 47, 1, 'Geometric'),
(1155, '2019-09-22 07:16:50', '2019-09-22 07:16:50', NULL, 193, 47, 2, 'هندسى'),
(1156, '2019-09-22 07:16:50', '2019-09-22 07:16:50', NULL, 193, 48, 1, 'Injected'),
(1157, '2019-09-22 07:16:50', '2019-09-22 07:16:50', NULL, 193, 48, 2, 'حقن'),
(1158, '2019-09-22 07:16:50', '2019-09-22 07:16:50', NULL, 193, 49, 1, 'Polycarbonate'),
(1159, '2019-09-22 07:16:50', '2019-09-22 07:16:50', NULL, 193, 49, 2, 'Polycarbonate'),
(1160, '2019-09-22 07:16:50', '2019-09-22 07:16:50', NULL, 193, 50, 1, '61/16/120'),
(1161, '2019-09-22 07:16:50', '2019-09-22 07:16:50', NULL, 193, 50, 2, '61/16/120'),
(1162, '2019-09-22 07:16:50', '2019-09-22 07:16:50', NULL, 193, 51, 1, 'No'),
(1163, '2019-09-22 07:16:50', '2019-09-22 07:16:50', NULL, 193, 51, 2, 'No'),
(1164, '2019-09-22 07:34:19', '2019-09-22 07:34:19', NULL, 196, 46, 1, 'Junior'),
(1165, '2019-09-22 07:34:19', '2019-09-22 07:34:19', NULL, 196, 46, 2, 'اطفال'),
(1166, '2019-09-22 07:34:19', '2019-09-22 07:34:19', NULL, 196, 47, 1, 'Squared'),
(1167, '2019-09-22 07:34:19', '2019-09-22 07:34:19', NULL, 196, 47, 2, 'مربع'),
(1168, '2019-09-22 07:34:19', '2019-09-22 07:34:19', NULL, 196, 48, 1, 'Acetate'),
(1169, '2019-09-22 07:34:19', '2019-09-22 07:34:19', NULL, 196, 48, 2, 'Acetate'),
(1170, '2019-09-22 07:34:19', '2019-09-22 07:34:19', NULL, 196, 49, 1, 'General'),
(1171, '2019-09-22 07:34:19', '2019-09-22 07:34:19', NULL, 196, 49, 2, 'General'),
(1172, '2019-09-22 07:34:19', '2019-09-22 07:34:19', NULL, 196, 50, 1, '48/17/130'),
(1173, '2019-09-22 07:34:19', '2019-09-22 07:34:19', NULL, 196, 50, 2, '48/17/130'),
(1174, '2019-09-22 07:34:19', '2019-09-22 07:34:19', NULL, 196, 51, 1, 'Yes'),
(1175, '2019-09-22 07:34:19', '2019-09-22 07:34:19', NULL, 196, 51, 2, 'قابل لتركيب عدسة'),
(1176, '2019-09-22 07:42:27', '2019-09-22 07:42:27', NULL, 197, 46, 1, 'Junior'),
(1177, '2019-09-22 07:42:27', '2019-09-22 07:42:27', NULL, 197, 46, 2, 'اطفال'),
(1178, '2019-09-22 07:42:27', '2019-09-22 07:42:27', NULL, 197, 47, 1, 'Cat Eye'),
(1179, '2019-09-22 07:42:27', '2019-09-22 07:42:27', NULL, 197, 47, 2, 'عين القط'),
(1180, '2019-09-22 07:42:27', '2019-09-22 07:42:27', NULL, 197, 48, 1, 'Propionate'),
(1181, '2019-09-22 07:42:27', '2019-09-22 07:42:27', NULL, 197, 48, 2, 'بروبيونات'),
(1182, '2019-09-22 07:42:27', '2019-09-22 07:42:27', NULL, 197, 49, 1, 'Polycarbonate'),
(1183, '2019-09-22 07:42:27', '2019-09-22 07:42:27', NULL, 197, 49, 2, 'بولى كاربونيت'),
(1184, '2019-09-22 07:42:27', '2019-09-22 07:42:27', NULL, 197, 50, 1, '47/16/130'),
(1185, '2019-09-22 07:42:27', '2019-09-22 07:42:27', NULL, 197, 50, 2, '47/16/130'),
(1186, '2019-09-22 07:42:27', '2019-09-22 07:42:27', NULL, 197, 51, 1, 'Yes'),
(1187, '2019-09-22 07:42:27', '2019-09-22 07:42:27', NULL, 197, 51, 2, 'نعم قابل للتركيب'),
(1188, '2019-09-22 08:19:21', '2019-09-22 08:19:21', NULL, 198, 46, 1, 'Unisex'),
(1189, '2019-09-22 08:19:21', '2019-09-22 08:19:21', NULL, 198, 46, 2, 'رجال / نساء'),
(1190, '2019-09-22 08:19:21', '2019-09-22 08:19:21', NULL, 198, 47, 1, 'Geometric'),
(1191, '2019-09-22 08:19:21', '2019-09-22 08:19:21', NULL, 198, 47, 2, 'هندسى'),
(1192, '2019-09-22 08:19:21', '2019-09-22 08:19:21', NULL, 198, 48, 1, 'Metal'),
(1193, '2019-09-22 08:19:21', '2019-09-22 08:19:21', NULL, 198, 48, 2, 'معدن'),
(1194, '2019-09-22 08:19:21', '2019-09-22 08:19:21', NULL, 198, 49, 1, NULL),
(1195, '2019-09-22 08:19:21', '2019-09-22 08:19:21', NULL, 198, 49, 2, NULL),
(1196, '2019-09-22 08:19:21', '2019-09-22 08:19:21', NULL, 198, 50, 1, 'Complete Frame'),
(1197, '2019-09-22 08:19:21', '2019-09-22 08:19:21', NULL, 198, 50, 2, 'اطار كامل'),
(1198, '2019-09-22 08:19:21', '2019-09-22 08:19:21', NULL, 198, 51, 1, 'YAS'),
(1199, '2019-09-22 08:19:21', '2019-09-22 08:19:21', NULL, 198, 51, 2, 'نعم'),
(1200, '2019-09-22 08:29:08', '2019-09-22 08:29:08', NULL, 199, 46, 1, 'Unisex'),
(1201, '2019-09-22 08:29:08', '2019-09-22 08:29:08', NULL, 199, 46, 2, 'رجال / نساء'),
(1202, '2019-09-22 08:29:08', '2019-09-22 08:29:08', NULL, 199, 47, 1, 'Geometric'),
(1203, '2019-09-22 08:29:08', '2019-09-22 08:29:08', NULL, 199, 47, 2, 'هندسى'),
(1204, '2019-09-22 08:29:08', '2019-09-22 08:29:08', NULL, 199, 48, 1, 'Acetate/metal'),
(1205, '2019-09-22 08:29:08', '2019-09-22 08:29:08', NULL, 199, 48, 2, 'حقن / معدن'),
(1206, '2019-09-22 08:29:08', '2019-09-22 08:29:08', NULL, 199, 49, 1, 'Complete Frame'),
(1207, '2019-09-22 08:29:08', '2019-09-22 08:29:08', NULL, 199, 49, 2, 'اطار كامل'),
(1208, '2019-09-22 08:29:08', '2019-09-22 08:29:08', NULL, 199, 50, 1, '52 / 19 / 145'),
(1209, '2019-09-22 08:29:08', '2019-09-22 08:29:08', NULL, 199, 50, 2, '52 / 19 / 145'),
(1210, '2019-09-22 08:29:08', '2019-09-22 08:29:08', NULL, 199, 51, 1, 'YES'),
(1211, '2019-09-22 08:29:08', '2019-09-22 08:29:08', NULL, 199, 51, 2, 'قابل'),
(1212, '2019-09-22 08:35:57', '2019-09-22 08:35:57', NULL, 200, 46, 1, 'Women'),
(1213, '2019-09-22 08:35:57', '2019-09-22 08:35:57', NULL, 200, 46, 2, 'نسائى'),
(1214, '2019-09-22 08:35:57', '2019-09-22 08:35:57', NULL, 200, 47, 1, 'Round'),
(1215, '2019-09-22 08:35:57', '2019-09-22 08:35:57', NULL, 200, 47, 2, 'دائرى'),
(1216, '2019-09-22 08:35:57', '2019-09-22 08:35:57', NULL, 200, 48, 1, 'Acetate'),
(1217, '2019-09-22 08:35:57', '2019-09-22 08:35:57', NULL, 200, 48, 2, 'Acetate'),
(1218, '2019-09-22 08:35:57', '2019-09-22 08:35:57', NULL, 200, 49, 1, 'Complete Frame'),
(1219, '2019-09-22 08:35:57', '2019-09-22 08:35:57', NULL, 200, 49, 2, 'اطار كامل'),
(1220, '2019-09-22 08:35:57', '2019-09-22 08:35:57', NULL, 200, 50, 1, '50/19/145'),
(1221, '2019-09-22 08:35:57', '2019-09-22 08:35:57', NULL, 200, 50, 2, '50/19/145'),
(1222, '2019-09-22 08:35:57', '2019-09-22 08:35:57', NULL, 200, 51, 1, 'YES'),
(1223, '2019-09-22 08:35:57', '2019-09-22 08:35:57', NULL, 200, 51, 2, 'قابلل للتركيب'),
(1224, '2019-09-22 08:44:13', '2019-09-22 08:44:13', NULL, 201, 46, 1, 'Women'),
(1225, '2019-09-22 08:44:13', '2019-09-22 08:44:13', NULL, 201, 46, 2, 'نسائى'),
(1226, '2019-09-22 08:44:13', '2019-09-22 08:44:13', NULL, 201, 47, 1, 'Cat Eye'),
(1227, '2019-09-22 08:44:13', '2019-09-22 08:44:13', NULL, 201, 47, 2, 'عين القط'),
(1228, '2019-09-22 08:44:13', '2019-09-22 08:44:13', NULL, 201, 48, 1, 'Polyamide'),
(1229, '2019-09-22 08:44:13', '2019-09-22 08:44:13', NULL, 201, 48, 2, 'البولياميد'),
(1230, '2019-09-22 08:44:13', '2019-09-22 08:44:13', NULL, 201, 49, 1, 'Complete Frame'),
(1231, '2019-09-22 08:44:13', '2019-09-22 08:44:13', NULL, 201, 49, 2, 'اطار كامل'),
(1232, '2019-09-22 08:44:13', '2019-09-22 08:44:13', NULL, 201, 50, 1, '51/21/140'),
(1233, '2019-09-22 08:44:13', '2019-09-22 08:44:13', NULL, 201, 50, 2, '51/21/140'),
(1234, '2019-09-22 08:44:13', '2019-09-22 08:44:13', NULL, 201, 51, 1, 'YES'),
(1235, '2019-09-22 08:44:13', '2019-09-22 08:44:13', NULL, 201, 51, 2, 'نعم'),
(1236, '2019-09-22 08:51:17', '2019-09-22 08:51:17', NULL, 202, 46, 1, 'Junior'),
(1237, '2019-09-22 08:51:17', '2019-09-22 08:51:17', NULL, 202, 46, 2, 'اطفال'),
(1238, '2019-09-22 08:51:17', '2019-09-22 08:51:17', NULL, 202, 47, 1, 'Squared'),
(1239, '2019-09-22 08:51:17', '2019-09-22 08:51:17', NULL, 202, 47, 2, 'مربع'),
(1240, '2019-09-22 08:51:17', '2019-09-22 08:51:17', NULL, 202, 48, 1, 'Injected'),
(1241, '2019-09-22 08:51:17', '2019-09-22 08:51:17', NULL, 202, 48, 2, 'حقن'),
(1242, '2019-09-22 08:51:17', '2019-09-22 08:51:17', NULL, 202, 49, 1, 'Complete Frame'),
(1243, '2019-09-22 08:51:17', '2019-09-22 08:51:17', NULL, 202, 49, 2, 'اطار كامل'),
(1244, '2019-09-22 08:51:17', '2019-09-22 08:51:17', NULL, 202, 50, 1, '48/16/130'),
(1245, '2019-09-22 08:51:17', '2019-09-22 08:51:17', NULL, 202, 50, 2, '48/16/130'),
(1246, '2019-09-22 08:51:17', '2019-09-22 08:51:17', NULL, 202, 51, 1, 'YES'),
(1247, '2019-09-22 08:51:17', '2019-09-22 08:51:17', NULL, 202, 51, 2, 'نعم'),
(1248, '2019-09-22 08:56:37', '2019-09-22 08:56:37', NULL, 203, 46, 1, 'Junior'),
(1249, '2019-09-22 08:56:37', '2019-09-22 08:56:37', NULL, 203, 46, 2, 'اولاد / بنات'),
(1250, '2019-09-22 08:56:37', '2019-09-22 08:56:37', NULL, 203, 47, 1, 'Round'),
(1251, '2019-09-22 08:56:37', '2019-09-22 08:56:37', NULL, 203, 47, 2, 'دائرى'),
(1252, '2019-09-22 08:56:37', '2019-09-22 08:56:37', NULL, 203, 48, 1, 'Acetate'),
(1253, '2019-09-22 08:56:37', '2019-09-22 08:56:37', NULL, 203, 48, 2, 'Acetate'),
(1254, '2019-09-22 08:56:37', '2019-09-22 08:56:37', NULL, 203, 49, 1, 'Complete Frame'),
(1255, '2019-09-22 08:56:37', '2019-09-22 08:56:37', NULL, 203, 49, 2, 'اطار كامل'),
(1256, '2019-09-22 08:56:37', '2019-09-22 08:56:37', NULL, 203, 50, 1, '46/19/130'),
(1257, '2019-09-22 08:56:37', '2019-09-22 08:56:37', NULL, 203, 50, 2, '46/19/130'),
(1258, '2019-09-22 08:56:37', '2019-09-22 08:56:37', NULL, 203, 51, 1, 'YES'),
(1259, '2019-09-22 08:56:37', '2019-09-22 08:56:37', NULL, 203, 51, 2, 'نعم');

-- --------------------------------------------------------

--
-- Table structure for table `product_categories`
--

CREATE TABLE `product_categories` (
  `id` int(10) UNSIGNED NOT NULL,
  `created_at` timestamp NULL DEFAULT NULL,
  `updated_at` timestamp NULL DEFAULT NULL,
  `deleted_at` timestamp NULL DEFAULT NULL,
  `product_id` int(10) UNSIGNED NOT NULL,
  `category_id` int(10) UNSIGNED NOT NULL
) ENGINE=InnoDB DEFAULT CHARSET=utf8mb4 COLLATE=utf8mb4_unicode_ci;

--
-- Dumping data for table `product_categories`
--

INSERT INTO `product_categories` (`id`, `created_at`, `updated_at`, `deleted_at`, `product_id`, `category_id`) VALUES
(135, '2019-09-16 08:36:55', '2019-09-16 08:36:55', NULL, 138, 47),
(136, '2019-09-16 08:36:55', '2019-09-16 08:36:55', NULL, 138, 48),
(137, '2019-09-16 08:36:55', '2019-09-16 08:36:55', NULL, 138, 49),
(138, '2019-09-16 08:36:55', '2019-09-16 08:36:55', NULL, 138, 52),
(139, '2019-09-16 08:36:55', '2019-09-16 08:36:55', NULL, 138, 53),
(140, '2019-09-16 08:36:55', '2019-09-16 08:36:55', NULL, 138, 55),
(141, '2019-09-16 08:36:55', '2019-09-16 08:36:55', NULL, 138, 58),
(142, '2019-09-16 08:54:59', '2019-09-16 08:54:59', NULL, 139, 47),
(143, '2019-09-16 08:54:59', '2019-09-16 08:54:59', NULL, 139, 48),
(144, '2019-09-16 08:54:59', '2019-09-16 08:54:59', NULL, 139, 49),
(145, '2019-09-16 08:54:59', '2019-09-16 08:54:59', NULL, 139, 52),
(146, '2019-09-16 08:54:59', '2019-09-16 08:54:59', NULL, 139, 53),
(147, '2019-09-16 08:54:59', '2019-09-16 08:54:59', NULL, 139, 55),
(148, '2019-09-16 08:54:59', '2019-09-16 08:54:59', NULL, 139, 58),
(149, '2019-09-16 16:48:02', '2019-09-16 16:48:02', NULL, 140, 47),
(150, '2019-09-16 16:48:02', '2019-09-16 16:48:02', NULL, 140, 48),
(151, '2019-09-16 16:48:02', '2019-09-16 16:48:02', NULL, 140, 49),
(152, '2019-09-16 16:48:02', '2019-09-16 16:48:02', NULL, 140, 50),
(153, '2019-09-16 16:48:02', '2019-09-16 16:48:02', NULL, 140, 52),
(154, '2019-09-16 16:48:02', '2019-09-16 16:48:02', NULL, 140, 53),
(155, '2019-09-16 16:48:02', '2019-09-16 16:48:02', NULL, 140, 55),
(156, '2019-09-16 16:48:02', '2019-09-16 16:48:02', NULL, 140, 58),
(157, '2019-09-16 17:14:26', '2019-09-16 17:14:26', NULL, 141, 47),
(158, '2019-09-16 17:14:26', '2019-09-16 17:14:26', NULL, 141, 48),
(159, '2019-09-16 17:14:26', '2019-09-16 17:14:26', NULL, 141, 49),
(160, '2019-09-16 17:14:26', '2019-09-16 17:14:26', NULL, 141, 52),
(161, '2019-09-16 17:14:26', '2019-09-16 17:14:26', NULL, 141, 55),
(162, '2019-09-16 17:14:26', '2019-09-16 17:14:26', NULL, 141, 58),
(163, '2019-09-16 17:27:38', '2019-09-16 17:27:38', NULL, 142, 47),
(164, '2019-09-16 17:27:38', '2019-09-16 17:27:38', NULL, 142, 48),
(165, '2019-09-16 17:27:38', '2019-09-16 17:27:38', NULL, 142, 50),
(166, '2019-09-16 17:27:38', '2019-09-16 17:27:38', NULL, 142, 52),
(167, '2019-09-16 17:27:38', '2019-09-16 17:27:38', NULL, 142, 53),
(168, '2019-09-16 17:27:38', '2019-09-16 17:27:38', NULL, 142, 56),
(169, '2019-09-16 17:27:38', '2019-09-16 17:27:38', NULL, 142, 58),
(170, '2019-09-16 17:41:58', '2019-09-16 17:41:58', NULL, 143, 47),
(171, '2019-09-16 17:41:58', '2019-09-16 17:41:58', NULL, 143, 48),
(172, '2019-09-16 17:41:58', '2019-09-16 17:41:58', NULL, 143, 49),
(173, '2019-09-16 17:41:58', '2019-09-16 17:41:58', NULL, 143, 52),
(174, '2019-09-16 17:41:58', '2019-09-16 17:41:58', NULL, 143, 53),
(175, '2019-09-16 17:41:58', '2019-09-16 17:41:58', NULL, 143, 56),
(176, '2019-09-16 17:41:58', '2019-09-16 17:41:58', NULL, 143, 58),
(177, '2019-09-16 17:53:57', '2019-09-16 17:53:57', NULL, 144, 47),
(178, '2019-09-16 17:53:57', '2019-09-16 17:53:57', NULL, 144, 48),
(179, '2019-09-16 17:53:57', '2019-09-16 17:53:57', NULL, 144, 49),
(180, '2019-09-16 17:53:57', '2019-09-16 17:53:57', NULL, 144, 52),
(181, '2019-09-16 17:53:57', '2019-09-16 17:53:57', NULL, 144, 53),
(182, '2019-09-16 17:53:57', '2019-09-16 17:53:57', NULL, 144, 54),
(183, '2019-09-16 17:53:57', '2019-09-16 17:53:57', NULL, 144, 58),
(184, '2019-09-16 18:14:54', '2019-09-16 18:14:54', NULL, 145, 47),
(185, '2019-09-16 18:14:54', '2019-09-16 18:14:54', NULL, 145, 48),
(186, '2019-09-16 18:14:54', '2019-09-16 18:14:54', NULL, 145, 49),
(187, '2019-09-16 18:14:54', '2019-09-16 18:14:54', NULL, 145, 52),
(188, '2019-09-16 18:14:54', '2019-09-16 18:14:54', NULL, 145, 53),
(189, '2019-09-16 18:14:54', '2019-09-16 18:14:54', NULL, 145, 54),
(190, '2019-09-16 18:14:54', '2019-09-16 18:14:54', NULL, 145, 58),
(191, '2019-09-16 18:50:10', '2019-09-16 18:50:10', NULL, 146, 47),
(192, '2019-09-16 18:50:10', '2019-09-16 18:50:10', NULL, 146, 48),
(193, '2019-09-16 18:50:10', '2019-09-16 18:50:10', NULL, 146, 50),
(194, '2019-09-16 18:50:10', '2019-09-16 18:50:10', NULL, 146, 52),
(195, '2019-09-16 18:50:10', '2019-09-16 18:50:10', NULL, 146, 53),
(196, '2019-09-16 18:50:10', '2019-09-16 18:50:10', NULL, 146, 55),
(197, '2019-09-16 18:50:10', '2019-09-16 18:50:10', NULL, 146, 58),
(198, '2019-09-16 19:05:57', '2019-09-16 19:05:57', NULL, 147, 47),
(199, '2019-09-16 19:05:57', '2019-09-16 19:05:57', NULL, 147, 48),
(200, '2019-09-16 19:05:57', '2019-09-16 19:05:57', NULL, 147, 50),
(201, '2019-09-16 19:05:57', '2019-09-16 19:05:57', NULL, 147, 52),
(202, '2019-09-16 19:05:57', '2019-09-16 19:05:57', NULL, 147, 53),
(203, '2019-09-16 19:05:57', '2019-09-16 19:05:57', NULL, 147, 54),
(204, '2019-09-16 19:05:57', '2019-09-16 19:05:57', NULL, 147, 58),
(205, '2019-09-16 19:22:57', '2019-09-16 19:22:57', NULL, 148, 47),
(206, '2019-09-16 19:22:57', '2019-09-16 19:22:57', NULL, 148, 48),
(207, '2019-09-16 19:22:57', '2019-09-16 19:22:57', NULL, 148, 49),
(208, '2019-09-16 19:22:57', '2019-09-16 19:22:57', NULL, 148, 52),
(209, '2019-09-16 19:22:57', '2019-09-16 19:22:57', NULL, 148, 53),
(210, '2019-09-16 19:22:57', '2019-09-16 19:22:57', NULL, 148, 54),
(211, '2019-09-16 19:22:57', '2019-09-16 19:22:57', NULL, 148, 58),
(212, '2019-09-16 20:03:25', '2019-09-16 20:03:25', NULL, 149, 47),
(213, '2019-09-16 20:03:25', '2019-09-16 20:03:25', NULL, 149, 48),
(214, '2019-09-16 20:03:25', '2019-09-16 20:03:25', NULL, 149, 49),
(215, '2019-09-16 20:03:25', '2019-09-16 20:03:25', NULL, 149, 52),
(216, '2019-09-16 20:03:25', '2019-09-16 20:03:25', NULL, 149, 53),
(217, '2019-09-16 20:03:25', '2019-09-16 20:03:25', NULL, 149, 55),
(218, '2019-09-16 20:03:25', '2019-09-16 20:03:25', NULL, 149, 58),
(219, '2019-09-16 20:16:38', '2019-09-16 20:16:38', NULL, 150, 47),
(220, '2019-09-16 20:16:38', '2019-09-16 20:16:38', NULL, 150, 48),
(221, '2019-09-16 20:16:38', '2019-09-16 20:16:38', NULL, 150, 49),
(222, '2019-09-16 20:16:38', '2019-09-16 20:16:38', NULL, 150, 52),
(223, '2019-09-16 20:16:38', '2019-09-16 20:16:38', NULL, 150, 53),
(224, '2019-09-16 20:16:38', '2019-09-16 20:16:38', NULL, 150, 55),
(225, '2019-09-16 20:16:38', '2019-09-16 20:16:38', NULL, 150, 58),
(226, '2019-09-16 20:31:11', '2019-09-16 20:31:11', NULL, 151, 47),
(227, '2019-09-16 20:31:11', '2019-09-16 20:31:11', NULL, 151, 48),
(228, '2019-09-16 20:31:11', '2019-09-16 20:31:11', NULL, 151, 49),
(229, '2019-09-16 20:31:11', '2019-09-16 20:31:11', NULL, 151, 52),
(230, '2019-09-16 20:31:11', '2019-09-16 20:31:11', NULL, 151, 53),
(231, '2019-09-16 20:31:11', '2019-09-16 20:31:11', NULL, 151, 55),
(232, '2019-09-16 20:31:11', '2019-09-16 20:31:11', NULL, 151, 58),
(233, '2019-09-17 05:43:29', '2019-09-17 05:43:29', NULL, 152, 47),
(234, '2019-09-17 05:43:29', '2019-09-17 05:43:29', NULL, 152, 48),
(235, '2019-09-17 05:43:29', '2019-09-17 05:43:29', NULL, 152, 50),
(236, '2019-09-17 05:43:29', '2019-09-17 05:43:29', NULL, 152, 52),
(237, '2019-09-17 05:43:29', '2019-09-17 05:43:29', NULL, 152, 53),
(238, '2019-09-17 05:43:29', '2019-09-17 05:43:29', NULL, 152, 55),
(239, '2019-09-17 05:43:29', '2019-09-17 05:43:29', NULL, 152, 58),
(240, '2019-09-17 08:44:49', '2019-09-17 08:44:49', NULL, 153, 35),
(241, '2019-09-17 08:44:49', '2019-09-17 08:44:49', NULL, 153, 36),
(242, '2019-09-17 08:44:49', '2019-09-17 08:44:49', NULL, 153, 40),
(243, '2019-09-17 08:44:49', '2019-09-17 08:44:49', NULL, 153, 41),
(244, '2019-09-17 08:44:49', '2019-09-17 08:44:49', NULL, 153, 42),
(245, '2019-09-17 08:44:49', '2019-09-17 08:44:49', NULL, 153, 45),
(246, '2019-09-17 08:44:49', '2019-09-17 08:44:49', NULL, 153, 46),
(247, '2019-09-17 09:08:57', '2019-09-17 09:08:57', NULL, 154, 35),
(248, '2019-09-17 09:08:57', '2019-09-17 09:08:57', NULL, 154, 36),
(249, '2019-09-17 09:08:57', '2019-09-17 09:08:57', NULL, 154, 40),
(250, '2019-09-17 09:08:57', '2019-09-17 09:08:57', NULL, 154, 41),
(251, '2019-09-17 09:08:57', '2019-09-17 09:08:57', NULL, 154, 42),
(252, '2019-09-17 09:08:57', '2019-09-17 09:08:57', NULL, 154, 45),
(253, '2019-09-17 09:08:57', '2019-09-17 09:08:57', NULL, 154, 46),
(254, '2019-09-17 09:50:07', '2019-09-17 09:50:07', NULL, 155, 35),
(255, '2019-09-17 09:50:07', '2019-09-17 09:50:07', NULL, 155, 36),
(256, '2019-09-17 09:50:07', '2019-09-17 09:50:07', NULL, 155, 40),
(257, '2019-09-17 09:50:07', '2019-09-17 09:50:07', NULL, 155, 41),
(258, '2019-09-17 09:50:07', '2019-09-17 09:50:07', NULL, 155, 45),
(259, '2019-09-17 09:50:07', '2019-09-17 09:50:07', NULL, 155, 46),
(260, '2019-09-17 10:03:07', '2019-09-17 10:03:07', NULL, 156, 35),
(261, '2019-09-17 10:03:07', '2019-09-17 10:03:07', NULL, 156, 36),
(262, '2019-09-17 10:03:07', '2019-09-17 10:03:07', NULL, 156, 39),
(263, '2019-09-17 10:03:07', '2019-09-17 10:03:07', NULL, 156, 41),
(264, '2019-09-17 10:03:07', '2019-09-17 10:03:07', NULL, 156, 42),
(265, '2019-09-17 10:03:07', '2019-09-17 10:03:07', NULL, 156, 44),
(266, '2019-09-17 10:03:07', '2019-09-17 10:03:07', NULL, 156, 46),
(267, '2019-09-17 17:36:26', '2019-09-17 17:36:26', NULL, 157, 35),
(268, '2019-09-17 17:36:26', '2019-09-17 17:36:26', NULL, 157, 36),
(269, '2019-09-17 17:36:26', '2019-09-17 17:36:26', NULL, 157, 39),
(270, '2019-09-17 17:36:26', '2019-09-17 17:36:26', NULL, 157, 41),
(271, '2019-09-17 17:36:26', '2019-09-17 17:36:26', NULL, 157, 42),
(272, '2019-09-17 17:36:26', '2019-09-17 17:36:26', NULL, 157, 44),
(273, '2019-09-17 17:36:26', '2019-09-17 17:36:26', NULL, 157, 46),
(288, '2019-09-18 04:41:17', '2019-09-18 04:41:17', NULL, 160, 35),
(289, '2019-09-18 04:41:17', '2019-09-18 04:41:17', NULL, 160, 36),
(290, '2019-09-18 04:41:17', '2019-09-18 04:41:17', NULL, 160, 39),
(291, '2019-09-18 04:41:17', '2019-09-18 04:41:17', NULL, 160, 41),
(292, '2019-09-18 04:41:17', '2019-09-18 04:41:17', NULL, 160, 42),
(293, '2019-09-18 04:41:17', '2019-09-18 04:41:17', NULL, 160, 44),
(294, '2019-09-18 04:41:17', '2019-09-18 04:41:17', NULL, 160, 46),
(295, '2019-09-18 05:03:48', '2019-09-18 05:03:48', NULL, 161, 35),
(296, '2019-09-18 05:03:48', '2019-09-18 05:03:48', NULL, 161, 36),
(297, '2019-09-18 05:03:48', '2019-09-18 05:03:48', NULL, 161, 39),
(298, '2019-09-18 05:03:48', '2019-09-18 05:03:48', NULL, 161, 41),
(299, '2019-09-18 05:03:48', '2019-09-18 05:03:48', NULL, 161, 42),
(300, '2019-09-18 05:03:48', '2019-09-18 05:03:48', NULL, 161, 44),
(301, '2019-09-18 05:03:48', '2019-09-18 05:03:48', NULL, 161, 46),
(302, '2019-09-18 06:05:07', '2019-09-18 06:05:07', NULL, 162, 35),
(303, '2019-09-18 06:05:07', '2019-09-18 06:05:07', NULL, 162, 36),
(304, '2019-09-18 06:05:07', '2019-09-18 06:05:07', NULL, 162, 41),
(305, '2019-09-18 06:05:07', '2019-09-18 06:05:07', NULL, 162, 42),
(306, '2019-09-18 06:05:07', '2019-09-18 06:05:07', NULL, 162, 44),
(307, '2019-09-18 06:05:07', '2019-09-18 06:05:07', NULL, 162, 46),
(308, '2019-09-18 06:29:56', '2019-09-18 06:29:56', NULL, 163, 35),
(309, '2019-09-18 06:29:56', '2019-09-18 06:29:56', NULL, 163, 36),
(310, '2019-09-18 06:29:56', '2019-09-18 06:29:56', NULL, 163, 41),
(311, '2019-09-18 06:29:56', '2019-09-18 06:29:56', NULL, 163, 44),
(312, '2019-09-18 06:29:56', '2019-09-18 06:29:56', NULL, 163, 46),
(313, '2019-09-18 06:51:23', '2019-09-18 06:51:23', NULL, 164, 35),
(314, '2019-09-18 06:51:23', '2019-09-18 06:51:23', NULL, 164, 36),
(315, '2019-09-18 06:51:23', '2019-09-18 06:51:23', NULL, 164, 41),
(316, '2019-09-18 06:51:23', '2019-09-18 06:51:23', NULL, 164, 42),
(317, '2019-09-18 06:51:23', '2019-09-18 06:51:23', NULL, 164, 44),
(318, '2019-09-18 06:51:23', '2019-09-18 06:51:23', NULL, 164, 46),
(319, '2019-09-18 08:15:52', '2019-09-18 08:15:52', NULL, 165, 35),
(320, '2019-09-18 08:15:52', '2019-09-18 08:15:52', NULL, 165, 36),
(321, '2019-09-18 08:15:52', '2019-09-18 08:15:52', NULL, 165, 41),
(322, '2019-09-18 08:15:52', '2019-09-18 08:15:52', NULL, 165, 42),
(323, '2019-09-18 08:15:52', '2019-09-18 08:15:52', NULL, 165, 44),
(324, '2019-09-18 08:15:52', '2019-09-18 08:15:52', NULL, 165, 46),
(325, '2019-09-18 08:53:32', '2019-09-18 08:53:32', NULL, 166, 35),
(326, '2019-09-18 08:53:32', '2019-09-18 08:53:32', NULL, 166, 36),
(327, '2019-09-18 08:53:32', '2019-09-18 08:53:32', NULL, 166, 41),
(328, '2019-09-18 08:53:32', '2019-09-18 08:53:32', NULL, 166, 42),
(329, '2019-09-18 08:53:32', '2019-09-18 08:53:32', NULL, 166, 44),
(330, '2019-09-18 08:53:32', '2019-09-18 08:53:32', NULL, 166, 46),
(331, '2019-09-18 09:17:30', '2019-09-18 09:17:30', NULL, 167, 35),
(332, '2019-09-18 09:17:30', '2019-09-18 09:17:30', NULL, 167, 36),
(333, '2019-09-18 09:17:30', '2019-09-18 09:17:30', NULL, 167, 41),
(334, '2019-09-18 09:17:30', '2019-09-18 09:17:30', NULL, 167, 42),
(335, '2019-09-18 09:17:30', '2019-09-18 09:17:30', NULL, 167, 44),
(336, '2019-09-18 09:17:30', '2019-09-18 09:17:30', NULL, 167, 46),
(343, '2019-09-18 09:50:59', '2019-09-18 09:50:59', NULL, 169, 35),
(344, '2019-09-18 09:50:59', '2019-09-18 09:50:59', NULL, 169, 36),
(345, '2019-09-18 09:50:59', '2019-09-18 09:50:59', NULL, 169, 41),
(346, '2019-09-18 09:50:59', '2019-09-18 09:50:59', NULL, 169, 42),
(347, '2019-09-18 09:50:59', '2019-09-18 09:50:59', NULL, 169, 44),
(348, '2019-09-18 09:50:59', '2019-09-18 09:50:59', NULL, 169, 46),
(349, '2019-09-18 10:03:46', '2019-09-18 10:03:46', NULL, 170, 35),
(350, '2019-09-18 10:03:46', '2019-09-18 10:03:46', NULL, 170, 36),
(351, '2019-09-18 10:03:46', '2019-09-18 10:03:46', NULL, 170, 41),
(352, '2019-09-18 10:03:46', '2019-09-18 10:03:46', NULL, 170, 42),
(353, '2019-09-18 10:03:46', '2019-09-18 10:03:46', NULL, 170, 44),
(354, '2019-09-18 10:03:46', '2019-09-18 10:03:46', NULL, 170, 46),
(355, '2019-09-18 18:19:20', '2019-09-18 18:19:20', NULL, 171, 35),
(356, '2019-09-18 18:19:20', '2019-09-18 18:19:20', NULL, 171, 36),
(357, '2019-09-18 18:19:20', '2019-09-18 18:19:20', NULL, 171, 41),
(358, '2019-09-18 18:19:20', '2019-09-18 18:19:20', NULL, 171, 42),
(359, '2019-09-18 18:19:20', '2019-09-18 18:19:20', NULL, 171, 44),
(360, '2019-09-18 18:19:20', '2019-09-18 18:19:20', NULL, 171, 46),
(361, '2019-09-18 18:43:10', '2019-09-18 18:43:10', NULL, 172, 35),
(362, '2019-09-18 18:43:10', '2019-09-18 18:43:10', NULL, 172, 36),
(363, '2019-09-18 18:43:10', '2019-09-18 18:43:10', NULL, 172, 41),
(364, '2019-09-18 18:43:10', '2019-09-18 18:43:10', NULL, 172, 42),
(365, '2019-09-18 18:43:10', '2019-09-18 18:43:10', NULL, 172, 44),
(366, '2019-09-18 18:43:10', '2019-09-18 18:43:10', NULL, 172, 46),
(367, '2019-09-19 06:48:50', '2019-09-19 06:48:50', NULL, 174, 35),
(368, '2019-09-19 06:48:50', '2019-09-19 06:48:50', NULL, 174, 36),
(369, '2019-09-19 06:48:50', '2019-09-19 06:48:50', NULL, 174, 37),
(370, '2019-09-19 06:48:50', '2019-09-19 06:48:50', NULL, 174, 41),
(371, '2019-09-19 06:48:50', '2019-09-19 06:48:50', NULL, 174, 42),
(372, '2019-09-19 06:48:50', '2019-09-19 06:48:50', NULL, 174, 44),
(373, '2019-09-19 06:48:50', '2019-09-19 06:48:50', NULL, 174, 46),
(381, '2019-09-20 09:12:12', '2019-09-20 09:12:12', NULL, 176, 35),
(382, '2019-09-20 09:12:12', '2019-09-20 09:12:12', NULL, 176, 36),
(383, '2019-09-20 09:12:12', '2019-09-20 09:12:12', NULL, 176, 37),
(384, '2019-09-20 09:12:12', '2019-09-20 09:12:12', NULL, 176, 41),
(385, '2019-09-20 09:12:12', '2019-09-20 09:12:12', NULL, 176, 42),
(386, '2019-09-20 09:12:12', '2019-09-20 09:12:12', NULL, 176, 44),
(387, '2019-09-20 09:12:12', '2019-09-20 09:12:12', NULL, 176, 46),
(388, '2019-09-20 09:33:14', '2019-09-20 09:33:14', NULL, 177, 35),
(389, '2019-09-20 09:33:14', '2019-09-20 09:33:14', NULL, 177, 36),
(390, '2019-09-20 09:33:14', '2019-09-20 09:33:14', NULL, 177, 37),
(391, '2019-09-20 09:33:14', '2019-09-20 09:33:14', NULL, 177, 41),
(392, '2019-09-20 09:33:14', '2019-09-20 09:33:14', NULL, 177, 42),
(393, '2019-09-20 09:33:14', '2019-09-20 09:33:14', NULL, 177, 43),
(394, '2019-09-20 09:33:14', '2019-09-20 09:33:14', NULL, 177, 46),
(414, '2019-09-21 13:40:09', '2019-09-21 13:40:09', NULL, 181, 59),
(415, '2019-09-21 13:40:09', '2019-09-21 13:40:09', NULL, 181, 60),
(416, '2019-09-21 13:40:09', '2019-09-21 13:40:09', NULL, 181, 61),
(417, '2019-09-21 13:40:09', '2019-09-21 13:40:09', NULL, 181, 65),
(418, '2019-09-21 13:40:09', '2019-09-21 13:40:09', NULL, 181, 67),
(419, '2019-09-21 13:40:09', '2019-09-21 13:40:09', NULL, 181, 76),
(420, '2019-09-21 13:40:09', '2019-09-21 13:40:09', NULL, 181, 78),
(421, '2019-09-21 13:40:09', '2019-09-21 13:40:09', NULL, 181, 94),
(422, '2019-09-22 04:53:24', '2019-09-22 04:53:24', NULL, 182, 59),
(423, '2019-09-22 04:53:24', '2019-09-22 04:53:24', NULL, 182, 60),
(424, '2019-09-22 04:53:24', '2019-09-22 04:53:24', NULL, 182, 61),
(425, '2019-09-22 04:53:24', '2019-09-22 04:53:24', NULL, 182, 65),
(426, '2019-09-22 04:53:24', '2019-09-22 04:53:24', NULL, 182, 78),
(427, '2019-09-22 04:53:24', '2019-09-22 04:53:24', NULL, 182, 92),
(428, '2019-09-22 05:27:19', '2019-09-22 05:27:19', NULL, 183, 59),
(429, '2019-09-22 05:27:19', '2019-09-22 05:27:19', NULL, 183, 60),
(430, '2019-09-22 05:27:19', '2019-09-22 05:27:19', NULL, 183, 61),
(431, '2019-09-22 05:27:19', '2019-09-22 05:27:19', NULL, 183, 65),
(432, '2019-09-22 05:27:19', '2019-09-22 05:27:19', NULL, 183, 76),
(433, '2019-09-22 05:27:19', '2019-09-22 05:27:19', NULL, 183, 77),
(434, '2019-09-22 05:27:19', '2019-09-22 05:27:19', NULL, 183, 78),
(435, '2019-09-22 05:27:19', '2019-09-22 05:27:19', NULL, 183, 92),
(436, '2019-09-22 05:38:24', '2019-09-22 05:38:24', NULL, 184, 59),
(437, '2019-09-22 05:38:24', '2019-09-22 05:38:24', NULL, 184, 60),
(438, '2019-09-22 05:38:24', '2019-09-22 05:38:24', NULL, 184, 65),
(439, '2019-09-22 05:38:24', '2019-09-22 05:38:24', NULL, 184, 76),
(440, '2019-09-22 05:38:24', '2019-09-22 05:38:24', NULL, 184, 77),
(441, '2019-09-22 05:38:24', '2019-09-22 05:38:24', NULL, 184, 78),
(442, '2019-09-22 05:38:24', '2019-09-22 05:38:24', NULL, 184, 92),
(443, '2019-09-22 05:46:44', '2019-09-22 05:46:44', NULL, 185, 59),
(444, '2019-09-22 05:46:44', '2019-09-22 05:46:44', NULL, 185, 60),
(445, '2019-09-22 05:46:44', '2019-09-22 05:46:44', NULL, 185, 65),
(446, '2019-09-22 05:46:44', '2019-09-22 05:46:44', NULL, 185, 76),
(447, '2019-09-22 05:46:44', '2019-09-22 05:46:44', NULL, 185, 78),
(448, '2019-09-22 05:46:44', '2019-09-22 05:46:44', NULL, 185, 83),
(449, '2019-09-22 05:46:44', '2019-09-22 05:46:44', NULL, 185, 92),
(450, '2019-09-22 05:58:25', '2019-09-22 05:58:25', NULL, 186, 59),
(451, '2019-09-22 05:58:25', '2019-09-22 05:58:25', NULL, 186, 60),
(452, '2019-09-22 05:58:25', '2019-09-22 05:58:25', NULL, 186, 61),
(453, '2019-09-22 05:58:25', '2019-09-22 05:58:25', NULL, 186, 64),
(454, '2019-09-22 05:58:25', '2019-09-22 05:58:25', NULL, 186, 65),
(455, '2019-09-22 05:58:25', '2019-09-22 05:58:25', NULL, 186, 76),
(456, '2019-09-22 05:58:25', '2019-09-22 05:58:25', NULL, 186, 77),
(457, '2019-09-22 05:58:25', '2019-09-22 05:58:25', NULL, 186, 78),
(458, '2019-09-22 05:58:25', '2019-09-22 05:58:25', NULL, 186, 85),
(459, '2019-09-22 05:58:25', '2019-09-22 05:58:25', NULL, 186, 92),
(460, '2019-09-22 06:22:54', '2019-09-22 06:22:54', NULL, 187, 59),
(461, '2019-09-22 06:22:54', '2019-09-22 06:22:54', NULL, 187, 60),
(462, '2019-09-22 06:22:54', '2019-09-22 06:22:54', NULL, 187, 61),
(463, '2019-09-22 06:22:54', '2019-09-22 06:22:54', NULL, 187, 65),
(464, '2019-09-22 06:22:54', '2019-09-22 06:22:54', NULL, 187, 66),
(465, '2019-09-22 06:22:54', '2019-09-22 06:22:54', NULL, 187, 76),
(466, '2019-09-22 06:22:54', '2019-09-22 06:22:54', NULL, 187, 77),
(467, '2019-09-22 06:22:54', '2019-09-22 06:22:54', NULL, 187, 78),
(468, '2019-09-22 06:22:54', '2019-09-22 06:22:54', NULL, 187, 92),
(469, '2019-09-22 06:32:55', '2019-09-22 06:32:55', NULL, 188, 59),
(470, '2019-09-22 06:32:55', '2019-09-22 06:32:55', NULL, 188, 60),
(471, '2019-09-22 06:32:55', '2019-09-22 06:32:55', NULL, 188, 65),
(472, '2019-09-22 06:32:55', '2019-09-22 06:32:55', NULL, 188, 76),
(473, '2019-09-22 06:32:55', '2019-09-22 06:32:55', NULL, 188, 90),
(474, '2019-09-22 06:32:55', '2019-09-22 06:32:55', NULL, 188, 92),
(475, '2019-09-22 06:38:20', '2019-09-22 06:38:20', NULL, 189, 59),
(476, '2019-09-22 06:38:20', '2019-09-22 06:38:20', NULL, 189, 60),
(477, '2019-09-22 06:38:20', '2019-09-22 06:38:20', NULL, 189, 61),
(478, '2019-09-22 06:38:20', '2019-09-22 06:38:20', NULL, 189, 63),
(479, '2019-09-22 06:38:20', '2019-09-22 06:38:20', NULL, 189, 65),
(480, '2019-09-22 06:38:20', '2019-09-22 06:38:20', NULL, 189, 68),
(481, '2019-09-22 06:38:20', '2019-09-22 06:38:20', NULL, 189, 76),
(482, '2019-09-22 06:38:20', '2019-09-22 06:38:20', NULL, 189, 77),
(483, '2019-09-22 06:38:20', '2019-09-22 06:38:20', NULL, 189, 92),
(484, '2019-09-22 06:52:52', '2019-09-22 06:52:52', NULL, 190, 59),
(485, '2019-09-22 06:52:52', '2019-09-22 06:52:52', NULL, 190, 60),
(486, '2019-09-22 06:52:52', '2019-09-22 06:52:52', NULL, 190, 61),
(487, '2019-09-22 06:52:52', '2019-09-22 06:52:52', NULL, 190, 63),
(488, '2019-09-22 06:52:52', '2019-09-22 06:52:52', NULL, 190, 65),
(489, '2019-09-22 06:52:52', '2019-09-22 06:52:52', NULL, 190, 70),
(490, '2019-09-22 06:52:52', '2019-09-22 06:52:52', NULL, 190, 76),
(491, '2019-09-22 06:52:52', '2019-09-22 06:52:52', NULL, 190, 77),
(492, '2019-09-22 06:52:52', '2019-09-22 06:52:52', NULL, 190, 92),
(493, '2019-09-22 07:02:32', '2019-09-22 07:02:32', NULL, 191, 59),
(494, '2019-09-22 07:02:32', '2019-09-22 07:02:32', NULL, 191, 60),
(495, '2019-09-22 07:02:32', '2019-09-22 07:02:32', NULL, 191, 61),
(496, '2019-09-22 07:02:32', '2019-09-22 07:02:32', NULL, 191, 65),
(497, '2019-09-22 07:02:32', '2019-09-22 07:02:32', NULL, 191, 76),
(498, '2019-09-22 07:02:32', '2019-09-22 07:02:32', NULL, 191, 77),
(499, '2019-09-22 07:02:32', '2019-09-22 07:02:32', NULL, 191, 80),
(500, '2019-09-22 07:02:32', '2019-09-22 07:02:32', NULL, 191, 92),
(501, '2019-09-22 07:02:32', '2019-09-22 07:02:32', NULL, 191, 93),
(502, '2019-09-22 07:09:19', '2019-09-22 07:09:19', NULL, 192, 59),
(503, '2019-09-22 07:09:19', '2019-09-22 07:09:19', NULL, 192, 60),
(504, '2019-09-22 07:09:19', '2019-09-22 07:09:19', NULL, 192, 61),
(505, '2019-09-22 07:09:19', '2019-09-22 07:09:19', NULL, 192, 65),
(506, '2019-09-22 07:09:19', '2019-09-22 07:09:19', NULL, 192, 76),
(507, '2019-09-22 07:09:19', '2019-09-22 07:09:19', NULL, 192, 77),
(508, '2019-09-22 07:09:19', '2019-09-22 07:09:19', NULL, 192, 83),
(509, '2019-09-22 07:09:19', '2019-09-22 07:09:19', NULL, 192, 92),
(510, '2019-09-22 07:09:19', '2019-09-22 07:09:19', NULL, 192, 93),
(511, '2019-09-22 07:16:50', '2019-09-22 07:16:50', NULL, 193, 59),
(512, '2019-09-22 07:16:50', '2019-09-22 07:16:50', NULL, 193, 60),
(513, '2019-09-22 07:16:50', '2019-09-22 07:16:50', NULL, 193, 61),
(514, '2019-09-22 07:16:50', '2019-09-22 07:16:50', NULL, 193, 65),
(515, '2019-09-22 07:16:50', '2019-09-22 07:16:50', NULL, 193, 76),
(516, '2019-09-22 07:16:50', '2019-09-22 07:16:50', NULL, 193, 77),
(517, '2019-09-22 07:16:50', '2019-09-22 07:16:50', NULL, 193, 89),
(518, '2019-09-22 07:16:50', '2019-09-22 07:16:50', NULL, 193, 92),
(519, '2019-09-22 07:24:24', '2019-09-22 07:24:24', NULL, 195, 59),
(520, '2019-09-22 07:24:24', '2019-09-22 07:24:24', NULL, 195, 60),
(521, '2019-09-22 07:24:24', '2019-09-22 07:24:24', NULL, 195, 61),
(522, '2019-09-22 07:24:24', '2019-09-22 07:24:24', NULL, 195, 64),
(523, '2019-09-22 07:24:24', '2019-09-22 07:24:24', NULL, 195, 65),
(524, '2019-09-22 07:24:24', '2019-09-22 07:24:24', NULL, 195, 76),
(525, '2019-09-22 07:24:24', '2019-09-22 07:24:24', NULL, 195, 92),
(526, '2019-09-22 07:24:24', '2019-09-22 07:24:24', NULL, 195, 96),
(527, '2019-09-22 07:34:19', '2019-09-22 07:34:19', NULL, 196, 59),
(528, '2019-09-22 07:34:19', '2019-09-22 07:34:19', NULL, 196, 60),
(529, '2019-09-22 07:34:19', '2019-09-22 07:34:19', NULL, 196, 61),
(530, '2019-09-22 07:34:19', '2019-09-22 07:34:19', NULL, 196, 64),
(531, '2019-09-22 07:34:19', '2019-09-22 07:34:19', NULL, 196, 65),
(532, '2019-09-22 07:34:19', '2019-09-22 07:34:19', NULL, 196, 76),
(533, '2019-09-22 07:34:19', '2019-09-22 07:34:19', NULL, 196, 85),
(534, '2019-09-22 07:34:19', '2019-09-22 07:34:19', NULL, 196, 92),
(535, '2019-09-22 07:34:19', '2019-09-22 07:34:19', NULL, 196, 96),
(536, '2019-09-22 07:42:27', '2019-09-22 07:42:27', NULL, 197, 59),
(537, '2019-09-22 07:42:27', '2019-09-22 07:42:27', NULL, 197, 60),
(538, '2019-09-22 07:42:27', '2019-09-22 07:42:27', NULL, 197, 61),
(539, '2019-09-22 07:42:27', '2019-09-22 07:42:27', NULL, 197, 65),
(540, '2019-09-22 07:42:27', '2019-09-22 07:42:27', NULL, 197, 66),
(541, '2019-09-22 07:42:27', '2019-09-22 07:42:27', NULL, 197, 76),
(542, '2019-09-22 07:42:27', '2019-09-22 07:42:27', NULL, 197, 92),
(543, '2019-09-22 07:42:27', '2019-09-22 07:42:27', NULL, 197, 93),
(544, '2019-09-22 07:42:27', '2019-09-22 07:42:27', NULL, 197, 96),
(545, '2019-09-22 08:19:21', '2019-09-22 08:19:21', NULL, 198, 75),
(546, '2019-09-22 08:19:21', '2019-09-22 08:19:21', NULL, 198, 97),
(547, '2019-09-22 08:19:21', '2019-09-22 08:19:21', NULL, 198, 99),
(548, '2019-09-22 08:19:21', '2019-09-22 08:19:21', NULL, 198, 100),
(549, '2019-09-22 08:19:21', '2019-09-22 08:19:21', NULL, 198, 108),
(550, '2019-09-22 08:19:21', '2019-09-22 08:19:21', NULL, 198, 114),
(551, '2019-09-22 08:29:08', '2019-09-22 08:29:08', NULL, 199, 75),
(552, '2019-09-22 08:29:08', '2019-09-22 08:29:08', NULL, 199, 97),
(553, '2019-09-22 08:29:08', '2019-09-22 08:29:08', NULL, 199, 99),
(554, '2019-09-22 08:29:08', '2019-09-22 08:29:08', NULL, 199, 100),
(555, '2019-09-22 08:29:08', '2019-09-22 08:29:08', NULL, 199, 107),
(556, '2019-09-22 08:29:08', '2019-09-22 08:29:08', NULL, 199, 108),
(557, '2019-09-22 08:29:08', '2019-09-22 08:29:08', NULL, 199, 113),
(558, '2019-09-22 08:29:08', '2019-09-22 08:29:08', NULL, 199, 114),
(559, '2019-09-22 08:29:08', '2019-09-22 08:29:08', NULL, 199, 115),
(560, '2019-09-22 08:35:57', '2019-09-22 08:35:57', NULL, 200, 75),
(561, '2019-09-22 08:35:57', '2019-09-22 08:35:57', NULL, 200, 97),
(562, '2019-09-22 08:35:57', '2019-09-22 08:35:57', NULL, 200, 99),
(563, '2019-09-22 08:35:57', '2019-09-22 08:35:57', NULL, 200, 100),
(564, '2019-09-22 08:35:57', '2019-09-22 08:35:57', NULL, 200, 105),
(565, '2019-09-22 08:35:57', '2019-09-22 08:35:57', NULL, 200, 108),
(566, '2019-09-22 08:35:57', '2019-09-22 08:35:57', NULL, 200, 111),
(567, '2019-09-22 08:35:57', '2019-09-22 08:35:57', NULL, 200, 113),
(568, '2019-09-22 08:35:57', '2019-09-22 08:35:57', NULL, 200, 115),
(569, '2019-09-22 08:44:13', '2019-09-22 08:44:13', NULL, 201, 75),
(570, '2019-09-22 08:44:13', '2019-09-22 08:44:13', NULL, 201, 97),
(571, '2019-09-22 08:44:13', '2019-09-22 08:44:13', NULL, 201, 99),
(572, '2019-09-22 08:44:13', '2019-09-22 08:44:13', NULL, 201, 100),
(573, '2019-09-22 08:44:13', '2019-09-22 08:44:13', NULL, 201, 108),
(574, '2019-09-22 08:44:13', '2019-09-22 08:44:13', NULL, 201, 110),
(575, '2019-09-22 08:44:13', '2019-09-22 08:44:13', NULL, 201, 113),
(576, '2019-09-22 08:44:13', '2019-09-22 08:44:13', NULL, 201, 115),
(577, '2019-09-22 08:51:17', '2019-09-22 08:51:17', NULL, 202, 75),
(578, '2019-09-22 08:51:17', '2019-09-22 08:51:17', NULL, 202, 97),
(579, '2019-09-22 08:51:17', '2019-09-22 08:51:17', NULL, 202, 99),
(580, '2019-09-22 08:51:17', '2019-09-22 08:51:17', NULL, 202, 100),
(581, '2019-09-22 08:51:17', '2019-09-22 08:51:17', NULL, 202, 106),
(582, '2019-09-22 08:51:17', '2019-09-22 08:51:17', NULL, 202, 108),
(583, '2019-09-22 08:51:17', '2019-09-22 08:51:17', NULL, 202, 112),
(584, '2019-09-22 08:51:17', '2019-09-22 08:51:17', NULL, 202, 113),
(585, '2019-09-22 08:51:17', '2019-09-22 08:51:17', NULL, 202, 116),
(586, '2019-09-22 08:56:37', '2019-09-22 08:56:37', NULL, 203, 75),
(587, '2019-09-22 08:56:37', '2019-09-22 08:58:37', '2019-09-22 08:58:37', 203, 76),
(588, '2019-09-22 08:56:37', '2019-09-22 08:58:37', '2019-09-22 08:58:37', 203, 77),
(589, '2019-09-22 08:56:37', '2019-09-22 08:58:37', '2019-09-22 08:58:37', 203, 78),
(590, '2019-09-22 08:56:37', '2019-09-22 08:56:37', NULL, 203, 108),
(591, '2019-09-22 08:56:37', '2019-09-22 08:56:37', NULL, 203, 111),
(592, '2019-09-22 08:56:37', '2019-09-22 08:56:37', NULL, 203, 113),
(593, '2019-09-22 08:56:37', '2019-09-22 08:56:37', NULL, 203, 116),
(594, '2019-09-22 08:58:37', '2019-09-22 08:58:37', NULL, 203, 97),
(595, '2019-09-22 08:58:37', '2019-09-22 08:58:37', NULL, 203, 99),
(596, '2019-09-22 08:58:37', '2019-09-22 08:58:37', NULL, 203, 100),
(597, '2019-10-17 03:00:55', '2019-10-17 03:00:55', NULL, 207, 37),
(598, '2019-10-17 03:00:55', '2019-10-17 03:00:55', NULL, 207, 39),
(599, '2019-10-17 03:00:55', '2019-10-17 03:00:55', NULL, 207, 42),
(600, '2019-10-17 03:02:20', '2019-10-17 03:02:20', NULL, 208, 37),
(601, '2019-10-17 03:02:20', '2019-10-17 03:02:20', NULL, 208, 39),
(602, '2019-10-17 03:02:20', '2019-10-17 03:02:20', NULL, 208, 42),
(603, '2019-10-17 03:02:53', '2019-10-17 03:02:53', NULL, 209, 37),
(604, '2019-10-17 03:02:53', '2019-10-17 03:02:53', NULL, 209, 39),
(605, '2019-10-17 03:02:53', '2019-10-17 03:02:53', NULL, 209, 42),
(606, '2019-10-17 23:21:19', '2019-10-17 23:21:19', NULL, 210, 36),
(607, '2019-10-17 23:21:19', '2019-10-17 23:21:19', NULL, 210, 39),
(608, '2019-10-17 23:21:19', '2019-10-17 23:21:19', NULL, 210, 40),
(609, '2019-10-17 23:22:03', '2019-10-17 23:22:03', NULL, 211, 36),
(610, '2019-10-17 23:22:03', '2019-10-17 23:22:03', NULL, 211, 39),
(611, '2019-10-17 23:22:03', '2019-10-17 23:22:03', NULL, 211, 40),
(612, '2019-10-18 03:37:12', '2019-10-18 03:37:12', NULL, 212, 40),
(613, '2019-10-18 03:37:12', '2019-10-18 03:37:12', NULL, 212, 42),
(614, '2019-10-18 06:29:42', '2019-10-18 06:29:42', NULL, 213, 37),
(615, '2019-10-18 06:29:42', '2019-10-18 06:29:42', NULL, 213, 41),
(616, '2019-10-18 06:29:42', '2019-10-18 06:29:42', NULL, 213, 43);

-- --------------------------------------------------------

--
-- Table structure for table `product_colors`
--

CREATE TABLE `product_colors` (
  `id` int(10) UNSIGNED NOT NULL,
  `created_at` timestamp NULL DEFAULT NULL,
  `updated_at` timestamp NULL DEFAULT NULL,
  `deleted_at` timestamp NULL DEFAULT NULL,
  `product_id` int(10) UNSIGNED NOT NULL,
  `image` varchar(255) COLLATE utf8mb4_unicode_ci NOT NULL,
  `color` varchar(255) COLLATE utf8mb4_unicode_ci NOT NULL,
  `sort_order` int(11) NOT NULL DEFAULT 0
) ENGINE=InnoDB DEFAULT CHARSET=utf8mb4 COLLATE=utf8mb4_unicode_ci;

--
-- Dumping data for table `product_colors`
--

INSERT INTO `product_colors` (`id`, `created_at`, `updated_at`, `deleted_at`, `product_id`, `image`, `color`, `sort_order`) VALUES
(92, '2019-09-17 08:50:41', '2019-09-17 08:52:29', NULL, 153, 'eef03a84b8883751aa1dc22867e42314.jpg', '#579438', 2),
(93, '2019-09-17 08:50:41', '2019-09-17 08:52:29', NULL, 153, 'f084af6610d233481a498fa0ff9715bb.jpg', '#6e8a39', 3),
(94, '2019-09-17 08:50:41', '2019-09-17 08:52:29', NULL, 153, '853b8fde461a42a113635265c913e29e.jpg', '#82acbf', 4),
(95, '2019-09-17 08:50:41', '2019-09-17 08:52:29', NULL, 153, 'c3f94658900086265da1f9e1d5850c12.jpg', '#2c5f9e', 5),
(96, '2019-09-17 08:50:41', '2019-09-17 08:52:29', NULL, 153, '2186ccd209f0a4235666227a3186beb5.jpg', '#93cbd9', 6),
(97, '2019-09-17 08:50:41', '2019-09-17 08:52:29', NULL, 153, 'acaaa6913e7a7854b711268eee7214ae.jpg', '#799430', 7),
(98, '2019-09-17 08:50:41', '2019-09-17 08:52:29', NULL, 153, '2c469b5a87c8a4054bd6821d0ef65eb1.jpg', '#2ab0a9', 8),
(99, '2019-09-17 08:50:41', '2019-09-17 08:52:29', NULL, 153, 'dfc6b1b82835967f70a13691aff1f4f1.jpg', '#1f709c', 9),
(100, '2019-09-17 08:50:41', '2019-09-17 08:52:29', NULL, 153, '64aecb886d9c7477b57e5c868cb4ed5b.jpg', '#4f6b12', 10),
(101, '2019-09-17 09:12:38', '2019-09-17 09:12:38', NULL, 154, '', '#5e8262', 2),
(102, '2019-09-17 09:12:38', '2019-09-17 09:12:38', NULL, 154, '', '#5e8262', 3),
(103, '2019-09-17 09:12:38', '2019-09-17 09:12:38', NULL, 154, '', '#425230', 4),
(104, '2019-09-17 09:12:38', '2019-09-17 09:12:38', NULL, 154, '', '#5f5b69', 5),
(105, '2019-09-17 09:42:35', '2019-09-17 09:46:59', NULL, 155, 'f350227a6502cad6fe76d55b330b12ac.jpg', '#579438', 2),
(106, '2019-09-17 09:42:35', '2019-09-17 09:46:59', NULL, 155, '17dd77c6e42adf825f09af05041020a7.jpg', '#6e8a39', 3),
(107, '2019-09-17 09:42:35', '2019-09-17 09:46:59', NULL, 155, '7335da388c3759a2e2d1d51fb865618c.jpg', '#82acbf', 4),
(108, '2019-09-17 09:42:35', '2019-09-17 09:46:59', NULL, 155, '35db1bb5ec8a0c251d2824fbb43612e6.jpg', '#2c5f9e', 5),
(109, '2019-09-17 09:42:35', '2019-09-17 09:46:59', NULL, 155, '8b6e55faecd8c5d36768ecf7963dbffe.jpg', '#93cbd9', 6),
(110, '2019-09-17 09:42:35', '2019-09-17 09:46:59', NULL, 155, '5e392de9c73af0e44571a259eed9fa4a.jpg', '#799430', 7),
(111, '2019-09-17 09:42:35', '2019-09-17 09:46:59', NULL, 155, '25c01089ca7b973720f68f35f5f59870.jpg', '#2ab0a9', 8),
(112, '2019-09-17 09:42:35', '2019-09-17 09:46:59', NULL, 155, '8b7ff746161ceb44e042db1987ab8e3d.jpg', '#1f709c', 9),
(113, '2019-09-17 09:42:35', '2019-09-17 09:46:45', '2019-09-17 09:46:45', 155, '', '#16852d', 10),
(114, '2019-09-17 09:42:35', '2019-09-17 09:46:59', NULL, 155, 'c9364c43de9c7b1094ceead14b9af98c.jpg', '#4f6b12', 11),
(115, '2019-09-17 10:10:37', '2019-09-17 10:15:29', NULL, 156, '96cf292c047ce685eca56af08c8cafc6.jpg', '#6e542d', 2),
(116, '2019-09-17 10:10:37', '2019-09-17 10:15:29', NULL, 156, '15ccca9cc0f66c30104e9a04bfa3d1f7.jpg', '#306b75', 3),
(117, '2019-09-17 10:10:37', '2019-09-17 10:15:29', NULL, 156, '4bb8bb808198c91b99f2a7f78177f0db.jpg', '#614e3a', 4),
(118, '2019-09-17 10:10:37', '2019-09-17 10:10:37', NULL, 156, '', '#5d6e37', 5),
(119, '2019-09-17 10:10:37', '2019-09-17 10:15:29', NULL, 156, 'd1d5e0f18bd72a99c4d90a4d2af93eeb.jpg', '#4d7d2d', 6),
(120, '2019-09-17 10:10:37', '2019-09-17 10:15:29', NULL, 156, '2bd6a41948cef7ed06d9a7f52ab1b052.jpg', '#704f33', 7),
(121, '2019-09-17 10:10:37', '2019-09-17 10:15:29', NULL, 156, 'a3f2d86e0fe9cbbc5c633350e36cc141.jpg', '#705c3f', 8),
(122, '2019-09-17 10:10:37', '2019-09-17 10:15:29', NULL, 156, '7100d2f2e485e1f4351935066c4c918f.jpg', '#3d485c', 9),
(123, '2019-09-17 10:10:37', '2019-09-17 10:15:29', NULL, 156, '4d166ba0981375aa7f42ed4a0620325a.jpg', '#656b44', 10),
(124, '2019-09-17 10:10:37', '2019-09-17 10:15:29', NULL, 156, 'bdfe95008c171daf0c02330ee0a3e5f4.jpg', '#4a482b', 11),
(125, '2019-09-17 10:10:37', '2019-09-17 10:15:29', NULL, 156, '9d37874238bf4cb54ba7a5605a2d6a45.jpg', '#6b676b', 12),
(126, '2019-09-17 10:10:37', '2019-09-17 10:15:29', NULL, 156, '5c579df663087b8594baf8cdf6320a5e.jpg', '#7f868a', 13),
(127, '2019-09-17 17:41:06', '2019-09-17 17:51:38', NULL, 157, 'a7af08985ccbb43b1851404ffecdd99d.jpg', '#346794', 2),
(128, '2019-09-17 17:41:06', '2019-09-17 17:51:38', NULL, 157, '2fa7a2885d823cd820bbb83ea8a9d404.jpg', '#596f80', 3),
(129, '2019-09-17 17:41:06', '2019-09-17 17:51:38', NULL, 157, 'ae258ca7632b6f88cf32eded76ca645c.jpg', '#3a9434', 4),
(130, '2019-09-17 17:41:06', '2019-09-17 17:51:38', NULL, 157, '6db88da2cdb666130a8cd532db5a8377.jpg', '#6e5a26', 5),
(155, '2019-09-18 04:45:59', '2019-09-18 04:49:02', NULL, 160, '34025325fa7b9cfbce285a56a5fc3130.jpg', '#d9b877', 2),
(156, '2019-09-18 04:45:59', '2019-09-18 04:49:02', NULL, 160, '80d628ae08be83058bd403e7a80599ba.jpg', '#7d7542', 3),
(157, '2019-09-18 04:45:59', '2019-09-18 04:49:02', NULL, 160, 'abfaff4a7ba1d2784300bab8cb31238d.jpg', '#807d6e', 4),
(158, '2019-09-18 04:45:59', '2019-09-18 04:49:02', NULL, 160, '1adb0655a4bfe5be56580e0c32544008.jpg', '#6b7d82', 5),
(159, '2019-09-18 04:45:59', '2019-09-18 04:49:02', NULL, 160, 'dda08daa5694a387b1e13299e4d01f59.jpg', '#855916', 6),
(160, '2019-09-18 04:45:59', '2019-09-18 04:49:02', NULL, 160, '3f729dcf389baa5ffa36e9e6d3581599.jpg', '#61380a', 7),
(161, '2019-09-18 04:45:59', '2019-09-18 04:49:02', NULL, 160, '8819e3fa26e9972bae4dc0433258bad7.jpg', '#767d82', 8),
(162, '2019-09-18 04:45:59', '2019-09-18 04:49:02', NULL, 160, '106dd19d5224dac14f5a72d459da7672.jpg', '#594309', 9),
(163, '2019-09-18 04:45:59', '2019-09-18 04:49:02', NULL, 160, '80c6afca7dc518be8ea5f3e043aafb81.jpg', '#42290f', 10),
(164, '2019-09-18 04:45:59', '2019-09-18 04:49:02', NULL, 160, 'ea0a91f8a32dedb9b2c883718c541ba2.jpg', '#61380a', 11),
(165, '2019-09-18 04:45:59', '2019-09-18 04:49:02', NULL, 160, '40f1ca627edbd1963f27687e371e8307.jpg', '#736743', 12),
(166, '2019-09-18 04:45:59', '2019-09-18 04:49:02', NULL, 160, '29f823584c8ad0f5cac266cb6538277a.jpg', '#355e94', 13),
(167, '2019-09-18 05:24:19', '2019-09-18 05:49:06', NULL, 161, '34658510c35b9b2158c7c1274bad3db3.jpeg', '#316991', 2),
(168, '2019-09-18 05:24:19', '2019-09-18 05:49:06', NULL, 161, '115d52169e3a086e3d4578203142ea05.jpeg', '#5b97ab', 3),
(169, '2019-09-18 05:24:19', '2019-09-18 05:49:06', NULL, 161, '2f3c3de282fd9e8700169aeeb5d78687.jpeg', '#bec4b9', 4),
(170, '2019-09-18 05:24:19', '2019-09-18 05:49:06', NULL, 161, '7b44d6fb782a49ee6ea629d8a490cadc.jpeg', '#7f93a3', 5),
(171, '2019-09-18 05:24:19', '2019-09-18 05:49:06', NULL, 161, '77d09dfa1382a04ceb9456f140a7e268.jpeg', '#588bc7', 6),
(172, '2019-09-18 05:24:19', '2019-09-18 05:49:06', NULL, 161, 'fb79d3200fa0af401875bb3a20a06a10.jpeg', '#91815d', 7),
(173, '2019-09-18 05:24:19', '2019-09-18 05:49:06', NULL, 161, 'c13d5e35ed4c7268b0db8eb2113b84df.jpeg', '#87a0a1', 8),
(174, '2019-09-18 05:24:19', '2019-09-18 05:49:06', NULL, 161, '9e9340caa35857ff790bc52f04a2b542.jpeg', '#6298d9', 9),
(175, '2019-09-18 06:13:10', '2019-09-18 06:16:47', NULL, 162, '74f52ffeafd70ec14b9e0dc389b4dc5f.jpeg', '#756e5b', 2),
(176, '2019-09-18 06:13:10', '2019-09-18 06:16:47', NULL, 162, 'e4cce78c7ef509940f5eff8114798725.jpeg', '#735438', 3),
(177, '2019-09-18 06:13:10', '2019-09-18 06:16:47', NULL, 162, 'e3682bd6471e189b873bb22e95f84501.jpeg', '#7c8a99', 4),
(178, '2019-09-18 06:13:10', '2019-09-18 06:16:47', NULL, 162, '46aebdd65c472effa6fd1ce8aeded90a.jpeg', '#4e7f87', 5),
(179, '2019-09-18 06:13:10', '2019-09-18 06:16:47', NULL, 162, 'afc04edb85309056615e9ef70ae7562e.jpeg', '#4e7f87', 6),
(180, '2019-09-18 06:13:10', '2019-09-18 06:16:47', NULL, 162, 'b58b1396deb4503b4c497c17b56846aa.jpeg', '#7d632c', 7),
(181, '2019-09-18 06:13:10', '2019-09-18 06:13:10', NULL, 162, '', '#997e4e', 8),
(182, '2019-09-18 06:13:10', '2019-09-18 06:16:47', NULL, 162, 'eb3daa6750d6bddad7c0f0f73620eb22.jpeg', '#948151', 9),
(183, '2019-09-18 06:13:10', '2019-09-18 06:13:10', NULL, 162, '', '', 10),
(184, '2019-09-18 06:33:34', '2019-09-18 06:34:12', '2019-09-18 06:34:12', 163, '', '#8f7e60', 2),
(185, '2019-09-18 06:40:12', '2019-09-18 06:41:52', NULL, 163, 'bf978d960b52c6a25ae29232e6a53582.jpeg', '#8f7e60', 4),
(186, '2019-09-18 06:40:12', '2019-09-18 06:41:52', NULL, 163, '59e498c6d42db7b4a1b4cc5db3f4662e.jpeg', '#a69273', 5),
(187, '2019-09-18 06:40:12', '2019-09-18 06:41:52', NULL, 163, 'bed612699b3423be4302cbbd7d856d2f.jpeg', '#478c7a', 6),
(188, '2019-09-18 06:40:12', '2019-09-18 06:41:52', NULL, 163, 'b759264083ff26b7babefbf2b9ead5ca.jpeg', '#6493a3', 7),
(189, '2019-09-18 06:40:12', '2019-09-18 06:41:52', NULL, 163, '4fdd632f8e3e2c4d0e5d71993d5d8907.jpeg', '#5078a3', 8),
(190, '2019-09-18 06:40:12', '2019-09-18 06:41:52', NULL, 163, 'f13936765e7280ddfafaa1c95feb24f7.jpeg', '#878086', 9),
(191, '2019-09-18 06:40:12', '2019-09-18 06:41:52', NULL, 163, 'a15e88932a1f385b2203e9cfdd6aebd5.jpeg', '#567a8c', 10),
(192, '2019-09-18 06:40:12', '2019-09-18 06:41:52', NULL, 163, '9c856b8cf696f89aec82b7915bc722a3.jpeg', '#8a867b', 11),
(193, '2019-09-18 06:40:12', '2019-09-18 06:41:52', NULL, 163, '1b1e137d70516c206271f4e5dfb178aa.jpeg', '#969580', 12),
(194, '2019-09-18 07:47:10', '2019-09-18 07:50:20', NULL, 164, 'a9353cb51e88d986778066bad888cc5a.jpeg', '#967e72', 2),
(195, '2019-09-18 07:47:10', '2019-09-18 07:50:20', NULL, 164, '6e309a6e4f98f320bf15c9407038f354.jpeg', '#4e4443', 3),
(196, '2019-09-18 07:47:10', '2019-09-18 07:50:20', NULL, 164, 'b8807bb2da39e1eee59909abea5b3a86.jpeg', '#665045', 4),
(197, '2019-09-18 07:47:10', '2019-09-18 07:50:20', NULL, 164, 'e774d4ac97dd02a8bd4305d28e58fe73.jpeg', '#896356', 5),
(198, '2019-09-18 07:47:10', '2019-09-18 07:50:20', NULL, 164, '9cbda31e7dc1120a91cfacda3395af72.jpeg', '#614338', 6),
(199, '2019-09-18 07:47:10', '2019-09-18 07:50:20', NULL, 164, '121043fae44d7916c14c3aa6a4fa8588.jpeg', '#774d35', 7),
(200, '2019-09-18 07:47:10', '2019-09-18 07:50:20', NULL, 164, 'cb4e9fc374d235bdd864fc69aff89bd6.jpeg', '#5d341e', 8),
(201, '2019-09-18 07:47:10', '2019-09-18 07:50:20', NULL, 164, 'b3a70d154265b136ad957bc98f080060.jpeg', '#6d4f45', 9),
(202, '2019-09-18 07:47:10', '2019-09-18 07:50:20', NULL, 164, 'cb9cbdc6748a57576eee908d6ae73f40.jpeg', '#623427', 10),
(203, '2019-09-18 07:47:10', '2019-09-18 07:50:20', NULL, 164, 'e5be2b5ddc23f72733e20607c6a843a5.jpeg', '#77726f', 11),
(204, '2019-09-18 07:47:10', '2019-09-18 07:50:20', NULL, 164, 'f44dd7b9b7968f151ef172d9184cd0f0.jpeg', '#5a4238', 12),
(205, '2019-09-18 07:47:10', '2019-09-18 07:50:20', NULL, 164, 'd4cbcd843c7bc8863aad0871fb37af5a.jpeg', '#6c4e44', 13),
(206, '2019-09-18 07:47:14', '2019-09-18 07:49:57', '2019-09-18 07:49:57', 164, '', '#967e72', 2),
(207, '2019-09-18 07:47:14', '2019-09-18 07:50:01', '2019-09-18 07:50:01', 164, '', '#4e4443', 3),
(208, '2019-09-18 07:47:14', '2019-09-18 07:50:01', '2019-09-18 07:50:01', 164, '', '#665045', 4),
(209, '2019-09-18 07:47:14', '2019-09-18 07:50:02', '2019-09-18 07:50:02', 164, '', '#896356', 5),
(210, '2019-09-18 07:47:14', '2019-09-18 07:50:02', '2019-09-18 07:50:02', 164, '', '#614338', 6),
(211, '2019-09-18 07:47:14', '2019-09-18 07:50:03', '2019-09-18 07:50:03', 164, '', '#774d35', 7),
(212, '2019-09-18 07:47:14', '2019-09-18 07:50:03', '2019-09-18 07:50:03', 164, '', '#5d341e', 8),
(213, '2019-09-18 07:47:14', '2019-09-18 07:50:04', '2019-09-18 07:50:04', 164, '', '#6d4f45', 9),
(214, '2019-09-18 07:47:14', '2019-09-18 07:50:04', '2019-09-18 07:50:04', 164, '', '#623427', 10),
(215, '2019-09-18 07:47:14', '2019-09-18 07:50:05', '2019-09-18 07:50:05', 164, '', '#77726f', 11),
(216, '2019-09-18 07:47:14', '2019-09-18 07:50:05', '2019-09-18 07:50:05', 164, '', '#5a4238', 12),
(217, '2019-09-18 07:47:14', '2019-09-18 07:50:06', '2019-09-18 07:50:06', 164, '', '#6c4e44', 13),
(218, '2019-09-18 08:35:07', '2019-09-18 08:43:55', NULL, 165, 'a1dcf9100df74d67eaff6a264305df41.jpg', '#61491a', 2),
(219, '2019-09-18 08:35:07', '2019-09-18 08:43:55', NULL, 165, 'c825986988d9eee39398b173f5bd7341.jpg', '#2e90ab', 3),
(220, '2019-09-18 08:35:07', '2019-09-18 08:43:55', NULL, 165, '7788b690f2b98ddec2286d5f9722aff4.jpg', '#627053', 4),
(221, '2019-09-18 08:35:07', '2019-09-18 08:43:55', NULL, 165, 'e1f779ffddc32f44bd57027c08fcef2e.jpg', '#555d66', 5),
(222, '2019-09-18 08:35:07', '2019-09-18 08:43:55', NULL, 165, '1edc5813df4614389babcfc6c5278765.jpg', '#6b6f73', 6),
(223, '2019-09-18 08:35:07', '2019-09-18 08:43:55', NULL, 165, 'e853f61568bf244039182d32db65cbae.jpg', '#999794', 7),
(224, '2019-09-18 08:35:07', '2019-09-18 08:43:55', NULL, 165, '44d51128ba9ce3763a27e11b86d8c1bf.jpg', '#617b8c', 8),
(225, '2019-09-18 08:35:07', '2019-09-18 08:43:55', NULL, 165, '22ffa3a31e3cc8560125e2281bee83ef.jpg', '#786d5c', 9),
(226, '2019-09-18 08:35:07', '2019-09-18 08:43:55', NULL, 165, '5182cb9e514a567c7677b294688f335e.jpg', '#7d684a', 10),
(227, '2019-09-18 08:35:07', '2019-09-18 08:35:07', NULL, 165, '', '#646a70', 11),
(228, '2019-09-18 08:35:07', '2019-09-18 08:43:55', NULL, 165, 'e876f689d7eb3ed312a2379ebe20fcab.jpg', '#6e4f2f', 12),
(229, '2019-09-18 08:35:07', '2019-09-18 08:43:55', NULL, 165, '9c2726baa6f01ba763343b709dfc6330.jpg', '#60705a', 13),
(230, '2019-09-18 08:35:07', '2019-09-18 08:43:55', NULL, 165, '521b20f83202165bc1266696b97ef4ad.jpg', '#757475', 14),
(231, '2019-09-18 08:35:07', '2019-09-18 08:43:55', NULL, 165, '81bc651986aee1be69d2a8bbc657ca0b.jpg', '#8c511e', 15),
(232, '2019-09-18 08:35:07', '2019-09-18 08:43:55', NULL, 165, '531263eb1e81d35ac09846cd9ae12d5b.jpg', '#647885', 16),
(233, '2019-09-18 08:35:07', '2019-09-18 08:43:55', NULL, 165, '6edec542cc5cf764e0fe2f7e51aae472.jpg', '#878787', 17),
(234, '2019-09-18 08:57:42', '2019-09-18 08:59:08', NULL, 166, '1344c7a332ec1b24ec421576dac94082.jpeg', '#003ffc', 2),
(235, '2019-09-18 08:57:42', '2019-09-18 08:59:08', NULL, 166, '3ce655a41c407cb799f03a822fe6355d.jpeg', '#826128', 3),
(236, '2019-09-18 08:57:42', '2019-09-18 08:59:08', NULL, 166, 'a1d092d4b5af3f3024f024b92e3456d4.jpeg', '#1e9413', 4),
(237, '2019-09-18 08:57:42', '2019-09-18 08:59:08', NULL, 166, 'a9ede6664d0e9ff6edec4887f5f3c7e5.jpeg', '#5c5c5c', 5),
(238, '2019-09-18 08:57:42', '2019-09-18 08:59:08', NULL, 166, '614f2d9bb2ea2203dab8c2d9c5de6e8f.jpeg', '#566da8', 6),
(239, '2019-09-18 08:57:42', '2019-09-18 08:59:08', NULL, 166, '126cf603962112ffed0cf152dc5c76e4.jpeg', '#0a6b0a', 7),
(240, '2019-09-18 08:57:42', '2019-09-18 08:59:08', NULL, 166, 'deb877fb7d68a8e58f20725b65a7a153.jpeg', '#8a5d2c', 8),
(241, '2019-09-18 08:57:42', '2019-09-18 08:59:08', NULL, 166, 'fe1b63790228bdcee373ef79ceda6187.jpeg', '#7d7563', 9),
(242, '2019-09-18 09:25:33', '2019-09-18 09:27:53', NULL, 167, 'ab6336c47620bb937701161c65fa8dd1.jpg', '#a3a3a3', 2),
(243, '2019-09-18 09:25:33', '2019-09-18 09:27:53', NULL, 167, 'f44f0acf2e00f2f9969cd63f649c4c81.jpg', '#54917b', 3),
(244, '2019-09-18 09:25:33', '2019-09-18 09:27:53', NULL, 167, '4b86190554dbae8f6dd887a6dca288af.jpg', '#9e9e9e', 4),
(245, '2019-09-18 09:25:33', '2019-09-18 09:27:53', NULL, 167, '7ea4def4a3424c12f56ec315468c9a4e.jpg', '#75551d', 5),
(246, '2019-09-18 09:25:33', '2019-09-18 09:27:53', NULL, 167, 'fa72516206b6a4cfd3ec9719f682254a.jpg', '#6e6a3f', 6),
(247, '2019-09-18 09:25:33', '2019-09-18 09:27:53', NULL, 167, 'd8ea7598a9adafcb54f0889c93572419.jpg', '#a38724', 7),
(248, '2019-09-18 09:25:33', '2019-09-18 09:27:53', NULL, 167, 'c6f916c1a9ee6419706e17e994b7851b.jpg', '#413f26', 8),
(249, '2019-09-18 09:25:33', '2019-09-18 09:27:53', NULL, 167, 'ef99fdad9bee5c79dcb5472f00057fe0.jpg', '#5a7387', 9),
(250, '2019-09-18 09:50:59', '2019-09-18 09:52:17', NULL, 169, 'cfab0bb43261a8456dd0b11e935f97f3.jpg', '#ccb485', 1),
(251, '2019-09-18 09:50:59', '2019-09-18 09:52:17', NULL, 169, 'b06f2cb778702224eb9761207ec2a330.jpg', '#8ab5aa', 2),
(252, '2019-09-18 09:50:59', '2019-09-18 09:52:17', NULL, 169, '3db592ccf6834e15f6e7bef799f92fc6.jpg', '#86e62b', 3),
(253, '2019-09-18 09:50:59', '2019-09-18 09:52:17', NULL, 169, '52fb4e780c005f6ef3181343d3f43855.jpg', '#bdbdc7', 4),
(254, '2019-09-18 09:50:59', '2019-09-18 09:52:17', NULL, 169, '916cf8ffa55e986ad02efd6bbdc72212.jpg', '#67658a', 5),
(255, '2019-09-18 09:50:59', '2019-09-18 09:52:17', NULL, 169, '4e3eed247fdcf7fc6e77faceaee1a422.jpg', '#85681f', 6),
(256, '2019-09-18 09:50:59', '2019-09-18 09:50:59', NULL, 169, '', '#656b61', 7),
(257, '2019-09-18 09:50:59', '2019-09-18 09:52:17', NULL, 169, '449b058172518ce6c57dad2d37acfad4.jpg', '#b8851e', 8),
(258, '2019-09-18 09:50:59', '2019-09-18 09:52:17', NULL, 169, '625719d4363be2c19cd6adf844dbbf9a.jpg', '#0091ff', 9),
(259, '2019-09-18 10:19:31', '2019-09-18 10:24:29', NULL, 170, 'ecc5a46edba8df067268b3a69869dd0c.jpg', '#7a673d', 2),
(260, '2019-09-18 10:19:31', '2019-09-18 10:24:29', NULL, 170, '12a6e3f55a91126a2efdbe6ee7d86f8e.jpg', '#818f7e', 3),
(261, '2019-09-18 10:19:31', '2019-09-18 10:24:29', NULL, 170, 'e880f30e79fc332a48a1f8615aeb9d94.jpg', '#7aa868', 4),
(262, '2019-09-18 10:19:31', '2019-09-18 10:24:29', NULL, 170, 'b6e6d8a2243ca829559c69fedf29cbfb.jpg', '#6a8a58', 5),
(263, '2019-09-18 10:19:31', '2019-09-18 10:24:29', NULL, 170, 'dcb57051082b0387f6b883753d443e20.jpg', '#655a60', 6),
(264, '2019-09-18 10:19:31', '2019-09-18 10:24:29', NULL, 170, '4de4a0871ddacb33acdfd6fdcbababd1.jpg', '#7c6a6a', 7),
(265, '2019-09-18 10:19:31', '2019-09-18 10:24:29', NULL, 170, 'c1cb2742f9b7add04622f47222d76569.jpg', '#9c957b', 8),
(266, '2019-09-18 10:19:31', '2019-09-18 10:24:29', NULL, 170, 'b64999355ca84f9abcfd379fb1434641.jpg', '#665770', 9),
(267, '2019-09-18 10:19:31', '2019-09-18 10:24:29', NULL, 170, '3181bec2311635e709acb59eaad0fb35.jpg', '#4e8016', 10),
(268, '2019-09-18 10:19:31', '2019-09-18 10:24:29', NULL, 170, '8537f402d54a8ceab3b5004bcc0a4425.jpg', '#1b1bdb', 11),
(269, '2019-09-18 10:19:31', '2019-09-18 10:24:29', NULL, 170, 'fc59e8b5b1a7504a858614f2f7c2d77e.jpg', '#888f87', 12),
(270, '2019-09-18 10:19:31', '2019-09-18 10:24:29', NULL, 170, 'd6002817cded6dfab7cf46637c6e4f85.jpg', '#75520b', 13),
(271, '2019-09-18 10:19:31', '2019-09-18 10:24:29', NULL, 170, '344dec35e92964cd2d9604bfb69eb39c.jpg', '#858271', 14),
(272, '2019-09-18 10:19:31', '2019-09-18 10:24:29', NULL, 170, 'e77228b33e4341e36c0d02e6ea7f94bc.jpg', '#ccb93d', 15),
(273, '2019-09-18 18:27:58', '2019-09-18 18:27:58', NULL, 171, '21558323b791ef9af1c90e9c341532f6.jpg', '#a87716', 2),
(274, '2019-09-18 18:27:58', '2019-09-18 18:27:58', NULL, 171, 'c2e59e647e3b6dd1d33158e193ac7730.jpg', '#9e9979', 3),
(275, '2019-09-18 18:27:58', '2019-09-18 18:27:58', NULL, 171, '0b2cf2b7314d1d4884e4f2368e4435cc.jpg', '#7c6a80', 4),
(276, '2019-09-18 18:27:58', '2019-09-18 18:27:58', NULL, 171, 'ec4649ff6c694ca8a4428f960aaa4eee.jpg', '#5c5c5c', 5),
(277, '2019-09-18 18:27:58', '2019-09-18 18:27:58', NULL, 171, '17065867c8ff0588ecc4a3d62550e39e.jpg', '#9dad45', 6),
(278, '2019-09-18 18:27:58', '2019-09-18 18:27:58', NULL, 171, '307a3eaee9e6f86243956c585aa653b2.jpg', '#bbb7e8', 7),
(279, '2019-09-18 18:27:58', '2019-09-18 18:27:58', NULL, 171, 'bdd764022084ae37e564f6f6745b708f.jpg', '#657096', 8),
(280, '2019-09-18 18:50:17', '2019-09-18 18:50:17', NULL, 172, 'bf9d627c99c4705239c559a658b17bce.jpg', '#826128', 2),
(281, '2019-09-18 18:50:17', '2019-09-18 18:50:17', NULL, 172, 'f4124989d9d4b3bc645f127248b33ae5.jpg', '#1e9413', 3),
(282, '2019-09-18 18:50:17', '2019-09-18 18:50:17', NULL, 172, '7862f90c6b6f0468a193247a47f0a646.jpg', '#5c5c5c', 4),
(283, '2019-09-18 18:50:17', '2019-09-18 18:50:17', NULL, 172, '0d7ed8eed0992156705f140691c78883.jpg', '#a5a6a8', 5),
(284, '2019-09-18 18:50:17', '2019-09-18 18:50:17', NULL, 172, '3f170daded27be3942aee6f6b73aed1a.jpg', '#0091ff', 6),
(285, '2019-09-18 19:15:42', '2019-09-18 19:15:42', NULL, 173, '0e218b5cb0683c52cb405d4077becb4c.jpg', '#3e56b3', 2),
(286, '2019-09-18 19:15:42', '2019-09-18 19:15:42', NULL, 173, 'fa7bc21d27028c3ecf094c971d763e89.jpg', '#66624e', 3),
(287, '2019-09-18 19:15:42', '2019-09-18 19:15:42', NULL, 173, 'bb5706afc4089ecc9a9becfbd6e61eeb.jpg', '#696469', 4),
(288, '2019-09-19 07:03:27', '2019-09-19 07:03:27', NULL, 174, '306af1d0fa9f711b97867c2dfc3bd336.jpg', '#003ffc', 2),
(289, '2019-09-19 07:03:27', '2019-09-19 07:03:27', NULL, 174, '601c0df267dea0fed5bee90ca1ef25c0.jpg', '#1e9413', 3),
(290, '2019-09-19 07:03:27', '2019-09-19 07:03:27', NULL, 174, 'c5bb7655f409e3f0b7556507e6bfe1aa.jpg', '#5c5c5c', 4),
(291, '2019-09-19 07:03:27', '2019-09-19 07:03:27', NULL, 174, 'b36950398eb8e7ba59da8aa3e0c4f70a.jpg', '#31bfac', 5),
(292, '2019-09-19 07:03:27', '2019-09-19 07:03:27', NULL, 174, '1147ee129a34bde9ba0e252a4be2f674.jpg', '#422404', 6),
(293, '2019-09-19 07:03:27', '2019-09-19 07:03:27', NULL, 174, 'bb154368c35426a56738a5980dcf365a.jpg', '#305db8', 7),
(294, '2019-09-19 07:03:27', '2019-09-19 07:03:27', NULL, 174, 'cc96a03e569e6b0d831c819d69341674.jpg', '#088508', 8),
(295, '2019-09-19 07:03:27', '2019-09-19 07:03:27', NULL, 174, 'f4440aa0738c08b9fe32303e6d7e3cbf.jpg', '#a3891f', 9),
(296, '2019-09-19 07:03:27', '2019-09-19 07:03:27', NULL, 174, '', '#8f891f', 10),
(297, '2019-09-19 07:03:27', '2019-09-19 07:03:27', NULL, 174, '0ca1d3b54cda6f0666d3a04b0a889656.jpg', '#5577a1', 12),
(298, '2019-09-19 07:03:27', '2019-09-19 07:03:27', NULL, 174, 'b351c139cd42a9cad9ba00e4f08160d8.jpg', '#8c2a8c', 13),
(299, '2019-09-19 07:03:27', '2019-09-19 07:03:27', NULL, 174, 'c46d0a68b22e82b2e140a3843750662a.jpg', '#0c31c7', 14),
(300, '2019-09-20 09:12:12', '2019-09-20 09:22:01', NULL, 176, '84272782b30927a5abb09dc47183127c.jpg', '#003ffc', 1),
(301, '2019-09-20 09:12:12', '2019-09-20 09:22:01', NULL, 176, '47e1513a61fe93d8b5a6a935e5b1089d.jpg', '#826128', 2),
(302, '2019-09-20 09:12:12', '2019-09-20 09:22:01', NULL, 176, '886b81a3e237dcc0813374301c94dc28.jpg', '#852885', 3),
(303, '2019-09-20 09:12:12', '2019-09-20 09:22:01', NULL, 176, '021fbf83708fc54bfb68544b448dcc91.jpg', '#1e9413', 4),
(304, '2019-09-20 09:12:12', '2019-09-20 09:22:01', NULL, 176, '590b9754580a4ba9895c91621f63653c.jpg', '#0091ff', 5),
(305, '2019-09-20 09:12:12', '2019-09-20 09:22:01', NULL, 176, 'e643af8dfb5e6db616d789c13bcf1097.jpg', '#7c8a99', 6),
(306, '2019-09-20 09:38:52', '2019-09-20 09:41:02', NULL, 177, 'c35bacb5b0302d02e009b778a3f94ba2.jpg', '#003ffc', 2),
(307, '2019-09-20 09:38:52', '2019-09-20 09:41:02', NULL, 177, '9a8d1e1297c1740f0b8cc9ba698e4adc.jpg', '#003ffc', 3),
(308, '2019-09-20 09:38:52', '2019-09-20 09:41:02', NULL, 177, 'fa56c219ec7d55d24e802432b3722673.jpg', '#5c5c5c', 4),
(309, '2019-09-20 09:38:52', '2019-09-20 09:41:02', NULL, 177, '66638c6a85508111cde760de37813430.jpg', '#8f891f', 5),
(310, '2019-10-24 06:08:51', '2019-10-24 06:08:51', NULL, 208, 'c44fb36581d57c931045007001a4925c.png', '#8921db', 2),
(311, '2019-10-24 06:08:51', '2019-10-24 06:08:51', NULL, 208, '40b3024162a8e96147cb63b5572e88e0.png', '#543ddb', 3);

-- --------------------------------------------------------

--
-- Table structure for table `product_color_descriptions`
--

CREATE TABLE `product_color_descriptions` (
  `id` int(11) NOT NULL,
  `product_color_id` int(10) UNSIGNED NOT NULL,
  `name` varchar(255) NOT NULL,
  `language_id` int(10) UNSIGNED NOT NULL,
  `created_at` timestamp NULL DEFAULT NULL,
  `updated_at` timestamp NULL DEFAULT NULL,
  `deleted_at` timestamp NULL DEFAULT NULL
) ENGINE=InnoDB DEFAULT CHARSET=utf8;

--
-- Dumping data for table `product_color_descriptions`
--

INSERT INTO `product_color_descriptions` (`id`, `product_color_id`, `name`, `language_id`, `created_at`, `updated_at`, `deleted_at`) VALUES
(121, 92, 'Ambar', 1, '2019-09-17 08:50:41', '2019-09-17 08:50:41', NULL),
(122, 92, 'امبر', 2, '2019-09-17 08:50:41', '2019-09-17 08:50:41', NULL),
(123, 93, 'Avela', 1, '2019-09-17 08:50:41', '2019-09-17 08:50:41', NULL),
(124, 93, 'افيلا', 2, '2019-09-17 08:50:41', '2019-09-17 08:50:41', NULL),
(125, 94, 'Cristal', 1, '2019-09-17 08:50:41', '2019-09-17 08:50:41', NULL),
(126, 94, 'كريستال', 2, '2019-09-17 08:50:41', '2019-09-17 08:50:41', NULL),
(127, 95, 'Grafite', 1, '2019-09-17 08:50:41', '2019-09-17 08:50:41', NULL),
(128, 95, 'جرافت', 2, '2019-09-17 08:50:41', '2019-09-17 08:50:41', NULL),
(129, 96, 'Ice', 1, '2019-09-17 08:50:41', '2019-09-17 08:50:41', NULL),
(130, 96, 'ايس', 2, '2019-09-17 08:50:41', '2019-09-17 08:50:41', NULL),
(131, 97, 'Ocre', 1, '2019-09-17 08:50:41', '2019-09-17 08:50:41', NULL),
(132, 97, 'اوكرى', 2, '2019-09-17 08:50:41', '2019-09-17 08:50:41', NULL),
(133, 98, 'Quartzo', 1, '2019-09-17 08:50:41', '2019-09-17 08:50:41', NULL),
(134, 98, 'كوارتزو', 2, '2019-09-17 08:50:41', '2019-09-17 08:50:41', NULL),
(135, 99, 'Topazio', 1, '2019-09-17 08:50:41', '2019-09-17 08:50:41', NULL),
(136, 99, 'توباز', 2, '2019-09-17 08:50:41', '2019-09-17 08:50:41', NULL),
(137, 100, 'Mel', 1, '2019-09-17 08:50:41', '2019-09-17 08:50:41', NULL),
(138, 100, 'ميل', 2, '2019-09-17 08:50:41', '2019-09-17 08:50:41', NULL),
(139, 101, 'Ipanema', 1, '2019-09-17 09:12:38', '2019-09-17 09:12:38', NULL),
(140, 101, 'ابيانيما', 2, '2019-09-17 09:12:38', '2019-09-17 09:12:38', NULL),
(141, 102, 'Copacabana', 1, '2019-09-17 09:12:38', '2019-09-17 09:12:38', NULL),
(142, 102, 'كوباجبانا', 2, '2019-09-17 09:12:38', '2019-09-17 09:12:38', NULL),
(143, 103, 'Buzios', 1, '2019-09-17 09:12:38', '2019-09-17 09:12:38', NULL),
(144, 103, 'بوزيوس', 2, '2019-09-17 09:12:38', '2019-09-17 09:12:38', NULL),
(145, 104, 'Parati', 1, '2019-09-17 09:12:38', '2019-09-17 09:12:38', NULL),
(146, 104, 'بارتى', 2, '2019-09-17 09:12:38', '2019-09-17 09:12:38', NULL),
(147, 105, 'Ambar', 1, '2019-09-17 09:42:35', '2019-09-17 09:42:35', NULL),
(148, 105, 'امبر', 2, '2019-09-17 09:42:35', '2019-09-17 09:42:35', NULL),
(149, 106, 'Avela', 1, '2019-09-17 09:42:35', '2019-09-17 09:42:35', NULL),
(150, 106, 'افيلا', 2, '2019-09-17 09:42:35', '2019-09-17 09:42:35', NULL),
(151, 107, 'Cristal', 1, '2019-09-17 09:42:35', '2019-09-17 09:42:35', NULL),
(152, 107, 'كريستال', 2, '2019-09-17 09:42:35', '2019-09-17 09:42:35', NULL),
(153, 108, 'Grafite', 1, '2019-09-17 09:42:35', '2019-09-17 09:42:35', NULL),
(154, 108, 'جرافت', 2, '2019-09-17 09:42:35', '2019-09-17 09:42:35', NULL),
(155, 109, 'Ice', 1, '2019-09-17 09:42:35', '2019-09-17 09:42:35', NULL),
(156, 109, 'ايس', 2, '2019-09-17 09:42:35', '2019-09-17 09:42:35', NULL),
(157, 110, 'Ocre', 1, '2019-09-17 09:42:35', '2019-09-17 09:42:35', NULL),
(158, 110, 'اوكرى', 2, '2019-09-17 09:42:35', '2019-09-17 09:42:35', NULL),
(159, 111, 'Quartzo', 1, '2019-09-17 09:42:35', '2019-09-17 09:42:35', NULL),
(160, 111, 'كوارتزو', 2, '2019-09-17 09:42:35', '2019-09-17 09:42:35', NULL),
(161, 112, 'Topazio', 1, '2019-09-17 09:42:35', '2019-09-17 09:42:35', NULL),
(162, 112, 'توباز', 2, '2019-09-17 09:42:35', '2019-09-17 09:42:35', NULL),
(163, 113, 'Verde', 1, '2019-09-17 09:42:35', '2019-09-17 09:42:35', NULL),
(164, 113, 'فيردى', 2, '2019-09-17 09:42:35', '2019-09-17 09:42:35', NULL),
(165, 114, 'Mel', 1, '2019-09-17 09:42:35', '2019-09-17 09:42:35', NULL),
(166, 114, 'ميل', 2, '2019-09-17 09:42:35', '2019-09-17 09:42:35', NULL),
(167, 115, 'USA L.V .VANILLA', 1, '2019-09-17 10:10:37', '2019-09-17 10:10:37', NULL),
(168, 115, 'فانيلا', 2, '2019-09-17 10:10:37', '2019-09-17 10:10:37', NULL),
(169, 116, 'USA _MIAMI BLUE', 1, '2019-09-17 10:10:37', '2019-09-17 10:10:37', NULL),
(170, 116, 'ميامى بلو', 2, '2019-09-17 10:10:37', '2019-09-17 10:10:37', NULL),
(171, 117, 'USA_ Chicago_ Apricot', 1, '2019-09-17 10:10:37', '2019-09-17 10:10:37', NULL),
(172, 117, 'شيكاغو ابركوت', 2, '2019-09-17 10:10:37', '2019-09-17 10:10:37', NULL),
(173, 118, 'USA_Chicago_ Blonde', 1, '2019-09-17 10:10:37', '2019-09-17 10:10:37', NULL),
(174, 118, 'شيكاغو بلوند', 2, '2019-09-17 10:10:37', '2019-09-17 10:10:37', NULL),
(175, 119, 'USA_Chicago_  Green', 1, '2019-09-17 10:10:37', '2019-09-17 10:10:37', NULL),
(176, 119, 'شيكاغو جرين', 2, '2019-09-17 10:10:37', '2019-09-17 10:10:37', NULL),
(177, 120, 'USA_LA _Cinnamon', 1, '2019-09-17 10:10:37', '2019-09-17 10:10:37', NULL),
(178, 120, 'سينامون', 2, '2019-09-17 10:10:37', '2019-09-17 10:10:37', NULL),
(179, 121, 'USA_LA_Mocha', 1, '2019-09-17 10:10:37', '2019-09-17 10:10:37', NULL),
(180, 121, 'موكا', 2, '2019-09-17 10:10:37', '2019-09-17 10:10:37', NULL),
(181, 122, 'USA_Miami_Sapphire', 1, '2019-09-17 10:10:37', '2019-09-17 10:10:37', NULL),
(182, 122, 'ميامى  سافير', 2, '2019-09-17 10:10:37', '2019-09-17 10:10:37', NULL),
(183, 123, 'USA_NY_Oliva', 1, '2019-09-17 10:10:37', '2019-09-17 10:10:37', NULL),
(184, 123, 'نيورك اوليفا', 2, '2019-09-17 10:10:37', '2019-09-17 10:10:37', NULL),
(185, 124, 'USA_NY_Verde', 1, '2019-09-17 10:10:37', '2019-09-17 10:10:37', NULL),
(186, 124, 'نيورك فيردى', 2, '2019-09-17 10:10:37', '2019-09-17 10:10:37', NULL),
(187, 125, 'USA_Vegas_Gray', 1, '2019-09-17 10:10:37', '2019-09-17 10:10:37', NULL),
(188, 125, 'فيجس جراى', 2, '2019-09-17 10:10:37', '2019-09-17 10:10:37', NULL),
(189, 126, 'USA¬_Vegas_Pearl', 1, '2019-09-17 10:10:37', '2019-09-17 10:10:37', NULL),
(190, 126, 'فيجس بيرل', 2, '2019-09-17 10:10:37', '2019-09-17 10:10:37', NULL),
(191, 127, 'DreamBlue', 1, '2019-09-17 17:41:06', '2019-09-17 17:41:06', NULL),
(192, 127, 'دريم بلو', 2, '2019-09-17 17:41:06', '2019-09-17 17:41:06', NULL),
(193, 128, 'DreamGray', 1, '2019-09-17 17:41:06', '2019-09-17 17:41:06', NULL),
(194, 128, 'دريم جراى', 2, '2019-09-17 17:41:06', '2019-09-17 17:41:06', NULL),
(195, 129, 'DreamGreen', 1, '2019-09-17 17:41:06', '2019-09-17 17:41:06', NULL),
(196, 129, 'دريم جرين', 2, '2019-09-17 17:41:06', '2019-09-17 17:41:06', NULL),
(197, 130, 'DreamHazel', 1, '2019-09-17 17:41:06', '2019-09-17 17:41:06', NULL),
(198, 130, 'دريم هزل', 2, '2019-09-17 17:41:06', '2019-09-17 17:41:06', NULL),
(209, 155, 'Addict Amarillo', 1, '2019-09-18 04:45:59', '2019-09-18 04:45:59', NULL),
(210, 155, 'امريلو', 2, '2019-09-18 04:45:59', '2019-09-18 04:45:59', NULL),
(211, 156, 'Addict Arena', 1, '2019-09-18 04:45:59', '2019-09-18 04:45:59', NULL),
(212, 156, 'ارينا', 2, '2019-09-18 04:45:59', '2019-09-18 04:45:59', NULL),
(213, 157, 'Addict Azure', 1, '2019-09-18 04:45:59', '2019-09-18 04:45:59', NULL),
(214, 157, 'ازور', 2, '2019-09-18 04:45:59', '2019-09-18 04:45:59', NULL),
(215, 158, 'Addict Blue', 1, '2019-09-18 04:45:59', '2019-09-18 04:45:59', NULL),
(216, 158, 'بلو', 2, '2019-09-18 04:45:59', '2019-09-18 04:45:59', NULL),
(217, 159, 'Addict Castano', 1, '2019-09-18 04:45:59', '2019-09-18 04:45:59', NULL),
(218, 159, 'كاستانو', 2, '2019-09-18 04:45:59', '2019-09-18 04:45:59', NULL),
(219, 160, 'Addict Crema', 1, '2019-09-18 04:45:59', '2019-09-18 04:45:59', NULL),
(220, 160, 'كريمى', 2, '2019-09-18 04:45:59', '2019-09-18 04:45:59', NULL),
(221, 161, 'Addict Gray', 1, '2019-09-18 04:45:59', '2019-09-18 04:45:59', NULL),
(222, 161, 'جراى', 2, '2019-09-18 04:45:59', '2019-09-18 04:45:59', NULL),
(223, 162, 'Addict Lolite', 1, '2019-09-18 04:45:59', '2019-09-18 04:45:59', NULL),
(224, 162, 'لوليت', 2, '2019-09-18 04:45:59', '2019-09-18 04:45:59', NULL),
(225, 163, 'Addict Marron', 1, '2019-09-18 04:45:59', '2019-09-18 04:45:59', NULL),
(226, 163, 'مارون', 2, '2019-09-18 04:45:59', '2019-09-18 04:45:59', NULL),
(227, 164, 'Addict Nieve', 1, '2019-09-18 04:45:59', '2019-09-18 04:45:59', NULL),
(228, 164, 'نيف', 2, '2019-09-18 04:45:59', '2019-09-18 04:45:59', NULL),
(229, 165, 'Addict Oro', 1, '2019-09-18 04:45:59', '2019-09-18 04:45:59', NULL),
(230, 165, 'اورو', 2, '2019-09-18 04:45:59', '2019-09-18 04:45:59', NULL),
(231, 166, 'Addict Platino', 1, '2019-09-18 04:45:59', '2019-09-18 04:45:59', NULL),
(232, 166, 'بلاتنيوم', 2, '2019-09-18 04:45:59', '2019-09-18 04:45:59', NULL),
(233, 175, 'Azure Mist', 1, '2019-09-18 06:13:10', '2019-09-18 06:13:10', NULL),
(234, 175, 'اروى مست', 2, '2019-09-18 06:13:10', '2019-09-18 06:13:10', NULL),
(235, 176, 'Castano', 1, '2019-09-18 06:13:10', '2019-09-18 06:13:10', NULL),
(236, 176, 'كاستانو', 2, '2019-09-18 06:13:10', '2019-09-18 06:13:10', NULL),
(237, 177, 'Grey', 1, '2019-09-18 06:13:10', '2019-09-18 06:13:10', NULL),
(238, 177, 'جراى', 2, '2019-09-18 06:13:10', '2019-09-18 06:13:10', NULL),
(239, 178, 'Amarillo', 1, '2019-09-18 06:13:10', '2019-09-18 06:13:10', NULL),
(240, 178, 'اماريلو', 2, '2019-09-18 06:13:10', '2019-09-18 06:13:10', NULL),
(241, 179, 'Blue', 1, '2019-09-18 06:13:10', '2019-09-18 06:13:10', NULL),
(242, 179, 'بلو', 2, '2019-09-18 06:13:10', '2019-09-18 06:13:10', NULL),
(243, 180, 'Creme', 1, '2019-09-18 06:13:10', '2019-09-18 06:13:10', NULL),
(244, 180, 'كريمى', 2, '2019-09-18 06:13:10', '2019-09-18 06:13:10', NULL),
(245, 181, 'De Oro', 1, '2019-09-18 06:13:10', '2019-09-18 06:13:10', NULL),
(246, 181, 'دى رو', 2, '2019-09-18 06:13:10', '2019-09-18 06:13:10', NULL),
(247, 182, 'Hot Cocoa', 1, '2019-09-18 06:13:10', '2019-09-18 06:13:10', NULL),
(248, 182, 'هوت كوكا', 2, '2019-09-18 06:13:10', '2019-09-18 06:13:10', NULL),
(249, 184, 'HAZEL', 1, '2019-09-18 06:33:34', '2019-09-18 06:33:34', NULL),
(250, 185, 'HAZEL', 1, '2019-09-18 06:40:12', '2019-09-18 06:40:12', NULL),
(251, 185, 'هاذل', 2, '2019-09-18 06:40:12', '2019-09-18 06:40:12', NULL),
(252, 186, 'MARENGO', 1, '2019-09-18 06:40:12', '2019-09-18 06:40:12', NULL),
(253, 186, 'مارينجو', 2, '2019-09-18 06:40:12', '2019-09-18 06:40:12', NULL),
(254, 187, 'GREEN', 1, '2019-09-18 06:40:12', '2019-09-18 06:40:12', NULL),
(255, 187, 'جرين', 2, '2019-09-18 06:40:12', '2019-09-18 06:40:12', NULL),
(256, 188, 'GREY', 1, '2019-09-18 06:40:12', '2019-09-18 06:40:12', NULL),
(257, 188, 'جراى', 2, '2019-09-18 06:40:12', '2019-09-18 06:40:12', NULL),
(258, 189, 'BLUE', 1, '2019-09-18 06:40:12', '2019-09-18 06:40:12', NULL),
(259, 189, 'بلو', 2, '2019-09-18 06:40:12', '2019-09-18 06:40:12', NULL),
(260, 190, 'PERLA', 1, '2019-09-18 06:40:12', '2019-09-18 06:40:12', NULL),
(261, 190, 'بيرلا', 2, '2019-09-18 06:40:12', '2019-09-18 06:40:12', NULL),
(262, 191, 'Spanish Grey', 1, '2019-09-18 06:40:12', '2019-09-18 06:40:12', NULL),
(263, 191, 'سبنش جراى', 2, '2019-09-18 06:40:12', '2019-09-18 06:40:12', NULL),
(264, 192, 'PEACH', 1, '2019-09-18 06:40:12', '2019-09-18 06:40:12', NULL),
(265, 192, 'بيتش', 2, '2019-09-18 06:40:12', '2019-09-18 06:40:12', NULL),
(266, 193, 'AMBERS', 1, '2019-09-18 06:40:12', '2019-09-18 06:40:12', NULL),
(267, 193, 'امبريز', 2, '2019-09-18 06:40:12', '2019-09-18 06:40:12', NULL),
(268, 194, 'LATTE', 1, '2019-09-18 07:47:10', '2019-09-18 07:47:10', NULL),
(269, 194, 'لاتية', 2, '2019-09-18 07:47:10', '2019-09-18 07:47:10', NULL),
(270, 195, 'GRIS', 1, '2019-09-18 07:47:10', '2019-09-18 07:47:10', NULL),
(271, 195, 'جريس', 2, '2019-09-18 07:47:10', '2019-09-18 07:47:10', NULL),
(272, 196, 'MOON', 1, '2019-09-18 07:47:10', '2019-09-18 07:47:10', NULL),
(273, 196, 'موون', 2, '2019-09-18 07:47:10', '2019-09-18 07:47:10', NULL),
(274, 197, 'CLAY', 1, '2019-09-18 07:47:10', '2019-09-18 07:47:10', NULL),
(275, 197, 'كلاى', 2, '2019-09-18 07:47:10', '2019-09-18 07:47:10', NULL),
(276, 198, 'NUT', 1, '2019-09-18 07:47:10', '2019-09-18 07:47:10', NULL),
(277, 198, 'نت', 2, '2019-09-18 07:47:10', '2019-09-18 07:47:10', NULL),
(278, 199, 'TOFFEE', 1, '2019-09-18 07:47:10', '2019-09-18 07:47:10', NULL),
(279, 199, 'توفى', 2, '2019-09-18 07:47:10', '2019-09-18 07:47:10', NULL),
(280, 200, 'WOODY', 1, '2019-09-18 07:47:10', '2019-09-18 07:47:10', NULL),
(281, 200, 'وودى', 2, '2019-09-18 07:47:10', '2019-09-18 07:47:10', NULL),
(282, 201, 'TRUFFLE', 1, '2019-09-18 07:47:10', '2019-09-18 07:47:10', NULL),
(283, 201, 'ترافل', 2, '2019-09-18 07:47:10', '2019-09-18 07:47:10', NULL),
(284, 202, 'AMANDY', 1, '2019-09-18 07:47:10', '2019-09-18 07:47:10', NULL),
(285, 202, 'اماندى', 2, '2019-09-18 07:47:10', '2019-09-18 07:47:10', NULL),
(286, 203, 'MIDNIGHT', 1, '2019-09-18 07:47:10', '2019-09-18 07:47:10', NULL),
(287, 203, 'ميد نيت', 2, '2019-09-18 07:47:10', '2019-09-18 07:47:10', NULL),
(288, 204, 'OLIVIRN', 1, '2019-09-18 07:47:10', '2019-09-18 07:47:10', NULL),
(289, 204, 'اوليفيان', 2, '2019-09-18 07:47:10', '2019-09-18 07:47:10', NULL),
(290, 205, 'IVORY', 1, '2019-09-18 07:47:10', '2019-09-18 07:47:10', NULL),
(291, 205, 'ايفورى', 2, '2019-09-18 07:47:10', '2019-09-18 07:47:10', NULL),
(292, 206, 'LATTE', 1, '2019-09-18 07:47:14', '2019-09-18 07:47:14', NULL),
(293, 206, 'لاتية', 2, '2019-09-18 07:47:14', '2019-09-18 07:47:14', NULL),
(294, 207, 'GRIS', 1, '2019-09-18 07:47:14', '2019-09-18 07:47:14', NULL),
(295, 207, 'جريس', 2, '2019-09-18 07:47:14', '2019-09-18 07:47:14', NULL),
(296, 208, 'MOON', 1, '2019-09-18 07:47:14', '2019-09-18 07:47:14', NULL),
(297, 208, 'موون', 2, '2019-09-18 07:47:14', '2019-09-18 07:47:14', NULL),
(298, 209, 'CLAY', 1, '2019-09-18 07:47:14', '2019-09-18 07:47:14', NULL),
(299, 209, 'كلاى', 2, '2019-09-18 07:47:14', '2019-09-18 07:47:14', NULL),
(300, 210, 'NUT', 1, '2019-09-18 07:47:14', '2019-09-18 07:47:14', NULL),
(301, 210, 'نت', 2, '2019-09-18 07:47:14', '2019-09-18 07:47:14', NULL),
(302, 211, 'TOFFEE', 1, '2019-09-18 07:47:14', '2019-09-18 07:47:14', NULL),
(303, 211, 'توفى', 2, '2019-09-18 07:47:14', '2019-09-18 07:47:14', NULL),
(304, 212, 'WOODY', 1, '2019-09-18 07:47:14', '2019-09-18 07:47:14', NULL),
(305, 212, 'وودى', 2, '2019-09-18 07:47:14', '2019-09-18 07:47:14', NULL),
(306, 213, 'TRUFFLE', 1, '2019-09-18 07:47:14', '2019-09-18 07:47:14', NULL),
(307, 213, 'ترافل', 2, '2019-09-18 07:47:14', '2019-09-18 07:47:14', NULL),
(308, 214, 'AMANDY', 1, '2019-09-18 07:47:14', '2019-09-18 07:47:14', NULL),
(309, 214, 'اماندى', 2, '2019-09-18 07:47:14', '2019-09-18 07:47:14', NULL),
(310, 215, 'MIDNIGHT', 1, '2019-09-18 07:47:14', '2019-09-18 07:47:14', NULL),
(311, 215, 'ميد نيت', 2, '2019-09-18 07:47:14', '2019-09-18 07:47:14', NULL),
(312, 216, 'OLIVIRN', 1, '2019-09-18 07:47:14', '2019-09-18 07:47:14', NULL),
(313, 216, 'اوليفيان', 2, '2019-09-18 07:47:14', '2019-09-18 07:47:14', NULL),
(314, 217, 'IVORY', 1, '2019-09-18 07:47:14', '2019-09-18 07:47:14', NULL),
(315, 217, 'ايفورى', 2, '2019-09-18 07:47:14', '2019-09-18 07:47:14', NULL),
(316, 218, 'Brown', 1, '2019-09-18 08:35:07', '2019-09-18 08:35:07', NULL),
(317, 218, 'برون', 2, '2019-09-18 08:35:07', '2019-09-18 08:35:07', NULL),
(318, 219, 'Sky Blue', 1, '2019-09-18 08:35:07', '2019-09-18 08:35:07', NULL),
(319, 219, 'سكاى بلو', 2, '2019-09-18 08:35:07', '2019-09-18 08:35:07', NULL),
(320, 220, 'Olivine', 1, '2019-09-18 08:35:07', '2019-09-18 08:35:07', NULL),
(321, 220, 'اوليفين', 2, '2019-09-18 08:35:07', '2019-09-18 08:35:07', NULL),
(322, 221, 'Gray', 1, '2019-09-18 08:35:07', '2019-09-18 08:35:07', NULL),
(323, 221, 'جراى', 2, '2019-09-18 08:35:07', '2019-09-18 08:35:07', NULL),
(324, 222, 'Sugar Gray', 1, '2019-09-18 08:35:07', '2019-09-18 08:35:07', NULL),
(325, 222, 'شوقر جراى', 2, '2019-09-18 08:35:07', '2019-09-18 08:35:07', NULL),
(326, 223, 'Snowy', 1, '2019-09-18 08:35:07', '2019-09-18 08:35:07', NULL),
(327, 223, 'سنوى', 2, '2019-09-18 08:35:07', '2019-09-18 08:35:07', NULL),
(328, 224, 'Cloud', 1, '2019-09-18 08:35:07', '2019-09-18 08:35:07', NULL),
(329, 224, 'كلاود', 2, '2019-09-18 08:35:07', '2019-09-18 08:35:07', NULL),
(330, 225, 'Caffe', 1, '2019-09-18 08:35:07', '2019-09-18 08:35:07', NULL),
(331, 225, 'كافيه', 2, '2019-09-18 08:35:07', '2019-09-18 08:35:07', NULL),
(332, 226, 'Caramel', 1, '2019-09-18 08:35:07', '2019-09-18 08:35:07', NULL),
(333, 226, 'كاراميل', 2, '2019-09-18 08:35:07', '2019-09-18 08:35:07', NULL),
(334, 227, 'Mist', 1, '2019-09-18 08:35:07', '2019-09-18 08:35:07', NULL),
(335, 227, 'ميست', 2, '2019-09-18 08:35:07', '2019-09-18 08:35:07', NULL),
(336, 228, 'Honey', 1, '2019-09-18 08:35:07', '2019-09-18 08:35:07', NULL),
(337, 228, 'هونى', 2, '2019-09-18 08:35:07', '2019-09-18 08:35:07', NULL),
(338, 229, 'Lime', 1, '2019-09-18 08:35:07', '2019-09-18 08:35:07', NULL),
(339, 229, 'ليمى', 2, '2019-09-18 08:35:07', '2019-09-18 08:35:07', NULL),
(340, 230, 'Smokey', 1, '2019-09-18 08:35:07', '2019-09-18 08:35:07', NULL),
(341, 230, 'سموكي', 2, '2019-09-18 08:35:07', '2019-09-18 08:35:07', NULL),
(342, 231, 'Latte', 1, '2019-09-18 08:35:07', '2019-09-18 08:35:07', NULL),
(343, 231, 'لاتيه', 2, '2019-09-18 08:35:07', '2019-09-18 08:35:07', NULL),
(344, 232, 'Marble', 1, '2019-09-18 08:35:07', '2019-09-18 08:35:07', NULL),
(345, 232, 'ماربل', 2, '2019-09-18 08:35:07', '2019-09-18 08:35:07', NULL),
(346, 233, 'Malakite', 1, '2019-09-18 08:35:07', '2019-09-18 08:35:07', NULL),
(347, 233, 'مالاكايت', 2, '2019-09-18 08:35:07', '2019-09-18 08:35:07', NULL),
(348, 234, 'Blue', 1, '2019-09-18 08:57:42', '2019-09-18 08:57:42', NULL),
(349, 234, 'بلو', 2, '2019-09-18 08:57:42', '2019-09-18 08:57:42', NULL),
(350, 235, 'Hazel', 1, '2019-09-18 08:57:42', '2019-09-18 08:57:42', NULL),
(351, 235, 'هازل', 2, '2019-09-18 08:57:42', '2019-09-18 08:57:42', NULL),
(352, 236, 'Green', 1, '2019-09-18 08:57:42', '2019-09-18 08:57:42', NULL),
(353, 236, 'جرين', 2, '2019-09-18 08:57:42', '2019-09-18 08:57:42', NULL),
(354, 237, 'Gray', 1, '2019-09-18 08:57:42', '2019-09-18 08:57:42', NULL),
(355, 237, 'جراى', 2, '2019-09-18 08:57:42', '2019-09-18 08:57:42', NULL),
(356, 238, 'Blue Gray', 1, '2019-09-18 08:57:42', '2019-09-18 08:57:42', NULL),
(357, 238, 'بلو جراى', 2, '2019-09-18 08:57:42', '2019-09-18 08:57:42', NULL),
(358, 239, 'Dark Green', 1, '2019-09-18 08:57:42', '2019-09-18 08:57:42', NULL),
(359, 239, 'دارك جرين', 2, '2019-09-18 08:57:42', '2019-09-18 08:57:42', NULL),
(360, 240, 'Stylish Brown', 1, '2019-09-18 08:57:42', '2019-09-18 08:57:42', NULL),
(361, 240, 'ستايل برون', 2, '2019-09-18 08:57:42', '2019-09-18 08:57:42', NULL),
(362, 241, 'Stylish Gray', 1, '2019-09-18 08:57:42', '2019-09-18 08:57:42', NULL),
(363, 241, 'ستايل جراى', 2, '2019-09-18 08:57:42', '2019-09-18 08:57:42', NULL),
(364, 242, 'Gray Shadow', 1, '2019-09-18 09:25:33', '2019-09-18 09:25:33', NULL),
(365, 242, 'جراى شادو', 2, '2019-09-18 09:25:33', '2019-09-18 09:25:33', NULL),
(366, 243, 'Gray Green', 1, '2019-09-18 09:25:33', '2019-09-18 09:25:33', NULL),
(367, 243, 'جراى جرين', 2, '2019-09-18 09:25:33', '2019-09-18 09:25:33', NULL),
(368, 244, 'Glitter Gray', 1, '2019-09-18 09:25:33', '2019-09-18 09:25:33', NULL),
(369, 244, 'جليتر جراى', 2, '2019-09-18 09:25:33', '2019-09-18 09:25:33', NULL),
(370, 245, 'Brown Shadow', 1, '2019-09-18 09:25:33', '2019-09-18 09:25:33', NULL),
(371, 245, 'برون شادو', 2, '2019-09-18 09:25:33', '2019-09-18 09:25:33', NULL),
(372, 246, 'Almond Gray', 1, '2019-09-18 09:25:33', '2019-09-18 09:25:33', NULL),
(373, 246, 'الموند جراى', 2, '2019-09-18 09:25:33', '2019-09-18 09:25:33', NULL),
(374, 247, 'Allure Blonde', 1, '2019-09-18 09:25:33', '2019-09-18 09:25:33', NULL),
(375, 247, 'الور بلو', 2, '2019-09-18 09:25:33', '2019-09-18 09:25:33', NULL),
(376, 248, 'Caribean Green', 1, '2019-09-18 09:25:33', '2019-09-18 09:25:33', NULL),
(377, 248, 'كريبين جرين', 2, '2019-09-18 09:25:33', '2019-09-18 09:25:33', NULL),
(378, 249, 'Pacific Blue', 1, '2019-09-18 09:25:33', '2019-09-18 09:25:33', NULL),
(379, 249, 'باسيفك بلو', 2, '2019-09-18 09:25:33', '2019-09-18 09:25:33', NULL),
(380, 250, 'Gray Caramel', 1, '2019-09-18 09:50:59', '2019-09-18 09:50:59', NULL),
(381, 250, 'جراي كراميل', 2, '2019-09-18 09:50:59', '2019-09-18 09:50:59', NULL),
(382, 251, 'Husky Gray Green', 1, '2019-09-18 09:50:59', '2019-09-18 09:50:59', NULL),
(383, 251, 'هاسكي جراي جرين', 2, '2019-09-18 09:50:59', '2019-09-18 09:50:59', NULL),
(384, 252, 'Lime Green', 1, '2019-09-18 09:50:59', '2019-09-18 09:50:59', NULL),
(385, 252, 'ليم جرين', 2, '2019-09-18 09:50:59', '2019-09-18 09:50:59', NULL),
(386, 253, 'Luminous Pearl', 1, '2019-09-18 09:50:59', '2019-09-18 09:50:59', NULL),
(387, 253, 'لومنوس بيرل', 2, '2019-09-18 09:50:59', '2019-09-18 09:50:59', NULL),
(388, 254, 'Navy Gray', 1, '2019-09-18 09:50:59', '2019-09-18 09:50:59', NULL),
(389, 254, 'نايفي جراي', 2, '2019-09-18 09:50:59', '2019-09-18 09:50:59', NULL),
(390, 255, 'Radiant Brown', 1, '2019-09-18 09:50:59', '2019-09-18 09:50:59', NULL),
(391, 255, 'رادينت براون', 2, '2019-09-18 09:50:59', '2019-09-18 09:50:59', NULL),
(392, 256, 'Radiant Gray', 1, '2019-09-18 09:50:59', '2019-09-18 09:50:59', NULL),
(393, 256, 'رادينت جراي', 2, '2019-09-18 09:50:59', '2019-09-18 09:50:59', NULL),
(394, 257, 'Radiant Hazelnut', 1, '2019-09-18 09:50:59', '2019-09-18 09:50:59', NULL),
(395, 257, 'رادينت هازيلنت', 2, '2019-09-18 09:50:59', '2019-09-18 09:50:59', NULL),
(396, 258, 'Vivid Blue', 1, '2019-09-18 09:50:59', '2019-09-18 09:50:59', NULL),
(397, 258, 'فيفيد بلو', 2, '2019-09-18 09:50:59', '2019-09-18 09:50:59', NULL),
(398, 259, 'Wild Honey', 1, '2019-09-18 10:19:31', '2019-09-18 10:19:31', NULL),
(399, 259, 'ويلد هونى', 2, '2019-09-18 10:19:31', '2019-09-18 10:19:31', NULL),
(400, 260, 'Cloudy Grey', 1, '2019-09-18 10:19:31', '2019-09-18 10:19:31', NULL),
(401, 260, 'كلاود جراى', 2, '2019-09-18 10:19:31', '2019-09-18 10:19:31', NULL),
(402, 261, 'Emerald Green', 1, '2019-09-18 10:19:31', '2019-09-18 10:19:31', NULL),
(403, 261, 'اميراد جرين', 2, '2019-09-18 10:19:31', '2019-09-18 10:19:31', NULL),
(404, 262, 'Grey Olive', 1, '2019-09-18 10:19:31', '2019-09-18 10:19:31', NULL),
(405, 262, 'جراى أوليف', 2, '2019-09-18 10:19:31', '2019-09-18 10:19:31', NULL),
(406, 263, 'Amber grey', 1, '2019-09-18 10:19:31', '2019-09-18 10:19:31', NULL),
(407, 263, 'امبر جراى', 2, '2019-09-18 10:19:31', '2019-09-18 10:19:31', NULL),
(408, 264, 'Crystal_N', 1, '2019-09-18 10:19:31', '2019-09-18 10:19:31', NULL),
(409, 264, 'كريستال', 2, '2019-09-18 10:19:31', '2019-09-18 10:19:31', NULL),
(410, 265, 'Gray Beige', 1, '2019-09-18 10:19:31', '2019-09-18 10:19:31', NULL),
(411, 265, 'جراى بيجى', 2, '2019-09-18 10:19:31', '2019-09-18 10:19:31', NULL),
(412, 266, 'Lavender Grey', 1, '2019-09-18 10:19:31', '2019-09-18 10:19:31', NULL),
(413, 266, 'لافندر جراى', 2, '2019-09-18 10:19:31', '2019-09-18 10:19:31', NULL),
(414, 267, 'Silky Green', 1, '2019-09-18 10:19:31', '2019-09-18 10:19:31', NULL),
(415, 267, 'سلك جرين', 2, '2019-09-18 10:19:31', '2019-09-18 10:19:31', NULL),
(416, 268, 'Midnight Blue', 1, '2019-09-18 10:19:31', '2019-09-18 10:19:31', NULL),
(417, 268, 'ميد نيت بلو', 2, '2019-09-18 10:19:31', '2019-09-18 10:19:31', NULL),
(418, 269, 'Mint_Grey', 1, '2019-09-18 10:19:31', '2019-09-18 10:19:31', NULL),
(419, 269, 'ميت جراى', 2, '2019-09-18 10:19:31', '2019-09-18 10:19:31', NULL),
(420, 270, 'Sandy Brown', 1, '2019-09-18 10:19:31', '2019-09-18 10:19:31', NULL),
(421, 270, 'ساندى برون', 2, '2019-09-18 10:19:31', '2019-09-18 10:19:31', NULL),
(422, 271, 'Sandy Grey', 1, '2019-09-18 10:19:31', '2019-09-18 10:19:31', NULL),
(423, 271, 'ساندى جراى', 2, '2019-09-18 10:19:31', '2019-09-18 10:19:31', NULL),
(424, 272, 'Silky Gold', 1, '2019-09-18 10:19:31', '2019-09-18 10:19:31', NULL),
(425, 272, 'سلك جولد', 2, '2019-09-18 10:19:31', '2019-09-18 10:19:31', NULL),
(426, 273, 'Cool Hazel', 1, '2019-09-18 18:27:58', '2019-09-18 18:27:58', NULL),
(427, 273, 'كول هزل', 2, '2019-09-18 18:27:58', '2019-09-18 18:27:58', NULL),
(428, 274, 'Cool Gray', 1, '2019-09-18 18:27:58', '2019-09-18 18:27:58', NULL),
(429, 274, 'كول جراى', 2, '2019-09-18 18:27:58', '2019-09-18 18:27:58', NULL),
(430, 275, 'Viola Gray', 1, '2019-09-18 18:27:58', '2019-09-18 18:27:58', NULL),
(431, 275, 'فيولا جراى', 2, '2019-09-18 18:27:58', '2019-09-18 18:27:58', NULL),
(432, 276, 'Gray', 1, '2019-09-18 18:27:58', '2019-09-18 18:27:58', NULL),
(433, 276, 'جراى', 2, '2019-09-18 18:27:58', '2019-09-18 18:27:58', NULL),
(434, 277, 'Green Yellow', 1, '2019-09-18 18:27:58', '2019-09-18 18:27:58', NULL),
(435, 277, 'جرين يلو', 2, '2019-09-18 18:27:58', '2019-09-18 18:27:58', NULL),
(436, 278, 'Cool Blue', 1, '2019-09-18 18:27:58', '2019-09-18 18:27:58', NULL),
(437, 278, 'كول بلو', 2, '2019-09-18 18:27:58', '2019-09-18 18:27:58', NULL),
(438, 279, 'Gray Blue', 1, '2019-09-18 18:27:58', '2019-09-18 18:27:58', NULL),
(439, 279, 'جراى بلو', 2, '2019-09-18 18:27:58', '2019-09-18 18:27:58', NULL),
(440, 280, 'Hazel', 1, '2019-09-18 18:50:17', '2019-09-18 18:50:17', NULL),
(441, 280, 'هازل', 2, '2019-09-18 18:50:17', '2019-09-18 18:50:17', NULL),
(442, 281, 'Green', 1, '2019-09-18 18:50:17', '2019-09-18 18:50:17', NULL),
(443, 281, 'جرين', 2, '2019-09-18 18:50:17', '2019-09-18 18:50:17', NULL),
(444, 282, 'Gray', 1, '2019-09-18 18:50:17', '2019-09-18 18:50:17', NULL),
(445, 282, 'جراى', 2, '2019-09-18 18:50:17', '2019-09-18 18:50:17', NULL),
(446, 283, 'Platinum', 1, '2019-09-18 18:50:17', '2019-09-18 18:50:17', NULL),
(447, 283, 'بلاتنيوم', 2, '2019-09-18 18:50:17', '2019-09-18 18:50:17', NULL),
(448, 284, 'BLUE', 1, '2019-09-18 18:50:17', '2019-09-18 18:50:17', NULL),
(449, 284, 'بلو', 2, '2019-09-18 18:50:17', '2019-09-18 18:50:17', NULL),
(450, 285, 'Mystic Blue', 1, '2019-09-18 19:15:42', '2019-09-18 19:15:42', NULL),
(451, 285, 'مستك بلو', 2, '2019-09-18 19:15:42', '2019-09-18 19:15:42', NULL),
(452, 286, 'Mystic Hazel', 1, '2019-09-18 19:15:42', '2019-09-18 19:15:42', NULL),
(453, 286, 'مستك هزل', 2, '2019-09-18 19:15:42', '2019-09-18 19:15:42', NULL),
(454, 287, 'Mystic Grey', 1, '2019-09-18 19:15:42', '2019-09-18 19:15:42', NULL),
(455, 287, 'مستك جراى', 2, '2019-09-18 19:15:42', '2019-09-18 19:15:42', NULL),
(456, 288, 'Blue', 1, '2019-09-19 07:03:27', '2019-09-19 07:03:27', NULL),
(457, 288, 'ازرق', 2, '2019-09-19 07:03:27', '2019-09-19 07:03:27', NULL),
(458, 289, 'Green', 1, '2019-09-19 07:03:27', '2019-09-19 07:03:27', NULL),
(459, 289, 'اخضر', 2, '2019-09-19 07:03:27', '2019-09-19 07:03:27', NULL),
(460, 290, 'Gray', 1, '2019-09-19 07:03:27', '2019-09-19 07:03:27', NULL),
(461, 290, 'رمادى', 2, '2019-09-19 07:03:27', '2019-09-19 07:03:27', NULL),
(462, 291, 'Turquoise', 1, '2019-09-19 07:03:27', '2019-09-19 07:03:27', NULL),
(463, 291, 'فيروزى', 2, '2019-09-19 07:03:27', '2019-09-19 07:03:27', NULL),
(464, 292, 'Brown', 1, '2019-09-19 07:03:27', '2019-09-19 07:03:27', NULL),
(465, 292, 'بنى', 2, '2019-09-19 07:03:27', '2019-09-19 07:03:27', NULL),
(466, 293, 'Brilliant Blue', 1, '2019-09-19 07:03:27', '2019-09-19 07:03:27', NULL),
(467, 293, 'برلنت بلو', 2, '2019-09-19 07:03:27', '2019-09-19 07:03:27', NULL),
(468, 294, 'Gemstone Green', 1, '2019-09-19 07:03:27', '2019-09-19 07:03:27', NULL),
(469, 294, 'جمستون جرين', 2, '2019-09-19 07:03:27', '2019-09-19 07:03:27', NULL),
(470, 295, 'Honey', 1, '2019-09-19 07:03:27', '2019-09-19 07:03:27', NULL),
(471, 295, 'عسلى', 2, '2019-09-19 07:03:27', '2019-09-19 07:03:27', NULL),
(472, 296, 'Pure Hazel', 1, '2019-09-19 07:03:27', '2019-09-19 07:03:27', NULL),
(473, 296, 'بندقى نقى', 2, '2019-09-19 07:03:27', '2019-09-19 07:03:27', NULL),
(474, 297, 'Sterling Gray', 1, '2019-09-19 07:03:27', '2019-09-19 07:03:27', NULL),
(475, 297, 'سترلنج جراى', 2, '2019-09-19 07:03:27', '2019-09-19 07:03:27', NULL),
(476, 298, 'Amethyst', 1, '2019-09-19 07:03:27', '2019-09-19 07:03:27', NULL),
(477, 298, 'ارجوانى', 2, '2019-09-19 07:03:27', '2019-09-19 07:03:27', NULL),
(478, 299, 'True Sapphire', 1, '2019-09-19 07:03:27', '2019-09-19 07:03:27', NULL),
(479, 299, 'ازرق ياقوتى', 2, '2019-09-19 07:03:27', '2019-09-19 07:03:27', NULL),
(480, 300, 'Blue', 1, '2019-09-20 09:12:12', '2019-09-20 09:12:12', NULL),
(481, 300, 'ازرق', 2, '2019-09-20 09:12:12', '2019-09-20 09:12:12', NULL),
(482, 301, 'Hazel', 1, '2019-09-20 09:12:12', '2019-09-20 09:12:12', NULL),
(483, 301, 'بندقى', 2, '2019-09-20 09:12:12', '2019-09-20 09:12:12', NULL),
(484, 302, 'Violet', 1, '2019-09-20 09:12:12', '2019-09-20 09:12:12', NULL),
(485, 302, 'بنفسجى', 2, '2019-09-20 09:12:12', '2019-09-20 09:12:12', NULL),
(486, 303, 'Green', 1, '2019-09-20 09:12:12', '2019-09-20 09:12:12', NULL),
(487, 303, 'اخضر', 2, '2019-09-20 09:12:12', '2019-09-20 09:12:12', NULL),
(488, 304, 'SAPPHIRE BLUE', 1, '2019-09-20 09:12:12', '2019-09-20 09:12:12', NULL),
(489, 304, 'ازرق ياقوتى', 2, '2019-09-20 09:12:12', '2019-09-20 09:12:12', NULL),
(490, 305, 'SAPPHIRE BLUE', 1, '2019-09-20 09:12:12', '2019-09-20 09:22:01', NULL),
(491, 305, 'رمادى', 2, '2019-09-20 09:12:12', '2019-09-20 09:12:12', NULL),
(492, 310, 'dsfdfssdf', 1, '2019-10-24 06:08:51', '2019-10-24 06:08:51', NULL),
(493, 310, 'sdfsddsfsdfd', 2, '2019-10-24 06:08:51', '2019-10-24 06:08:51', NULL),
(494, 311, 'asd', 1, '2019-10-24 06:08:51', '2019-10-24 06:08:51', NULL),
(495, 311, 'asdsada', 2, '2019-10-24 06:08:51', '2019-10-24 06:08:51', NULL);

-- --------------------------------------------------------

--
-- Table structure for table `product_descriptions`
--

CREATE TABLE `product_descriptions` (
  `id` int(10) UNSIGNED NOT NULL,
  `created_at` timestamp NULL DEFAULT NULL,
  `updated_at` timestamp NULL DEFAULT NULL,
  `deleted_at` timestamp NULL DEFAULT NULL,
  `product_id` int(10) UNSIGNED NOT NULL,
  `language_id` int(10) UNSIGNED NOT NULL,
  `name` varchar(255) COLLATE utf8mb4_unicode_ci NOT NULL,
  `description` text COLLATE utf8mb4_unicode_ci DEFAULT NULL,
  `tag` varchar(255) COLLATE utf8mb4_unicode_ci DEFAULT NULL,
  `meta_title` varchar(255) COLLATE utf8mb4_unicode_ci NOT NULL,
  `meta_description` text COLLATE utf8mb4_unicode_ci DEFAULT NULL,
  `meta_keyword` text COLLATE utf8mb4_unicode_ci DEFAULT NULL
) ENGINE=InnoDB DEFAULT CHARSET=utf8mb4 COLLATE=utf8mb4_unicode_ci;

--
-- Dumping data for table `product_descriptions`
--

INSERT INTO `product_descriptions` (`id`, `created_at`, `updated_at`, `deleted_at`, `product_id`, `language_id`, `name`, `description`, `tag`, `meta_title`, `meta_description`, `meta_keyword`) VALUES
(137, '2019-09-16 08:36:55', '2019-09-22 09:42:54', NULL, 138, 1, 'DAY ACUVUE  MOIST -30', '<p>DAY ACUVUE MOIST Brand Contact Lenses with LACREON Technology combine a unique dual-action technology that helps keep moisture in and irritation out to combat dry eyes. For patients who are prone to dry eyes and sensitivity</p>', NULL, 'Acuvue Daily Lenses from Johnson, Johnson Daily Lenses', NULL, NULL),
(138, '2019-09-16 08:36:55', '2019-09-22 09:42:54', NULL, 138, 2, 'اكيوفيو  مويست  اليومية - 30', '<p>تجمع العدسات اللاصقة من اكيوفيو مويست اليومية بين تقنية فريدة ثنائية الحركة تحافظ على رطوبة واستقرار العدسة 88% من الاكسجين يصل للعين عندالاستخدام تحجب 82% من الاشعة الفوق بنفسجية الضارة وجود علامة (123) على العدسة، للتأكد من أن العدسة غير مقلوبة</p>', NULL, 'عدسات اكيوفيو اليومية من جونسون ,عدسات يومية جونسون', 'عدسات اكيوفيومويست من جنسون اند جونسون  اليومية  استخدام اليوم الواحد علبة من 30,90 عدسة\r\nعرض خاص عند شراء من متجرنا   QEYEQ', 'عدسات اكيوفيو,عدسات جونسون اليومية ,عدسات يومية ,عدسات طبية ,عدسات يومية فى الرياض ,افضل ماركة عدسات ,عدسات شفافة اكيوفيو ديلى ,اكيوفيو مويست عدسات نظر طبية,'),
(141, '2019-09-16 16:48:02', '2019-10-18 00:48:02', NULL, 140, 1, 'ACUVUE OASYS HYDRACLEAR  PLUS WEEKLY', '<p>ACUVUE OASYS&reg; is the no. 1 selling contact lenses brand in the world 2, providing your patients with long-lasting, unbeaten comfort 3. ACUVUE OASYS&reg; also helps maintain tear film stability particularly when viewing digital screens, contributing to consistent visual performance 4 and excellent vision. Built with EYE-INSPIRED &trade; Design, ACUVUE OASYS&reg;Brand Contact Lenses offer more than just vision correction.</p>', NULL, 'ACUVUE OASYS  with HYDRACLEAR  PLUS', NULL, NULL),
(142, '2019-09-16 16:48:02', '2019-10-18 00:48:02', NULL, 140, 2, 'اكيوفيو اويسيس هيدرا كلير بلس الاسبوعية', '<p>اذا كنت ممن يستخدمون الشاشات الرقمية بصورة مستمرة عدسات اكيوفيو اويسس توفرلك رؤية عالية الوضوح وثبات فى العدسة وراحة تدوم طويلا</p>', NULL, 'عدسات اويسيس الاسبوعية من جونسون', 'عدسات اويسيس الاسبوعية من جونسون', NULL),
(143, '2019-09-16 17:14:26', '2019-09-17 06:52:57', NULL, 141, 1, 'ACUVUE OASYS  1-Day -30', '<p>The daily disposable lens for your patients&#39; demanding days ACUVUE OASYS&reg; 1-Day with HydraLuxe&trade; Technology is the daily disposable lens for patients with demanding days. It is a tear inspired design with an enhanced network of tear-like molecules and highly breathable hydrated silicone that integrates with the patient&rsquo;s own tear film each day. This design creates a lens with tear-like properties of lubrication, moisturization, smoothness and breathability that helps reduce symptoms of tired eyes and dryness.2</p>', NULL, 'Buy now online  OASYS  1-Day   QeyeQ', 'Now available at QeyeQ  Oasys daily contact lenses worldwide and best sellers Free delivery', 'Acuvue Daily, Acuvue, Johnson Lenses, Daily Lenses, Oasis Lenses, Colored Lenses, Eye Lenses,, Lenses For Sale, Natural Lenses Daily Medical Lenses, Colored Medical Lenses, Prescription Lenses, Medical Lenses, Transparent, Low Vision Lenses, Chinese Lenses, Lenses Monthly, transparent lenses, annual lenses, lenses, cyan, medical consultations, the way of wearing lenses for beginners with pictures, Toric lenses, the best types of lenses, how to, the use of contact lenses, the best lenses for glasses, optical lenses, colored lenses, lenses,, myopia Medical, contact lenses, eye contact lenses, eye lenses ,, permanent eye lenses, eye lenses, contact lenses'),
(144, '2019-09-16 17:14:26', '2019-09-17 06:52:57', NULL, 141, 2, 'أكيوفيو أويسيس اليومية  عبوة 30 -عدسة', '<p>اكيو فيو هى العدسة اليومية التى يمكن ان تخلصك من ايامك الصعبة تصميم مستوحى من الدموع جزيئات شبيهة بالدموع وسليكون رطب للغاية يجعل العين تتنفس الترطيب والنعومة والتهوية يجعلها تقلل اعراض الجفاف</p>', NULL, 'عدسات اويسيس اليومية من جونسون  لدى كيواى', 'الان متوقرة لدى كيواى  عدسات اويسيس اليومية  الاشهر عالميا والاكثر مبيعا توصيل مجانى لفترة محدودة', 'اكيوفيو اليومية,اكيوفيو,عدسات جونسون,عدسات يومية ,عدسات اويسيس,عدسات ملونة,عدسات نظر, ,عدسات للبيع , عدسات طبيعية	عدسات طبية يومية,عدسات طبية ملونة,عدسات طبية للنظر	عدسات طبية ,شفافة,عدسات ضعف النظر,عدسات صينيه,عدسات شهريه,عدسات شفافه,عدسات سنويه,عدسات, سماوي,استشارات طبيه,طريقة لبس العدسات للمبتدئين بالصور,عدسات توريك,احسن انواع العدسات,كيفية, استعمال العدسات اللاصقة,افضل عدسات للنظارة الطبية,العدسات البصرية,عدسات النظر الملونة,عدسات, ,النظر الطبية,عدسات النظر,عدسات العيون الطبية,عدسات العيون,,عدسات العين الدائمة,عدسات, العين,عدسات لاصقه طبيه,عدسات التوريك,اسعار عدسات النظارات,عدسات استخدام يوم واحد,تركيب عدسات العين,كيف تختار عدسات تناسبني,افضل محلول عدسات طبيه,طريقة تركيب العدسات اللاصقة,	صور نظارات نظر,افضل عدسات طبيه للعيون,عدسات لاصقة للبيع,صور عدسات طبيه	حل لجفاف العين,حجم العدسات اللاصقة,تفصيل عدسات طبيه,تصحيح الابصار,تركيب العدسات اللاصقة بسهولة,تركيب العدسات,انواع نظارات النظر,انواع العدسات اللاصقة الطبية واسعارها	انواع العدسات اللاصقة الطبية	انواع العدسات اللاصقة,صناعة العدسات الطبية,الوان العدسات اللاصقة الطبية,الفرق بين العدسات اليومية والشهرية,العنايه بالعين,العناية بالعين,العدسات اليومية'),
(145, '2019-09-16 17:27:38', '2019-09-16 17:27:38', NULL, 142, 1, 'AIR OPTIX  plus HydraGlyde-6', 'GET OUTSTANDING COMFORT FROM DAY 1 TO DAY 30 †\r\nAIR OPTIX® plus HydraGlyde ® contact lenses bring together two advanced technologies designed to provide longer-lasting lens surface moisture ‡ and deposit protection', NULL, 'QeyeQ  Buy Now  AIR OPTIX  plus HydraGlyde-6', 'Air Optix Contact lenses \r\nBuy now from our online store Q eye Q', 'AIR OPTIX  ,Monthly Contact Lenses, Eyepieces, Contact Lenses, Original Lenses, Medical Contact Lenses Duration Contact Lenses, Brand Lenses, Best Brands For Prescription Lenses, Medical Lenses, How To Install Contact Lenses How To Maintain Contact Lenses, Best Lenses Solution, How To Apply Lenses, Drop Contact Lenses, Benefits of Medical Contact Lenses, Colored Eyeglass Lenses, Eyes Lenses Eye Treatment, Eye Dry Treatment, Optometry, Concentrate Treatment, Redness Treatment, Contact Lenses Presentations, Daily Lenses, One Day Lenses Prescription Lenses Prescription Lenses, View Lenses Permanent lenses Moroccan, lenses of view, lenses glasses, p SAT of pharmacy, medical, medical lenses for myopia, lenses Moroccan optics, lenses solid prices, medical adhesive,QeyeQ'),
(146, '2019-09-16 17:27:38', '2019-09-16 17:27:38', NULL, 142, 2, 'اير اوبتكس بلس هيدراغليد - عبوة من 6 عدسات', 'احصل على الراحة من اليوم الأول إلى اليوم 30\r\nتجمع العدسات اللاصقة ايراوبتكس بين تقنتين متقدمتين تم تصميمهما لتوفير ترطيب لسطح العدسة تدوم طويلا وحماية من الرواسب طول الشهر\r\n حتى خمسة أضعاف من الأكسجين يصل للعين عند استعمالها مقارنة بالعدسات الآخرى', NULL, 'عدسات اير اوبتكس الشفافة  توصيل الرياض نفس اليوم مجانا', 'عدسات شهرية عالية الجودة -من اير اوبتكس\r\nاشترى الان موقع كيو اى  كيو  توصيل مجانى داخل الرياض', 'عدسات شهرية ,عدسات ايراوبتكس,عدسات نظر ,عدسات اصلية ,   العدسات اللاصقة الطبية	مدة العدسات اللاصقة,ماركه عدسات,افضل ماركات عدسات النظارات الطبية,لاصقة طبية,كيفية تركيب العدسات اللاصقة	كيفية المحافظة على العدسات اللاصقة,افضل محلول عدسات,طريقة وضع العدسات,قطرة للعدسات اللاصقة,فوائد العدسات اللاصقة الطبية,عدسات النظارات الطبية الملونة,عيون عدسات	علاج للعيون,علاج لجفاف العين,علاج النظر,علاج التركيز,علاج الاحمرار,عروض العدسات اللاصقة,عدسات يوميه,عدسات يوم واحد	عدسات نظر طبية	عدسات نظر شفافة,عدسات نظر دائمه	عدسات المغربي,عدسات نظر,عدسات نظارات,عدسات من الصيدليه, طبية,العدسات الطبية لقصر النظر,عدسات مغربي للبصريات,اسعار العدسات الصلبه,اللاصقة الطبية,QeyeQ'),
(149, '2019-09-16 17:53:57', '2019-09-17 06:24:37', NULL, 144, 1, 'Dailies - Dailies Total 1 - Daily Disposable', '<p>It is the first and only daily disposable contact lens to offer water gradient technology so all that touches your eye is a cushion of moisture.</p>', NULL, 'Daily   Total   1  Daily', NULL, NULL),
(150, '2019-09-16 17:53:57', '2019-09-17 06:24:37', NULL, 144, 2, 'ديلي - ديليز توتال 1', '<p>وسادة تلمس عينيك ذالك لانها توفر تقنية متتدرجة فى الماء وهى العدسات الاولى والوحيدة التى توفر تلك المميذات</p>', NULL, 'توتال 1 العدسة اليومية الاشهر عالميا', 'عدسات توتل 1 اليومية  عبوة 30 و90 عدسة للاستخدام اليومى\r\nعدسات طبية شفافة  لقصر وطول النظر \r\nQEYEQ احصلى الان عليها بسعر متميذ', 'ديليز توتل1,ديليز اليومية,توتل1,عدسات توتل وان اليومين,عدسات ديليز توتل1,عدسات لاصقة شفافة ,عدسات طبية يومية ,عدسات لاصقة فى مصر عدسات لاصقة فى السعودية عدسات لاصقة فى مصر ,عدسات لاصقة بمصر , افضل عدسات لاصقة'),
(151, '2019-09-16 18:14:54', '2019-09-17 06:25:57', NULL, 145, 1, 'DAILIES  AquaComfort Plus', '<p>DAILIES&reg; AquaComfort Plus&reg; contact lenses offer blink ‑ activated moisture for all-day comfort and are the perfect starter contact lenses.</p>', NULL, 'DAILIES AquaComfort  Plus  -30', NULL, NULL),
(152, '2019-09-16 18:14:54', '2019-09-17 06:25:57', NULL, 145, 2, 'ديليز اكوا كمفورت بلس اليومية', '<p>توفر العدسات اللاصقة ديليزاكواكمفورت بلس راحة ونشاط طول اليوم مصنوعة بأستخدام تكنولوجيا متقدمة والتي تجعل العدسة تستعيد رطوبتها مع كل رمشة من عينييك - منعشة ومريحة من بداية الاستخدام وحتى نهاية اليوم - تسمح بمرور كمية عالية من الأوكسجين للعين عند استعمالها</p>', NULL, 'اليومية, عدسات يومية من ديليز     عدسات ديليز اكواكمفورت', 'عدسة ديليز اليومية اكواكمفورت  بلس   عبوة من 30 و90 عدسة\r\nاحصلى عليها الان  QEYEQ', 'عدسات ديليز ,عدسات ديليز اليومية,عدسات اكوافيو ,اكوافيو بلس,عدسات شفافة ,عدسات طبية ,عدسات طبية نظر ,عدسات الكون ,عدسات يومية شفافة ,عدسات نظر,عدسات بالرياض ,عدسات جونسون ,افضل ماركات العدسات'),
(153, '2019-09-16 18:50:10', '2019-09-17 06:54:27', NULL, 146, 1, 'ACUVUE OASYS  for ASTIGMATISM', '<p>Unique Accelerated Stabilisation Design&trade; (ASD) technology delivers clear and stable vision regardless of head or eye movements. ACUVUE OASYS&reg;, are the no.1 selling contact lenses brand in the world3, providing your patients with long-lasting, unbeaten comfort4. ACUVUE OASYS&reg; for ASTIGMATISM also offer unsurpassed coverage with the widest range of stock parameters covering 98% of spherical and astigmatic eyes&dagger;&Dagger;5 Built with EYE-INSPIRED&trade; Design, ACUVUE OASYS&reg; for ASTIGMATISM offer more than just vision correction.</p>', NULL, 'ACUVUE OASYS  for ASTIGMATISM', 'Unique Accelerated Stabilisation Design™ (ASD) technology delivers clear and stable vision regardless of head or eye movements. \r\nACUVUE OASYS®, are the no.1 selling contact lenses brand in the world3,', NULL),
(154, '2019-09-16 18:50:10', '2019-09-17 06:54:27', NULL, 146, 2, 'أكيوفيو اويسيس توريك الأسبوعية', '<p>، هي العلامة التجارية الأولى لبيع العدسات اللاصقة في العالم 3 ، حيث توفر العدسة تغطية غير مسبوقة من الاستجماتزم راحة طويلة الامد مع اكيوفيو اويسيس رؤية واضحة ومستقرة بغض النظر عن حركة الرأس اوالعين</p>', NULL, 'عدسات اكيوفيو اويسيس عدسات لعلاج انحراف النظر', '، هي العلامة التجارية الأولى لبيع العدسات اللاصقة في العالم 3 ، حيث توفر  العدسة تغطية غير مسبوقة من الاستجماتزم  راحة طويلة الامد مع اكيوفيو اويسيس\r\nرؤية واضحة ومستقرة بغض النظر عن حركة الرأس اوالعين', NULL),
(155, '2019-09-16 19:05:57', '2019-09-17 06:12:12', NULL, 147, 1, 'Air Optix For Astigmatism - Pack of 6', '<p>AIR OPTIX&reg; for Astigmatism contact lenses are specially designed with two unique technologies to give you clear vision and consistent comfort. Consistent comfort without compromise. Consistently clear vision. Outstanding visual acuity.</p>', NULL, 'AIR OPTIX  for Astigmatism', NULL, NULL),
(156, '2019-09-16 19:05:57', '2019-09-17 06:12:12', NULL, 147, 2, 'أيراوبتكس استجماتزم عبوة 6 عدسات', '<p>. ايراوبتكس تم تصميم العدسات اللاصقة للاستجماتيزم خصيصًا من خلال تقنيتين فريدتين لتوفر لك رؤية واضحة وراحة ثابتة. راحة ثابتة دون أي تنازلات. رؤية واضحة باستمرار. حدة البصر المعلقة.</p>', NULL, 'أيراوبتكس استجماتزم', 'اير اوبتكس تورك', NULL),
(157, '2019-09-16 19:22:57', '2019-09-16 19:22:57', NULL, 148, 1, 'Dailies AquaComfort Plus Toric - Pack of 30', 'Everyday DAILIES® AquaComfort Plus® Toric contact lenses correct astigmatism and provide consistent clear vision all day.\r\n\r\nWith blink-activated moisture technology, you can experience outstanding comfort throughout the day.', NULL, 'Dailies AquaComfort Plus Toric - Pack of 30', 'Everyday DAILIES® AquaComfort Plus® Toric contact lenses correct astigmatism and provide consistent clear vision all day.\r\n\r\nWith blink-activated moisture technology, you can experience outstanding comfort throughout the day.', NULL),
(158, '2019-09-16 19:22:57', '2019-09-16 19:22:57', NULL, 148, 2, 'ديليز أكوا كمفورت بلس توريك - عبوة من 30 عدسة', 'كل يوم DAILIES  AquaComfort Plus  Toric العدسات اللاصقة تصحيح الاستجماتيزم وتوفير رؤية واضحة ثابتة طوال اليوم.\r\n\r\nمع تقنية الرطوبة النشطة ، يمكنك تجربة راحة رائعة طوال اليوم.', NULL, 'ديليز أكوا كمفورت بلس توريك', 'عدسات تورك ديليز', NULL),
(159, '2019-09-16 20:03:25', '2019-09-17 06:04:56', NULL, 149, 1, '1-Day Acuvue Define Natural Shine - Pack of 30', '<p>DAY ACUVUE DEFINE contact lenses accentuate eye appearance with the fit and feel of . 1-DAY ACUVUE&reg; DEFINE&reg; amplify the natural beauty of your patients&rsquo; eyes by enhancing iris depth, dimension and definition. In addition to this natural-looking eye enhancement benefit,</p>', NULL, '1-Day Acuvue Define Natural Shine - Pack of 30', NULL, NULL),
(160, '2019-09-16 20:03:25', '2019-09-17 06:04:56', NULL, 149, 2, '1 داي أكيوفيو ديفيان ناتشورال شاين - عبوة من 30', '<p>يعمل نظام اكيوفيو ديفيان لمدة يوم واحد على تضخيم الجمال الطبيعي لأعين المرضى من خلال تعزيز عمق القزحية والبعد والتعريف. بالإضافة إلى ميزة تحسين العين الطبيعية . تساعد عدسات اكيوفيو ديفيان على دعم صحة العين مما يوفر الراحة الممتازة</p>', NULL, '1 داي أكيوفيو ديفيان ناتشورال شاين - عبوة من 30', 'عدسات يومية من 3 انواع اكيوفيو ديفيان\r\nلاول مرة بمصر متجر لبيع العدسات اللاصقة والنظارات', 'افضل ماركة عدسات,افضل ماركات العدسات اللاصقة,افضل ماركات العدسات,الليزر للعيون	افضل علاج لاحمرار العين,افضل عدسات يوميه,افضل عدسات نظر,افضل عدسات نظارات طبية,افضل عدسات نظارات	افضل عدسات لاصقة طبية,افضل عدسات لاصقة,افضل عدسات عيون,افضل عدسات طبيه لضعف النظر,افضل عدسات طبيه شفافه,افضل عدسات طبيه,افضل عدسات طبية للنظارات,افضل عدسات طبية للعيون الحساسة,افضل عدسات طبية,افضل عدسات,افضل شركة عدسات لاصقة,افضل شركات العدسات اللاصقة,افضل انواع عدسات النظارات,افضل انواع عدسات العيون,افضل انواع عدسات العين,افضل انواع العدسات واسعارها,افضل انواع العدسات للعيون الحساسه,افضل انواع العدسات اللاصقة الطبية واسعارها,افضل انواع العدسات اللاصقة الطبية,افضل انواع العدسات اللاصقة,علاج ضعف البصر بالعسل,علاج جفاف العيون,اشكال عدسات العيون,علاج القرنية,اشكال العدسات والوانها,اشكال العدسات,اسماء ماركات العدسات اللاصقة,عدسات جونسون ,عدسات اكيوفيو ديفيان ,عدسات يومية ,عدسات  نظر'),
(161, '2019-09-16 20:16:38', '2019-09-16 20:16:38', NULL, 150, 1, '1Day Acuvue Define Vivid Style - Pack of 30', '-Day Acuvue Define Vivid Style innovative contact lenses enhance the natural beauty of your eye, adding natural-looking definition to the limbal ring for an increased impact on your look.\r\nProduct Name: 1-Day Acuvue Define Vivid Style\r\nBrand: Acuvue\r\nLens Type: Corrective Contact Lenses\r\nLens Color: Natural\r\nReplacement Schedule: Daily\r\nUsage: Single vision', NULL, '1Day Acuvue Define Vivid Style - Pack of 30', NULL, NULL),
(162, '2019-09-16 20:16:38', '2019-09-16 20:16:38', NULL, 150, 2, '1 داي أكيوفيو ديفيان فيفيد ستايل - عبوة من 30', 'يعمل نظام اكيوفيو ديفيان لمدة يوم واحد على تضخيم الجمال الطبيعي لأعين المرضى من خلال تعزيز عمق القزحية والبعد والتعريف. بالإضافة  إلى ميزة تحسين العين الطبيعية .\r\nتساعد عدسات اكيوفيو ديفيان على دعم صحة العين  مما يوفر الراحة الممتازة', NULL, '1 داي أكيوفيو ديفيان فيفيد ستايل - عبوة من 30', 'عدسات يومية من 3 انواع اكيوفيو ديفيان\r\nلاول مرة بمصر متجر لبيع العدسات اللاصقة والنظارات', 'افضل ماركة عدسات,افضل ماركات العدسات اللاصقة,افضل ماركات العدسات,الليزر للعيون	افضل علاج لاحمرار العين,افضل عدسات يوميه,افضل عدسات نظر,افضل عدسات نظارات طبية,افضل عدسات نظارات	افضل عدسات لاصقة طبية,افضل عدسات لاصقة,افضل عدسات عيون,افضل عدسات طبيه لضعف النظر,افضل عدسات طبيه شفافه,افضل عدسات طبيه,افضل عدسات طبية للنظارات,افضل عدسات طبية للعيون الحساسة,افضل عدسات طبية,افضل عدسات,افضل شركة عدسات لاصقة,افضل شركات العدسات اللاصقة,افضل انواع عدسات النظارات,افضل انواع عدسات العيون,افضل انواع عدسات العين,افضل انواع العدسات واسعارها,افضل انواع العدسات للعيون الحساسه,افضل انواع العدسات اللاصقة الطبية واسعارها,افضل انواع العدسات اللاصقة الطبية,افضل انواع العدسات اللاصقة,علاج ضعف البصر بالعسل,علاج جفاف العيون,اشكال عدسات العيون,علاج القرنية,اشكال العدسات والوانها,اشكال العدسات,اسماء ماركات العدسات اللاصقة,عدسات جونسون ,عدسات اكيوفيو ديفيان ,عدسات يومية ,عدسات  نظر'),
(163, '2019-09-16 20:31:11', '2019-09-17 06:02:06', NULL, 151, 1, '1Day Acuvue Define Radiant Bright - Pack of 30', '<p>DAY ACUVUE DEFINE contact lenses accentuate eye appearance with the fit and feel of . 1-DAY ACUVUE&reg; DEFINE&reg; amplify the natural beauty of your patients&rsquo; eyes by enhancing iris depth, dimension and definition. In addition to this natural-looking eye enhancement benefit,</p>', NULL, '-Day Acuvue Define Radiant Bright - Pack of 30', NULL, NULL),
(164, '2019-09-16 20:31:11', '2019-09-17 06:02:06', NULL, 151, 2, '1 داي اكيوفيو ديفاين راديانت برايت - عبوة من 30 عدسة', '<p>يعمل نظام اكيوفيو ديفيان لمدة يوم واحد على تضخيم الجمال الطبيعي لأعين المرضى من خلال تعزيز عمق القزحية والبعد والتعريف. بالإضافة إلى ميزة تحسين العين الطبيعية . تساعد عدسات اكيوفيو ديفيان على دعم صحة العين مما يوفر الراحة الممتازة</p>', NULL, '1 داي اكيوفيو ديفاين راديانت برايت - عبوة من 30 عدسة', 'عدسات يومية من 3 انواع اكيوفيو ديفيان\r\nلاول مرة بمصر متجر لبيع العدسات اللاصقة والنظارات', 'افضل ماركة عدسات,افضل ماركات العدسات اللاصقة,افضل ماركات العدسات,الليزر للعيون	افضل علاج لاحمرار العين,افضل عدسات يوميه,افضل عدسات نظر,افضل عدسات نظارات طبية,افضل عدسات نظارات	افضل عدسات لاصقة طبية,افضل عدسات لاصقة,افضل عدسات عيون,افضل عدسات طبيه لضعف النظر,افضل عدسات طبيه شفافه,افضل عدسات طبيه,افضل عدسات طبية للنظارات,افضل عدسات طبية للعيون الحساسة,افضل عدسات طبية,افضل عدسات,افضل شركة عدسات لاصقة,افضل شركات العدسات اللاصقة,افضل انواع عدسات النظارات,افضل انواع عدسات العيون,افضل انواع عدسات العين,افضل انواع العدسات واسعارها,افضل انواع العدسات للعيون الحساسه,افضل انواع العدسات اللاصقة الطبية واسعارها,افضل انواع العدسات اللاصقة الطبية,افضل انواع العدسات اللاصقة,علاج ضعف البصر بالعسل,علاج جفاف العيون,اشكال عدسات العيون,علاج القرنية,اشكال العدسات والوانها,اشكال العدسات,اسماء ماركات العدسات اللاصقة,عدسات جونسون ,عدسات اكيوفيو ديفيان ,عدسات يومية ,عدسات  نظر'),
(165, '2019-09-17 05:43:29', '2019-09-17 05:43:29', NULL, 152, 1, 'Acuvue 2 - Pack of 6', 'Acuvue 2 contact lenses provide you with crisp vision correction and soft lens wear feeling. A perfect lens for those who seek performance and remarkable value', NULL, 'Acuvue 2 - Pack of 6', NULL, NULL),
(166, '2019-09-17 05:43:29', '2019-09-17 05:43:29', NULL, 152, 2, 'أكيوفيو 2 - عبوة من 6', 'تتيح أكيوفيو 2 تصحيح الرؤية مع الحفاظ على الراحة التامة ، فهي الخيار الأمثل لمن يبحث عن الجودة العالية و الأداء المتميز', NULL, 'اكيوفيو 2 عدسات اسبوعية من جونسون', NULL, NULL),
(167, '2019-09-17 08:44:49', '2019-09-17 08:46:27', NULL, 153, 1, 'Solotica Hidrocor', '<p>With Solotica Hidrocor you get color contact lenses, with uniform pigmentation and no limbal ring.</p>', NULL, 'Solotica Hidrocor', NULL, NULL),
(168, '2019-09-17 08:44:49', '2019-09-17 08:46:27', NULL, 153, 2, 'سولوتيكا هيدروكور-عبوة من عدستين', '<p>تعد سولوتيكا أشهر ماركة للعدسات الملونة في العالم. مجموعة هايدروكور غير محددة إطلاقاً و تعد الأكثر وضوحاً و لمعاناً و خفة</p>', NULL, 'سولوتيكا هيدروكور عدسة سنوية', 'سلوتيكا هيدروكور العدسة السنوية', NULL),
(169, '2019-09-17 09:08:57', '2019-09-17 09:12:38', NULL, 154, 1, 'Solotica - Hidrocor Rio', '<p>With Solotica Hidrocor you get color contact lenses, with uniform pigmentation and no limbal ring.</p>', NULL, 'Solotica - Hidrocor Rio', NULL, NULL),
(170, '2019-09-17 09:08:57', '2019-09-17 09:12:38', NULL, 154, 2, 'سولوتيكا هيدروكور ريو- عبوة من عدستين', '<p>تعد سولوتيكا أشهر ماركة للعدسات الملونة في العالم. مجموعة هايدروكور غير محددة إطلاقاً و تعد الأكثر وضوحاً و لمعاناً و خفة</p>', NULL, 'سلوتيكا عدسات سنوية', NULL, NULL),
(171, '2019-09-17 09:37:24', '2019-09-17 09:42:35', NULL, 155, 1, 'Solotica Natural Colors-2 lense', '<p>Solotica is the world&#39;s most popular color contact lens brand. The Natural Colors collection has a slight limbal ring, has medium opacity and is relatively bright while still looking very natural</p>', NULL, 'Solotica Natural Colors', NULL, NULL),
(172, '2019-09-17 09:37:24', '2019-09-17 09:42:35', NULL, 155, 2, 'سولوتيكا ناتشورال كولورز -عبوة من عدستين', '<p>تعد سولوتيكا أشهر ماركة للعدسات الملونة في العالم. مجموعة ناتشورال كولورز بتحديدها الواضح، تتمتع بشفافية متوسطة و لمعان مع الحفاظ على المظهر الطبيعي للعين</p>', NULL, 'سولوتيكا ناتشورال كولورز', NULL, NULL),
(173, '2019-09-17 10:03:07', '2019-09-17 10:03:57', NULL, 156, 1, 'Anesthesia - USA - 2 lenses', '<p>Anesthesia Contact Lenses are designed for people who want a dramatic change in eye color. The collection features a range of elegant and natural colors that are produced with special techonology to make them comfortable for wear in the Middle East.</p>', NULL, 'Anesthesia - USA', NULL, NULL),
(174, '2019-09-17 10:03:07', '2019-09-17 10:03:57', NULL, 156, 2, 'انستازيا USA - عبوة من عدستين', '<p>&bull; عدسات انستازيا مصممة خصيصاً لمن ترغب بتغيير دراماتيكي بلون العيون. المجموعة تحتوي على درجات طبيعية و أنيقة مصنعة بتكنولوجيا خاصة لتكون مريحة و مناسبة لمنطقة الشرق الأوسط و مناخها</p>', NULL, 'انستازيا USA - عبوة من عدستين', NULL, NULL),
(175, '2019-09-17 17:36:26', '2019-09-17 17:41:06', NULL, 157, 1, 'Anesthesia - Dream - 2 lenses', '<p>Anesthesia Contact Lenses are designed for people who want a dramatic change in eye color. The collection features a range of elegant and natural colors that are produced with special techonology to make them comfortable for wear in the Middle East.</p>', NULL, 'Anesthesia - Dream - 2 lenses', NULL, NULL),
(176, '2019-09-17 17:36:26', '2019-09-17 17:41:06', NULL, 157, 2, 'انستازيا دريم - عبوة من عدستين', '<p>&bull; عدسات انستازيا مصممة خصيصاً لمن ترغب بتغيير دراماتيكي بلون العيون. المجموعة تحتوي على درجات طبيعية و أنيقة مصنعة بتكنولوجيا خاصة لتكون مريحة و مناسبة لمنطقة الشرق الأوسط و مناخها</p>', NULL, 'انستازيا دريم 6 اشهر استخدام صناعة امريكية', NULL, NULL),
(181, '2019-09-18 04:41:17', '2019-09-18 04:45:59', NULL, 160, 1, '8.6', '<p>Anesthesia Contact Lenses are designed for people who want a dramatic change in eye color. The collection features a range of elegant and natural colors that are produced with special techonology to make them comfortable for wear in the Middle East.</p>', NULL, 'ANESTHESIA ADDICT', NULL, NULL),
(182, '2019-09-18 04:41:17', '2019-09-18 04:45:59', NULL, 160, 2, 'أنستازيا اديكت -عبوة من عدستين', '<p>&bull; عدسات انستازيا مصممة خصيصاً لمن ترغب بتغيير دراماتيكي بلون العيون. المجموعة تحتوي على درجات طبيعية و أنيقة مصنعة بتكنولوجيا خاصة لتكون مريحة و مناسبة لمنطقة الشرق الأوسط و مناخها</p>', NULL, 'عدسة انستازيا اديكت', NULL, NULL),
(183, '2019-09-18 05:03:48', '2019-09-18 05:24:19', NULL, 161, 1, 'Anesthesia - Anesthatic - 2 lenses', '<p>Anesthesia Contact Lenses are designed for people who want a dramatic change in eye color. The collection features a range of elegant and natural colors that are produced with special techonology to make them comfortable for wear in the Middle East.</p>', NULL, 'Anesthesia - Anesthatic-QeyeQ', NULL, NULL),
(184, '2019-09-18 05:03:48', '2019-09-18 05:24:19', NULL, 161, 2, 'انستازيا انيستاتيك - عبوة من عدستين', '<p>&bull; عدسات انستازيا مصممة خصيصاً لمن ترغب بتغيير دراماتيكي بلون العيون. المجموعة تحتوي على درجات طبيعية و أنيقة مصنعة بتكنولوجيا خاصة لتكون مريحة و مناسبة لمنطقة الشرق الأوسط و مناخها</p>', NULL, 'انستازيا عدسة ملونة 6 اشهر QeyeQ', NULL, NULL),
(185, '2019-09-18 06:05:07', '2019-09-18 06:13:10', NULL, 162, 1, 'Beauteous - Exotic - 2 lenses', '<p>Exotique Group with its focus on gravity Even the eyes are dark in color, maybe our lenses cleverly move them towards light colors and light shadesSuitable for: Natural Look</p>', NULL, 'Beauteous Exotic', 'مجموعة اكزوتك بتركيزها على الجاذبية الغامضة وغير المألوفة من خلال تعابير لونية بسيطة\r\nحتى العيون غامقة اللون، بإمكان عدساتنا نقلها بذكاء نحو الألوان والأطياف اللونية الفاتحة وايصالها على سبيل المثال بألوان البحر الفاتحة', NULL),
(186, '2019-09-18 06:05:07', '2019-09-18 06:13:10', NULL, 162, 2, 'بيوتس -اكزوتك -عبوة من عدستين', '<p>مجموعة اكزوتك بتركيزها على الجاذبية الغامضة وغير المألوفة من خلال تعابير لونية بسيطة حتى العيون غامقة اللون، بإمكان عدساتنا نقلها بذكاء نحو الألوان والأطياف اللونية الفاتحة وايصالها على سبيل المثال بألوان البحر الفاتحة</p>', NULL, 'عدسات بيوتس QeyeQ', NULL, NULL),
(187, '2019-09-18 06:29:56', '2019-09-18 06:33:34', NULL, 163, 1, 'Beauteous – Hypnotic-2lenses', '<p>The Hypnotic collection Hypnotic range contains sharp colors and contrast rings surrounded by iris to achieve beauty effect</p>', NULL, 'Beauteous – Hypnotic', NULL, NULL),
(188, '2019-09-18 06:29:56', '2019-09-18 06:33:34', NULL, 163, 2, 'بيوتيس - هبنوتك - عبوة من عدستين', '<p>مجموعة هيبنوتيك تحتوي مجموعة هيبنوتيك على ألوان حادة وحلقات بلون مغاير تحيط بها قزحية لتحقيق تأثير الجمال</p>', NULL, 'بيوتيس - هبنوتك - عبوة من عدستين', NULL, NULL),
(189, '2019-09-18 06:51:23', '2019-09-18 07:47:10', NULL, 164, 1, 'DIVA- 2 LENSEA', '<p>Cosmetic and medical contact lenses, with natural design and colors.</p>', NULL, 'DIVA LENSEA', NULL, NULL),
(190, '2019-09-18 06:51:23', '2019-09-18 07:47:10', NULL, 164, 2, 'ديفا -عبوة من عدستين', '<p>عدسات لاصقة تجميلية وطبية، ذو تصميم وألوان من وحي الطبيعة.</p>', NULL, 'عدسات ديفا من QeyeQ', NULL, NULL),
(191, '2019-09-18 08:15:52', '2019-09-18 08:19:57', NULL, 165, 1, 'Lensme - 2 lenses', '<p>ensme has a range of beautiful and extremely natural colors. Designed for comfort and extended wear, the lenses are sure to make your eyes sparkle.</p>', NULL, 'Lensme - 2 lenses', NULL, NULL),
(192, '2019-09-18 08:15:52', '2019-09-18 08:19:57', NULL, 165, 2, 'لنس مي - عبوة من عدستين', '<p>عدسات لنس مي تتميز بالوان طبيعية اخاذة. مصممة خصيصا لراحة تدوم لفترات طويلة، العدسات تضفي جمالا و لمعانا لعينيك مثالية لـ: المظهر الطبيعي</p>', NULL, 'عدسات لينس مى', NULL, NULL),
(193, '2019-09-18 08:53:32', '2019-09-18 08:57:42', NULL, 166, 1, 'Tri-Kolor - 2 lenses', '<p>تستوحي عدسات تراي كولور مجموعتها بألوانها الـ 8 المميزة من الألوان الطبيعية الخلابة، لكي تضفي على جمالك و أناقتك لمسه فريد</p>', NULL, 'Tri-Kolor - 2 lenses', NULL, NULL),
(194, '2019-09-18 08:53:32', '2019-09-18 08:57:42', NULL, 166, 2, 'تراى كولور -عبوة من عدستين', '<p>تستوحي عدسات تراي كولور مجموعتها بألوانها الـ 8 المميزة من الألوان الطبيعية الخلابة، لكي تضفي على جمالك و أناقتك لمسه فريد</p>', NULL, 'عدسات تراى كلر', NULL, NULL),
(195, '2019-09-18 09:17:30', '2019-09-18 09:25:33', NULL, 167, 1, 'Bella Diamonds - 2 lenses', '<p>Bella Diamonds features a range of exciting colors for both warm and cool toned skin colors. These colors are designed to make your eyes look bright and some feature an intense limbal ring to make your eyes the center of attention</p>', NULL, 'Bella Diamonds', NULL, NULL),
(196, '2019-09-18 09:17:30', '2019-09-18 09:25:33', NULL, 167, 2, 'بيلا دايموند - عبوة من عدستين', '<p>صممت عدسات بيلا دايموند لكي تجعل من عينيك محط الأنظار، ففيها درجات مناسبة لجميع ألوان البشرة، و تعطي لمعان طبيعي للعينين، بالاضافة إلى أن بعضها يتمتع بتحديد حلقة القزحية الواضج</p>', NULL, 'بيلا دايموند', NULL, NULL),
(199, '2019-09-18 09:50:59', '2019-09-18 09:52:17', NULL, 169, 1, 'Bella Glow - 2 lenses', '<p>Bella Glow collection colors have a medium-to-strong limbal ring to make your eyes stand out. With a range of 9 beautiful and dramatic color options, you&#39;re sure to find the perfect shade to match your look.</p>', NULL, 'Bella Glow - 2 lenses', NULL, NULL),
(200, '2019-09-18 09:50:59', '2019-09-18 09:52:17', NULL, 169, 2, 'بيلا غلو - عبوة من عدستين', '<p>تتميز مجموعة بيلا جلو بحلقة قزحية واضحة مما يضفي جمال و جاذبية على العيون. تلائم المجموعة بخياراتها ال9 الخلابة جميع الأذواق و الستايلات</p>', NULL, 'بيلا غلو -', NULL, NULL),
(201, '2019-09-18 10:03:46', '2019-09-18 10:19:31', NULL, 170, 1, 'Bella Elite - 2 lenses', '<p>he Bella Elite collection features elegant colors with a very slight limbal ring that looks natural on dark eyes. These colors can be worn with an evening makeup look as well as a natural everyday look.</p>', NULL, 'Bella Elite', NULL, NULL),
(202, '2019-09-18 10:03:46', '2019-09-18 10:19:31', NULL, 170, 2, 'بيلا إيليت - عبوة من عدستين', '<p>مجموعة بيلا إيليت بألوانها الأنيقة و بحلقة قزحية رقيقة تعطي مظهر رائع و طبيعي للعيون. الوان مجموعة ايليت الجديدة تناسب جميع المناسبات، فهي مثالية للإطلالات الرسمية و اليومية على حد سواء</p>', NULL, 'بيلا إيليت', NULL, NULL),
(203, '2019-09-18 18:19:20', '2019-09-18 18:27:58', NULL, 171, 1, 'Bella Natural - 2 lenses', '<p>The Bella Natural collection features three-dimensional colors to help you achieve the perfect dramatic evening look</p>', NULL, 'Bella Natural', NULL, NULL),
(204, '2019-09-18 18:19:20', '2019-09-18 18:27:58', NULL, 171, 2, 'بيلا ناتشرال - عبوة من عدستين', '<p>منحك مجموعة بيلا ناتشورال بألوانها ذات الأبعاد الثلاثية الثقة الكاملة لتظهري بأروع إطلالة للمناسبات</p>', NULL, 'بيلا ناتشورال عدسة ملونة', NULL, NULL),
(205, '2019-09-18 18:43:10', '2019-09-18 18:50:17', NULL, 172, 1, 'Bella Contour - 2 lenses', '<p>Bella Contour features five gorgeous colors that you can wear everyday. The shades have a strong limbal ring to make your eyes stand out</p>', NULL, 'Bella Contour', NULL, NULL),
(206, '2019-09-18 18:43:10', '2019-09-18 18:50:17', NULL, 172, 2, 'بيلا كونتور - عبوة من عدستين', '<p>مجموعة بيلا كنتور بألوانها ال5 الرائعة العملية، تتيح لك فرصة الاستخدام بشكل يومي. و تلتف الانتباه للعينين بفضل حلقة القزحية المحددة بوضوح</p>', NULL, 'بيلا كونتور - عبوة من عدستين', NULL, NULL),
(207, '2019-09-18 19:12:18', '2019-09-18 19:15:42', NULL, 173, 1, 'Freshlook Mystic - 30 lenses', '<p>FreshLook One-Day Mystic color contact lenses are designed to enlarge your natural eye. The new colors have a smoother limbal ring to give a more natural look and the color patterns blend in with your eye color.</p>', NULL, 'Freshlook Mystic', NULL, NULL),
(208, '2019-09-18 19:12:18', '2019-09-18 19:15:42', NULL, 173, 2, 'فريش لوك ميستيك - عبوة من 30 عدسة', '<p>عدسات فريش لوك ون داي ميستيك اليومية، صممت لتكبير العينين. العدسات غير محددة مما يجعلها طبيعية جداً، خاصة مع النمط المستوحى من العينين الطبيعين</p>', NULL, 'فريش لوك ميستك 30 عدسة يومية', NULL, NULL),
(209, '2019-09-19 06:48:50', '2019-09-19 07:03:27', NULL, 174, 1, 'FreshLook Colorblends - 2 lenses', '<p>FreshLook Colorblends color contact lenses enhance your natural color for the bold and unique look you have always wanted.</p>', NULL, 'FreshLook Colorblends', NULL, NULL),
(210, '2019-09-19 06:48:50', '2019-09-19 07:03:27', NULL, 174, 2, 'فريش لوك  كولور بليند - عبوة من عدستين', '<p>فريش لوك كولور بليندز يضفي جمالاً على لون العينين الطبيعين ليعطي مظهراً جريء متميز</p>', NULL, 'فريش لوك  كولور بليند', NULL, NULL),
(213, '2019-09-20 09:12:12', '2019-09-20 09:22:01', NULL, 176, 1, '(FreshLook Colors  ( 2 lenses', '<p>FreshLook Colors color contact lenses enhance your natural color for the bold and unique look you have always wanted.</p>', NULL, 'FreshLook Colors', NULL, NULL),
(214, '2019-09-20 09:12:12', '2019-09-20 09:22:01', NULL, 176, 2, 'فريش لوك كولورز ( عبوة من عدستين)', '<p>فريش لوك كولور بليندز يضفي جمالاً على لون العينين الطبيعين ليعطي مظهراً جريء متميز</p>', NULL, 'فريش لوك كولورز من فريش لوك', NULL, NULL),
(215, '2019-09-20 09:33:14', '2019-09-20 09:38:52', NULL, 177, 1, '(FreshLook One-Day Colorblends (Pack of 30', '<p>FreshLook One-Day Colorblends color contact lenses offer you a wide range of unique looks - from subtle color enhancement to a noticeable change.</p>', NULL, 'FreshLook OneDay Colorblends', NULL, NULL),
(216, '2019-09-20 09:33:14', '2019-09-20 09:38:52', NULL, 177, 2, 'فريش لوك وان داي كولور بليندز  (عبوة من 30 عدسة)', '<p>ريش لوك وان داي كولور بليندز يضفي جمالاً على لون العينين الطبيعين ليعطي مظهراً هادىء و متميز</p>', NULL, 'فريش لوك وان داي كولور بليندز', NULL, NULL),
(223, '2019-09-21 13:40:09', '2019-09-21 13:40:09', NULL, 181, 1, 'ADEIDAS ZONYK AERO AD06', NULL, NULL, 'ADEIDAS ZONYK AERO AD06', NULL, NULL),
(224, '2019-09-21 13:40:09', '2019-09-21 13:40:09', NULL, 181, 2, 'ADEIDAS ZONYK AERO AD06', NULL, NULL, 'ADEIDAS ZONYK AERO AD06', NULL, NULL),
(225, '2019-09-22 04:53:24', '2019-09-22 04:53:24', NULL, 182, 1, 'CARRERA 207/SGold/brown', NULL, NULL, 'CARRERA 207/SGold/brown', NULL, NULL),
(226, '2019-09-22 04:53:24', '2019-09-22 04:53:24', NULL, 182, 2, 'كاريرا  /207/S/ ذهبى', NULL, NULL, 'نظارة كاريرا', NULL, NULL),
(227, '2019-09-22 05:27:19', '2019-09-22 05:27:19', NULL, 183, 1, 'SUN GLASSESS CARRERA 209/SGold', 'SUN GLASSESS CARRERA 209/SGold', NULL, 'CARRERA 209/SGold', NULL, NULL),
(228, '2019-09-22 05:27:19', '2019-09-22 05:27:19', NULL, 183, 2, 'نظارة شمسية كاريرا -209 -S -ذهبى', 'نظارة شمسية كاريرا -209 -S -ذهبى', NULL, 'كاريرا نظارة شمسية 209', NULL, NULL),
(229, '2019-09-22 05:38:24', '2019-09-22 05:38:24', NULL, 184, 1, 'SUN GLASSES CARRERA 1001/SMatte Black Red/grey', 'CARRERA 1001/SMatte Black Red/grey', NULL, 'SUN GLASSES CARRERA 1001/SMatte Black Red/grey', NULL, NULL),
(230, '2019-09-22 05:38:24', '2019-09-22 05:38:24', NULL, 184, 2, 'نظارة شمسية كاريرا -1001-S- معدن -اسود,احمر,رمادى', 'نظارة شمسية كاريرا -1001-S- معدن -اسود,احمر,رمادى', NULL, 'نظارة شمسية كاريرا -1001-S- معدن -اسود,احمر,رمادى', NULL, NULL),
(231, '2019-09-22 05:46:44', '2019-09-22 05:46:44', NULL, 185, 1, 'SUN GLASSES GucciGG0587SBlack/grey', 'GucciGG0587SBlack/grey', NULL, 'SUN GLASSES GucciGG0587SBlack/grey', NULL, NULL),
(232, '2019-09-22 05:46:44', '2019-09-22 05:46:44', NULL, 185, 2, 'نظارة شمسية غوتسى -GG0587S-اسود,رمادى', 'نظارة شمسية غوتسى -GG0587S-اسود,رمادى', NULL, 'نظارة شمسية غوتسى -GG0587S-اسود,رمادى', NULL, NULL),
(233, '2019-09-22 05:58:25', '2019-09-22 05:58:25', NULL, 186, 1, 'SUN GLASSES LacosteL683SDark Blue', 'LacosteL683SDark Blue Cobalt/smoke Shaded (424 R)', NULL, 'SUN GLASSES LacosteL683SDark Blue', NULL, NULL),
(234, '2019-09-22 05:58:25', '2019-09-22 05:58:25', NULL, 186, 2, 'نظارة شمسية لاكوست -L683-اخضر داكن', 'نظارة شمسية لاكوست -L683-اخضر داكن', NULL, 'نظارة شمسية لاكوست -L683-اخضر داكن', NULL, NULL),
(235, '2019-09-22 06:22:54', '2019-09-22 06:23:44', NULL, 187, 1, 'SUN GLASSES Ray-BanBLAZE HEXAGONAL RB 3579NBlack/blue', '<p>SUN GLASSES Ray-BanBLAZE HEXAGONAL RB 3579NBlack/blue</p>', NULL, 'SUN GLASSES Ray-BanBLAZE HEXAGONAL RB 3579NBlack/blue', NULL, NULL),
(236, '2019-09-22 06:22:54', '2019-09-22 06:23:44', NULL, 187, 2, 'نظارة شمسية راى بان-BLAZE HEXAGONAL -RB3579N', '<p>نظارة شمسية راى بان-BLAZE HEXAGONAL -RB3579N</p>', NULL, 'نظارة شمسية راى بان-BLAZE HEXAGONAL -RB3579N', NULL, NULL),
(237, '2019-09-22 06:32:55', '2019-09-22 06:32:55', NULL, 188, 1, 'SUN GLASSES Tommy HilfigerTH 1585/SPale  grey', 'Tommy HilfigerTH 1585/SPale Gold/grey (3YG/IR)', NULL, 'SUN GLASSES Tommy HilfigerTH 1585/SPale  grey', NULL, NULL),
(238, '2019-09-22 06:32:55', '2019-09-22 06:32:55', NULL, 188, 2, 'نظارة شمسية تومى -HT1585-SPALE -رمادى', 'نظارة شمسية تومى -HT1585-SPALE -رمادى', NULL, 'نظارة شمسية تومى -HT1585-SPALE -رمادى', NULL, NULL),
(239, '2019-09-22 06:38:20', '2019-09-22 06:45:14', NULL, 189, 1, 'SUN GLASSES Cartier CT0142SDark Havana/brown', '<p><a href=\"https://www.otticanet.com/en/sunglasses/cartier/\"><strong><em>Cartier</em></strong></a><strong><em> </em></strong><strong>CT0142S</strong><em>Dark Havana/brown Shaded (002 AC)</em></p>', NULL, 'SUN GLASSES Cartier CT0142SDark Havana/brown', NULL, NULL),
(240, '2019-09-22 06:38:20', '2019-09-22 06:45:14', NULL, 189, 2, 'نظارة شمسية كارتير -CT0142S- بنى غامق', '<p>نظارة شمسية كارتير -CT0142S- بنى غامق</p>', NULL, 'نظارة شمسية كارتير -CT0142S- بنى غامق', NULL, NULL),
(241, '2019-09-22 06:52:52', '2019-09-22 06:52:52', NULL, 190, 1, 'DiorSO STELLAIRE 2Dark Havana/blue SUN GLASSES', NULL, NULL, 'SUN GLASSES DiorSO STELLAIRE 2Dark Havana/blue', NULL, NULL),
(242, '2019-09-22 06:52:52', '2019-09-22 06:52:52', NULL, 190, 2, 'ديور -SO STELLAIRE -هافانا - نظارة شمسية', NULL, NULL, 'ديور -SO STELLAIRE -هافانا - نظارة شمسية', NULL, NULL),
(243, '2019-09-22 07:02:32', '2019-09-22 07:02:32', NULL, 191, 1, 'FendiF IS FENDI FF 0306/SHavana/grey SUN GLASSES', 'FENDI FF 0306/SHavana/grey (086/IR)', NULL, 'FendiF IS FENDI FF 0306/SHavana/grey SUN GLASSES', NULL, NULL),
(244, '2019-09-22 07:02:32', '2019-09-22 07:02:32', NULL, 191, 2, 'نظارة شمسية فيندى -FF0306-S -هافانا-جراى', 'نظارة شمسية فيندى -FF0306-S -هافانا-جراى', NULL, 'نظارة شمسية فيندى -FF0306-S -هافانا-جراى', NULL, NULL),
(245, '2019-09-22 07:09:19', '2019-09-22 07:09:19', NULL, 192, 1, 'Sunglasses Gucci GG0522SWhite/green', '(Gucci GG0522SWhite/green Shaded (005 XL', NULL, 'Sunglasses Gucci GG0522SWhite/green', NULL, NULL),
(246, '2019-09-22 07:09:19', '2019-09-22 07:09:19', NULL, 192, 2, 'غوتشى -GG0522S-ابيض-اخضر- نظارة شمسية', 'غوتشى -GG0522S-ابيض-اخضر- نظارة شمسية', NULL, 'غوتشى -GG0522S-ابيض-اخضر- نظارة شمسية', NULL, NULL),
(247, '2019-09-22 07:16:50', '2019-09-22 07:16:50', NULL, 193, 1, 'SUN GLASSES Tom FordJENNIFER FT 0008', 'Tom FordJENNIFER FT 0008', NULL, 'SUN GLASSES Tom FordJENNIFER FT 0008', NULL, NULL),
(248, '2019-09-22 07:16:50', '2019-09-22 07:16:50', NULL, 193, 2, 'نظارة شمسية -توم فورد - JENNIFER FT 0008', 'نظارة شمسية -توم فورد - JENNIFER FT 0008', NULL, 'نظارة شمسية -توم فورد - JENNIFER FT 0008', NULL, NULL),
(249, '2019-09-22 07:24:24', '2019-09-22 07:24:24', NULL, 195, 1, 'SUN GLASSES Carrera CARRERINO 10 JUNIOR', 'Carrera CARRERINO 10 JUNIOR', NULL, 'SUN GLASSES Carrera CARRERINO 10 JUNIOR', NULL, NULL),
(250, '2019-09-22 07:24:24', '2019-09-22 07:24:24', NULL, 195, 2, 'نظارة شمسية للاطفال -كاريرا -كارينو 10 جنيور', 'نظارة شمسية للاطفال -كاريرا -كارينو 10 جنيور', NULL, 'نظارة شمسية للاطفال -كاريرا -كارينو 10 جنيور', NULL, NULL),
(251, '2019-09-22 07:34:19', '2019-09-22 07:34:19', NULL, 196, 1, 'sun glasses  LacosteL3617S JUNIOR White', 'LacosteL3617S JUNIORGreen White/grey Green (315)', NULL, 'sun glasses  LacosteL3617S JUNIOR White', NULL, NULL),
(252, '2019-09-22 07:34:19', '2019-09-22 07:34:19', NULL, 196, 2, 'نظارة شمسية اطفال  لاكوست -3617S-جونيور ابيض', 'نظارة شمسية اطفال  لاكوست -3617S-جونيور ابيض', NULL, 'نظارة شمسية اطفال  لاكوست -3617S-جونيور ابيض', NULL, NULL),
(253, '2019-09-22 07:42:27', '2019-09-22 07:42:27', NULL, 197, 1, 'SUN GLASSES Ray-Ban JUNIOR RB 9068S', 'Ray-Ban JUNIOR RB 9068SFuchsia/grey Shaded (7056/8G)', NULL, 'SUN GLASSES Ray-Ban JUNIOR RB 9068S', NULL, NULL),
(254, '2019-09-22 07:42:27', '2019-09-22 07:42:27', NULL, 197, 2, 'نظارة شمسية اطفال راى بان -جونيور -RB9068S', 'نظارة شمسية اطفال راى بان -جونيور -RB9068S', NULL, 'نظارة شمسية اطفال راى بان -جونيور -RB9068S', NULL, NULL),
(255, '2019-09-22 08:19:21', '2019-09-24 05:58:31', NULL, 198, 1, 'GLASSES GucciGG0578OKBlack Gold', '<p>GucciGG0578OKBlack Gold</p>', NULL, 'GLASSES GucciGG0578OKBlack Gold', NULL, NULL),
(256, '2019-09-22 08:19:21', '2019-09-24 05:58:31', NULL, 198, 2, 'نظارة غوتشى -GG05780-HS-اسود ,ذهبى', '<p>نظارة غوتشى -GG05780-HS-اسود ,ذهبى</p>', NULL, 'نظارة غوتشى -GG05780-HS-اسود ,ذهبى', NULL, NULL),
(257, '2019-09-22 08:29:08', '2019-09-24 05:58:58', NULL, 199, 1, 'GLASSES Tom FordFT 5608-B BLUE BLOCK', '<p>Tom FordFT 5608-B BLUE BLOCK</p>', NULL, 'GLASSES Tom FordFT 5608-B BLUE BLOCK', NULL, NULL),
(258, '2019-09-22 08:29:08', '2019-09-24 05:58:58', NULL, 199, 2, 'نظارة توم فورد -T5608-B- بلو بلاك', '<p>نظارة توم فورد -T5608-B- بلو بلاك</p>', NULL, 'نظارة توم فورد -T5608-B- بلو بلاك', NULL, NULL),
(259, '2019-09-22 08:35:57', '2019-09-22 08:36:31', NULL, 200, 1, 'DIOR CD 3FBlack GLASSES', '<p>DIOR CD 3FBlack GLASSES</p>', NULL, 'DIOR CD 3FBlack GLASSES', NULL, NULL),
(260, '2019-09-22 08:35:57', '2019-09-22 08:36:31', NULL, 200, 2, 'نظارة ديور -CD3F -اسود', '<p>نظارة ديور -CD3F -اسود</p>', NULL, 'نظارة ديور -CD3F -اسود', NULL, NULL),
(261, '2019-09-22 08:44:13', '2019-09-24 05:59:39', NULL, 201, 1, 'FendiTROPICAL SHINE FF 0334 GLASSES', '<p>FendiTROPICAL SHINE FF 0334 GLASSES</p>', NULL, 'FendiTROPICAL SHINE FF 0334 GLASSES', NULL, NULL),
(262, '2019-09-22 08:44:13', '2019-09-24 05:59:39', NULL, 201, 2, 'نظارة فيندى -تروبيكال شينى-FF0334', '<p>نظارة فيندى -تروبيكال شينى-FF0334</p>', NULL, 'نظارة فيندى -تروبيكال شينى-FF0334', NULL, NULL),
(263, '2019-09-22 08:51:17', '2019-09-24 06:00:10', NULL, 202, 1, 'Baby glasses LacosteL3620 JUNIORMatte Pink', '<p>(LacosteL3620 JUNIORMatte Pink (526 C</p>', NULL, 'Baby glasses LacosteL3620 JUNIORMatte Pink', NULL, NULL),
(264, '2019-09-22 08:51:17', '2019-09-24 06:00:10', NULL, 202, 2, 'نظارة اطفال لاكوست جنيور معدن', '<p>نظارة اطفال لاكوست جنيور معدن اللون بينك</p>', NULL, 'نظارة اطفال لاكوست جنيور معدن', NULL, NULL),
(265, '2019-09-22 08:56:37', '2019-09-22 08:58:37', NULL, 203, 1, 'Baby glasses PumaPJ0019O JUNIORBlue', '<p>PumaPJ0019O JUNIORBlue</p>', NULL, 'Baby glasses PumaPJ0019O JUNIORBlue', NULL, NULL),
(266, '2019-09-22 08:56:37', '2019-09-22 08:58:37', NULL, 203, 2, 'نظارة اطفال بوما جونيور بلو -P190', '<p>نظارة اطفال بوما جونيور بلو -P190</p>', NULL, 'نظارة اطفال بوما جونيور بلو -P190', NULL, NULL),
(267, '2019-10-17 03:00:35', '2019-10-17 03:00:35', NULL, 206, 1, 'dcdssd', NULL, NULL, 'sdaas', NULL, NULL),
(268, '2019-10-17 03:00:35', '2019-10-17 03:00:35', NULL, 206, 2, 'asdasdasd', NULL, NULL, 'asdasdasdas', NULL, NULL),
(269, '2019-10-17 03:00:55', '2019-10-17 03:00:55', NULL, 207, 1, 'dcdssd', NULL, NULL, 'sdaas', NULL, NULL),
(270, '2019-10-17 03:00:55', '2019-10-17 03:00:55', NULL, 207, 2, 'asdasdasd', NULL, NULL, 'asdasdasdas', NULL, NULL),
(271, '2019-10-17 03:02:20', '2019-10-17 03:02:20', NULL, 208, 1, 'dcdssd', NULL, NULL, 'sdaas', NULL, NULL),
(272, '2019-10-17 03:02:20', '2019-10-17 03:02:20', NULL, 208, 2, 'جديد جديد', NULL, NULL, 'asdasdasdas', NULL, NULL),
(273, '2019-10-17 03:02:53', '2019-10-17 03:02:53', NULL, 209, 1, 'dcdssd', NULL, NULL, 'sdaas', NULL, NULL),
(274, '2019-10-17 03:02:53', '2019-10-17 03:02:53', NULL, 209, 2, 'asdasdasd', NULL, NULL, 'asdasdasdas', NULL, NULL),
(275, '2019-10-17 23:21:19', '2019-10-17 23:21:19', NULL, 210, 1, 'qweqwe', 'asdasdasd', NULL, 'qweqweqw', 'sadasdas', 'asdasd'),
(276, '2019-10-17 23:21:19', '2019-10-17 23:21:19', NULL, 210, 2, 'qweqw', 'asdasdasd', NULL, 'qweqwewqe', 'asdasd', 'asdasdasdaasd'),
(277, '2019-10-17 23:22:03', '2019-10-17 23:22:03', NULL, 211, 1, 'qweqwe', 'asdasdasd', NULL, 'qweqweqw', 'sadasdas', 'asdasd'),
(278, '2019-10-17 23:22:03', '2019-10-17 23:22:03', NULL, 211, 2, 'qweqw', 'asdasdasd', NULL, 'qweqwewqe', 'asdasd', 'asdasdasdaasd'),
(279, '2019-10-18 03:37:12', '2019-10-18 03:37:12', NULL, 212, 1, 'سشيش', 'يلاي', NULL, 'سيشسي', 'ايايبلا', NULL),
(280, '2019-10-18 03:37:12', '2019-10-18 03:37:12', NULL, 212, 2, 'يشسي', 'يبلايبا', NULL, 'سيشيشسيشسيسشيش', 'ابلابيابلايلل', NULL),
(281, '2019-10-18 06:29:42', '2019-10-18 06:37:25', NULL, 213, 1, 'cdfsdfsd', '<p>غعفهعغلئ</p>', NULL, 'sdfsdfsdf', 'قلفقثل', NULL),
(282, '2019-10-18 06:29:42', '2019-10-18 06:37:25', NULL, 213, 2, 'ٍ]ببيسبس', '<p>gfhfg</p>', NULL, 'يسبسيبيس', 'fhggfhfghfghfg', NULL);

-- --------------------------------------------------------

--
-- Table structure for table `product_discounts`
--

CREATE TABLE `product_discounts` (
  `id` int(10) UNSIGNED NOT NULL,
  `created_at` timestamp NULL DEFAULT NULL,
  `updated_at` timestamp NULL DEFAULT NULL,
  `deleted_at` timestamp NULL DEFAULT NULL,
  `product_id` int(10) UNSIGNED NOT NULL,
  `price` float NOT NULL,
  `date_start` date DEFAULT NULL,
  `date_end` date DEFAULT NULL,
  `priority` int(11) NOT NULL
) ENGINE=InnoDB DEFAULT CHARSET=utf8mb4 COLLATE=utf8mb4_unicode_ci;

-- --------------------------------------------------------

--
-- Table structure for table `product_images`
--

CREATE TABLE `product_images` (
  `id` int(10) UNSIGNED NOT NULL,
  `created_at` timestamp NULL DEFAULT NULL,
  `updated_at` timestamp NULL DEFAULT NULL,
  `deleted_at` timestamp NULL DEFAULT NULL,
  `product_id` int(10) UNSIGNED NOT NULL,
  `image` varchar(255) COLLATE utf8mb4_unicode_ci NOT NULL,
  `sort_order` int(11) NOT NULL DEFAULT 0
) ENGINE=InnoDB DEFAULT CHARSET=utf8mb4 COLLATE=utf8mb4_unicode_ci;

--
-- Dumping data for table `product_images`
--

INSERT INTO `product_images` (`id`, `created_at`, `updated_at`, `deleted_at`, `product_id`, `image`, `sort_order`) VALUES
(63, '2019-09-16 18:14:54', '2019-09-16 18:14:54', NULL, 145, '8bf7b701be9d55eb4e1392eed8073d44.jpg', 1),
(64, '2019-09-16 18:14:54', '2019-09-16 18:14:54', NULL, 145, '82cf54a2863767c38cfc6ab298a9961a.jpg', 2),
(65, '2019-09-16 18:14:54', '2019-09-16 18:14:54', NULL, 145, '180885b392ada5a029e081961eac9538.jpg', 3),
(66, '2019-09-16 18:50:10', '2019-09-16 18:50:10', NULL, 146, '3a6de5c74c3108b5dd2a5b6b6b5ba550.jpg', 1),
(67, '2019-09-16 18:50:10', '2019-09-16 18:50:10', NULL, 146, '6ca657399ed7bfb7c9e0ae3977e68c72.jpg', 2),
(68, '2019-09-17 06:02:06', '2019-09-17 06:02:06', NULL, 151, '4caf6149a38d5bce1815aa5b455f765f.jpg', 2),
(69, '2019-09-17 06:02:06', '2019-09-17 06:02:06', NULL, 151, '125f25991947051e22c6fd4cf67c17b2.jpg', 3),
(70, '2019-09-17 06:02:06', '2019-09-17 06:02:06', NULL, 151, '1b2a12333d99f7ae565df2d0b3e68271.jpg', 4),
(71, '2019-09-17 06:04:56', '2019-09-17 06:04:56', NULL, 149, '01ede81d761cd98ead326ee0e44470eb.png', 2),
(72, '2019-09-17 06:04:56', '2019-09-17 06:04:56', NULL, 149, '53fb48c42f9e279d9a5c5df64ad8da1c.jpg', 3),
(73, '2019-09-17 06:12:12', '2019-09-17 06:12:12', NULL, 147, '34a87623aa520a915a166fd774340664.jpg', 2),
(74, '2019-09-17 06:12:12', '2019-09-17 06:12:12', NULL, 147, '61dcc63a166db0422dd186e1a9b97f2e.jpg', 3),
(75, '2019-09-17 06:24:37', '2019-09-17 06:24:37', NULL, 144, 'fa1c0edf101c6c2f084deb008dbfb6b9.jpg', 2),
(76, '2019-09-17 06:24:37', '2019-09-17 06:24:37', NULL, 144, 'dbe8a96662e58e02b732ef2622b77f01.jpg', 3),
(77, '2019-09-17 06:24:37', '2019-09-17 06:24:37', NULL, 144, '46977a1d2a282847866f9c7f4afb010c.jpg', 4),
(78, '2019-09-17 06:24:37', '2019-09-17 06:24:37', NULL, 144, '5664fdf7ea59778e6239e8f4c8bfb565.jpg', 5),
(79, '2019-09-17 06:37:33', '2019-09-17 06:37:33', NULL, 143, '441830421a8979eb1aebf8db6d835d41.jpg', 2),
(80, '2019-09-17 06:37:33', '2019-09-17 06:37:33', NULL, 143, 'e78cd8c7a06b29d46920bfe68f3dbcab.jpg', 3),
(81, '2019-09-17 06:37:33', '2019-09-17 06:37:33', NULL, 143, 'c7bdf830cac0c1016d8e7827edb57fe1.jpg', 4),
(82, '2019-09-22 04:53:24', '2019-09-22 04:53:24', NULL, 182, '1beccf71692d76c1db1333f25eda7c1c.jpg', 1),
(83, '2019-09-22 04:53:24', '2019-09-22 04:53:24', NULL, 182, '8a8ae3bc7b94d2f9aeb30881626b67ea.jpg', 2),
(84, '2019-09-22 04:53:24', '2019-09-22 04:53:24', NULL, 182, 'e5ce88ce5c063cf26126dc47125964ee.jpg', 3),
(85, '2019-09-22 05:27:19', '2019-09-22 05:27:19', NULL, 183, '5b1a658fc773e4aed79360fb1432e67a.jpg', 1),
(86, '2019-09-22 05:27:19', '2019-09-22 05:27:19', NULL, 183, '8e9df6a9ec3e95ce2e37109dec8f0af6.jpg', 2),
(87, '2019-09-22 05:27:19', '2019-09-22 05:27:19', NULL, 183, 'a6c82a7ecfe2ed50b2d2b7450fcc8915.jpg', 3),
(88, '2019-09-22 07:42:27', '2019-09-22 07:42:27', NULL, 197, '7fcdacd881b7fcfc51b85308d187d50d.jpg', 1),
(89, '2019-09-22 08:36:31', '2019-09-22 08:36:31', NULL, 200, '3b602d2995f9ec7fd88f6892d2f62304.jpg', 2),
(90, '2019-09-22 08:36:31', '2019-09-22 08:36:31', NULL, 200, '7ce21ce8a4ec23fe153a982783b355f1.jpg', 3);

-- --------------------------------------------------------

--
-- Table structure for table `product_options`
--

CREATE TABLE `product_options` (
  `id` int(10) UNSIGNED NOT NULL,
  `created_at` timestamp NULL DEFAULT NULL,
  `updated_at` timestamp NULL DEFAULT NULL,
  `deleted_at` timestamp NULL DEFAULT NULL,
  `product_id` int(10) UNSIGNED NOT NULL,
  `option_id` int(11) NOT NULL,
  `value` varchar(255) COLLATE utf8mb4_unicode_ci DEFAULT NULL COMMENT 'for options like buttons, tetboxes,textareas',
  `required` int(11) NOT NULL DEFAULT 0 COMMENT '1 = yes, 0 = no. Required field'
) ENGINE=InnoDB DEFAULT CHARSET=utf8mb4 COLLATE=utf8mb4_unicode_ci;

-- --------------------------------------------------------

--
-- Table structure for table `product_option_parents`
--

CREATE TABLE `product_option_parents` (
  `id` int(11) NOT NULL,
  `product_id` int(10) UNSIGNED NOT NULL,
  `product_option_id` int(10) UNSIGNED NOT NULL,
  `parent_option_id` int(10) UNSIGNED NOT NULL COMMENT 'parent from product_options table',
  `created_at` timestamp NULL DEFAULT NULL,
  `updated_at` timestamp NULL DEFAULT NULL,
  `deleted_at` timestamp NULL DEFAULT NULL
) ENGINE=InnoDB DEFAULT CHARSET=utf8;

-- --------------------------------------------------------

--
-- Table structure for table `product_option_parent_values`
--

CREATE TABLE `product_option_parent_values` (
  `id` int(11) NOT NULL,
  `product_option_parent_id` int(11) NOT NULL,
  `product_option_value_id` int(10) UNSIGNED NOT NULL,
  `created_at` timestamp NULL DEFAULT NULL,
  `updated_at` timestamp NULL DEFAULT NULL,
  `deleted_at` timestamp NULL DEFAULT NULL
) ENGINE=InnoDB DEFAULT CHARSET=utf8;

-- --------------------------------------------------------

--
-- Table structure for table `product_price`
--

CREATE TABLE `product_price` (
  `id` int(10) NOT NULL,
  `country_id` int(10) UNSIGNED DEFAULT NULL,
  `product_id` int(10) UNSIGNED DEFAULT NULL,
  `created_at` timestamp NULL DEFAULT NULL,
  `updated_at` timestamp NULL DEFAULT NULL,
  `deleted_at` timestamp NULL DEFAULT NULL,
  `quantity` int(11) NOT NULL DEFAULT 1,
  `price` float NOT NULL DEFAULT 0,
  `tax_rate` float DEFAULT NULL,
  `tax_type` int(11) NOT NULL DEFAULT 0 COMMENT '1 = percentage, 2 = fixed amount',
  `stock_status_id` int(11) NOT NULL DEFAULT 0,
  `minimum_order_amount` int(11) NOT NULL DEFAULT 1,
  `subtract_stock` int(11) NOT NULL DEFAULT 1 COMMENT '1 = yes, 0 = no',
  `size` smallint(6) NOT NULL,
  `discount` int(11) DEFAULT NULL
) ENGINE=InnoDB DEFAULT CHARSET=utf8;

--
-- Dumping data for table `product_price`
--

INSERT INTO `product_price` (`id`, `country_id`, `product_id`, `created_at`, `updated_at`, `deleted_at`, `quantity`, `price`, `tax_rate`, `tax_type`, `stock_status_id`, `minimum_order_amount`, `subtract_stock`, `size`, `discount`) VALUES
(328, 2, 124, '2019-09-15 10:59:14', '2019-09-15 10:59:14', NULL, 1, 150, NULL, 1, 0, 1, 1, 30, 50),
(329, 2, 124, '2019-09-15 10:59:14', '2019-09-15 10:59:14', NULL, 1, 500, NULL, 1, 0, 1, 1, 90, 50),
(338, 2, 131, '2019-09-16 07:40:57', '2019-09-16 07:40:57', NULL, 1, 150, NULL, 1, 0, 1, 1, 0, NULL),
(339, 2, 132, '2019-09-16 07:43:07', '2019-09-16 07:43:07', NULL, 1, 150, NULL, 1, 0, 1, 1, 0, NULL),
(344, 2, 135, '2019-09-16 08:07:32', '2019-09-16 08:07:32', NULL, 1, 150, NULL, 1, 0, 1, 1, 0, NULL),
(377, 2, 142, '2019-09-16 17:27:38', '2019-09-16 17:27:38', NULL, 1, 160, NULL, 1, 0, 1, 1, 0, NULL),
(378, 6, 142, '2019-09-16 17:27:38', '2019-09-16 17:27:38', NULL, 1, 550, NULL, 1, 0, 1, 1, 0, NULL),
(379, 8, 142, '2019-09-16 17:27:38', '2019-09-16 17:27:38', NULL, 1, 16, NULL, 1, 0, 1, 1, 0, NULL),
(398, 2, 148, '2019-09-16 19:22:57', '2019-09-16 19:22:57', NULL, 1, 190, NULL, 1, 0, 1, 1, 30, NULL),
(399, 2, 139, '2019-09-16 19:30:26', '2019-09-16 19:30:26', NULL, 1, 169, NULL, 1, 0, 1, 1, 30, NULL),
(401, 2, 150, '2019-09-16 20:16:38', '2019-09-16 20:16:38', NULL, 1, 200, NULL, 1, 0, 1, 1, 0, NULL),
(403, 2, 152, '2019-09-17 05:43:29', '2019-09-17 05:43:29', NULL, 1, 125, NULL, 1, 0, 1, 1, 6, NULL),
(404, 6, 152, '2019-09-17 05:43:29', '2019-09-17 05:43:29', NULL, 1, 125, NULL, 1, 0, 1, 1, 6, NULL),
(405, 2, 151, '2019-09-17 06:02:06', '2019-09-17 06:02:06', NULL, 1, 200, NULL, 1, 0, 1, 1, 30, NULL),
(406, 2, 149, '2019-09-17 06:04:56', '2019-09-17 06:04:56', NULL, 1, 200, NULL, 1, 0, 1, 1, 30, NULL),
(407, 2, 147, '2019-09-17 06:12:11', '2019-09-17 06:12:11', NULL, 1, 210, NULL, 1, 0, 1, 1, 0, NULL),
(408, 6, 147, '2019-09-17 06:12:11', '2019-09-17 06:12:11', NULL, 1, 1000, NULL, 1, 0, 1, 1, 0, NULL),
(409, 2, 144, '2019-09-17 06:24:37', '2019-09-17 06:24:37', NULL, 1, 220, NULL, 1, 0, 1, 1, 30, NULL),
(410, 2, 144, '2019-09-17 06:24:37', '2019-09-17 06:24:37', NULL, 1, 550, NULL, 1, 0, 1, 1, 90, NULL),
(411, 6, 144, '2019-09-17 06:24:37', '2019-09-17 06:24:37', NULL, 1, 1000, NULL, 1, 0, 1, 1, 30, NULL),
(412, 6, 144, '2019-09-17 06:24:37', '2019-09-17 06:24:37', NULL, 1, 3000, NULL, 1, 0, 1, 1, 90, NULL),
(413, 8, 144, '2019-09-17 06:24:37', '2019-09-17 06:24:37', NULL, 1, 18, NULL, 1, 0, 1, 1, 30, NULL),
(414, 8, 144, '2019-09-17 06:24:37', '2019-09-17 06:24:37', NULL, 1, 55, NULL, 1, 0, 1, 1, 90, NULL),
(415, 2, 145, '2019-09-17 06:25:57', '2019-09-17 06:25:57', NULL, 1, 135, NULL, 1, 0, 1, 1, 30, NULL),
(416, 2, 145, '2019-09-17 06:25:57', '2019-09-17 06:25:57', NULL, 1, 330, NULL, 1, 0, 1, 1, 90, NULL),
(417, 6, 145, '2019-09-17 06:25:57', '2019-09-17 06:25:57', NULL, 1, 540, NULL, 1, 0, 1, 1, 30, NULL),
(418, 6, 145, '2019-09-17 06:25:57', '2019-09-17 06:25:57', NULL, 1, 1800, NULL, 1, 0, 1, 1, 90, NULL),
(419, 8, 145, '2019-09-17 06:25:57', '2019-09-17 06:25:57', NULL, 1, 17, NULL, 1, 0, 1, 1, 30, NULL),
(420, 8, 145, '2019-09-17 06:25:57', '2019-09-17 06:25:57', NULL, 1, 45, NULL, 1, 0, 1, 1, 90, NULL),
(424, 2, 141, '2019-09-17 06:52:57', '2019-09-17 06:52:57', NULL, 1, 200, NULL, 1, 0, 1, 1, 30, NULL),
(425, 2, 141, '2019-09-17 06:52:57', '2019-09-17 06:52:57', NULL, 1, 500, NULL, 1, 0, 1, 1, 90, NULL),
(426, 2, 146, '2019-09-17 06:54:27', '2019-09-17 06:54:27', NULL, 1, 240, NULL, 1, 0, 1, 1, 0, NULL),
(430, 2, 153, '2019-09-17 08:52:29', '2019-09-17 08:52:29', NULL, 1, 330, NULL, 1, 0, 1, 1, 0, 30),
(432, 2, 154, '2019-09-17 09:12:38', '2019-09-17 09:12:38', NULL, 1, 330, NULL, 1, 0, 1, 1, 0, NULL),
(437, 2, 155, '2019-09-17 09:50:08', '2019-09-17 09:50:08', NULL, 1, 320, NULL, 1, 0, 1, 1, 0, NULL),
(441, 2, 156, '2019-09-17 10:15:29', '2019-09-17 10:15:29', NULL, 1, 180, NULL, 1, 0, 1, 1, 0, NULL),
(446, 2, 157, '2019-09-17 17:51:38', '2019-09-17 17:51:38', NULL, 1, 175, NULL, 1, 0, 1, 1, 0, NULL),
(457, 2, 160, '2019-09-18 04:49:02', '2019-09-18 04:49:02', NULL, 1, 175, NULL, 1, 0, 1, 1, 0, NULL),
(463, 2, 161, '2019-09-18 05:50:07', '2019-09-18 05:50:07', NULL, 1, 175, NULL, 1, 0, 1, 1, 0, NULL),
(466, 2, 162, '2019-09-18 06:16:47', '2019-09-18 06:16:47', NULL, 1, 150, NULL, 1, 0, 1, 1, 0, NULL),
(474, 2, 164, '2019-09-18 07:50:20', '2019-09-18 07:50:20', NULL, 1, 150, NULL, 1, 0, 1, 1, 0, NULL),
(481, 2, 165, '2019-09-18 08:43:55', '2019-09-18 08:43:55', NULL, 1, 150, NULL, 1, 0, 1, 1, 0, NULL),
(482, 6, 165, '2019-09-18 08:43:55', '2019-09-18 08:43:55', NULL, 1, 650, NULL, 1, 0, 1, 1, 0, NULL),
(485, 2, 166, '2019-09-18 08:59:08', '2019-09-18 08:59:08', NULL, 1, 125, NULL, 1, 0, 1, 1, 0, NULL),
(491, 2, 169, '2019-09-18 09:52:17', '2019-09-18 09:52:17', NULL, 1, 130, NULL, 1, 0, 1, 1, 0, NULL),
(494, 2, 170, '2019-09-18 10:24:29', '2019-09-18 10:24:29', NULL, 1, 160, NULL, 1, 0, 1, 1, 0, NULL),
(496, 2, 171, '2019-09-18 18:27:58', '2019-09-18 18:27:58', NULL, 1, 130, NULL, 1, 0, 1, 1, 0, NULL),
(497, 2, 167, '2019-09-18 18:29:44', '2019-09-18 18:29:44', NULL, 1, 140, NULL, 1, 0, 1, 1, 0, NULL),
(499, 2, 172, '2019-09-18 18:50:17', '2019-09-18 18:50:17', NULL, 1, 130, NULL, 1, 0, 1, 1, 0, NULL),
(501, 2, 173, '2019-09-18 19:15:42', '2019-09-18 19:15:42', NULL, 1, 215, NULL, 1, 0, 1, 1, 0, NULL),
(504, 2, 174, '2019-09-19 07:03:27', '2019-09-19 07:03:27', NULL, 1, 140, NULL, 1, 0, 1, 1, 0, NULL),
(509, 2, 176, '2019-09-20 09:22:01', '2019-09-20 09:22:01', NULL, 1, 130, NULL, 1, 0, 1, 1, 0, NULL),
(510, 6, 176, '2019-09-20 09:22:01', '2019-09-20 09:22:01', NULL, 1, 540, NULL, 1, 0, 1, 1, 0, NULL),
(513, 2, 177, '2019-09-20 09:41:02', '2019-09-20 09:41:02', NULL, 1, 210, NULL, 1, 0, 1, 1, 0, NULL),
(523, 2, 181, '2019-09-21 13:40:09', '2019-09-21 13:40:09', NULL, 1, 600, NULL, 1, 0, 1, 1, 0, NULL),
(524, 8, 181, '2019-09-21 13:40:09', '2019-09-21 13:40:09', NULL, 1, 20, NULL, 1, 0, 1, 1, 0, NULL),
(525, 6, 181, '2019-09-21 13:40:09', '2019-09-21 13:40:09', NULL, 1, 3000, NULL, 1, 0, 1, 1, 0, NULL),
(526, 2, 182, '2019-09-22 04:53:24', '2019-09-22 04:53:24', NULL, 1, 420, NULL, 1, 0, 1, 1, 0, NULL),
(527, 6, 182, '2019-09-22 04:53:24', '2019-09-22 04:53:24', NULL, 1, 900, NULL, 1, 0, 1, 1, 0, NULL),
(528, 8, 182, '2019-09-22 04:53:24', '2019-09-22 04:53:24', NULL, 1, 18, NULL, 1, 0, 1, 1, 0, NULL),
(529, 2, 183, '2019-09-22 05:27:19', '2019-09-22 05:27:19', NULL, 1, 423, NULL, 1, 0, 1, 1, 0, NULL),
(530, 6, 183, '2019-09-22 05:27:19', '2019-09-22 05:27:19', NULL, 1, 1840, NULL, 1, 0, 1, 1, 0, NULL),
(531, 2, 183, '2019-09-22 05:27:19', '2019-09-22 05:27:19', NULL, 1, 30, NULL, 1, 0, 1, 1, 0, NULL),
(532, 2, 184, '2019-09-22 05:38:24', '2019-09-22 05:38:24', NULL, 1, 375, NULL, 1, 0, 1, 1, 0, NULL),
(533, 6, 184, '2019-09-22 05:38:24', '2019-09-22 05:38:24', NULL, 1, 1800, NULL, 1, 0, 1, 1, 0, NULL),
(534, 8, 184, '2019-09-22 05:38:24', '2019-09-22 05:38:24', NULL, 1, 15, NULL, 1, 0, 1, 1, 0, NULL),
(535, 2, 185, '2019-09-22 05:46:44', '2019-09-22 05:46:44', NULL, 1, 1100, NULL, 1, 0, 1, 1, 0, NULL),
(536, 6, 185, '2019-09-22 05:46:44', '2019-09-22 05:46:44', NULL, 1, 5000, NULL, 1, 0, 1, 1, 0, NULL),
(537, 8, 185, '2019-09-22 05:46:44', '2019-09-22 05:46:44', NULL, 1, 90, NULL, 1, 0, 1, 1, 0, NULL),
(538, 2, 186, '2019-09-22 05:58:25', '2019-09-22 05:58:25', NULL, 1, 380, NULL, 1, 0, 1, 1, 0, NULL),
(539, 6, 186, '2019-09-22 05:58:25', '2019-09-22 05:58:25', NULL, 1, 1500, NULL, 1, 0, 1, 1, 0, NULL),
(540, 8, 186, '2019-09-22 05:58:25', '2019-09-22 05:58:25', NULL, 1, 30, NULL, 1, 0, 1, 1, 0, 1),
(544, 2, 187, '2019-09-22 06:23:44', '2019-09-22 06:23:44', NULL, 1, 540, NULL, 1, 0, 1, 1, 0, NULL),
(545, 6, 187, '2019-09-22 06:23:44', '2019-09-22 06:23:44', NULL, 1, 2000, NULL, 1, 0, 1, 1, 0, NULL),
(546, 8, 187, '2019-09-22 06:23:44', '2019-09-22 06:23:44', NULL, 1, 40, NULL, 1, 0, 1, 1, 0, NULL),
(547, 2, 188, '2019-09-22 06:32:55', '2019-09-22 06:32:55', NULL, 1, 375, NULL, 1, 0, 1, 1, 0, NULL),
(548, 6, 188, '2019-09-22 06:32:55', '2019-09-22 06:32:55', NULL, 1, 1200, NULL, 1, 0, 1, 1, 0, NULL),
(549, 8, 188, '2019-09-22 06:32:55', '2019-09-22 06:32:55', NULL, 1, 20, NULL, 1, 0, 1, 1, 0, NULL),
(553, 2, 189, '2019-09-22 06:45:14', '2019-09-22 06:45:14', NULL, 1, 2000, NULL, 1, 0, 1, 1, 0, 1000),
(554, 6, 189, '2019-09-22 06:45:14', '2019-09-22 06:45:14', NULL, 1, 8000, NULL, 1, 0, 1, 1, 0, 4000),
(555, 8, 189, '2019-09-22 06:45:14', '2019-09-22 06:45:14', NULL, 1, 200, NULL, 1, 0, 1, 1, 0, 100),
(559, 2, 190, '2019-09-22 06:55:18', '2019-09-22 06:55:18', NULL, 1, 2000, NULL, 1, 0, 1, 1, 0, 1000),
(560, 6, 190, '2019-09-22 06:55:18', '2019-09-22 06:55:18', NULL, 1, 2000, NULL, 1, 0, 1, 1, 0, 1000),
(561, 8, 190, '2019-09-22 06:55:18', '2019-09-22 06:55:18', NULL, 1, 2000, NULL, 1, 0, 1, 1, 0, 1000),
(562, 2, 191, '2019-09-22 07:02:32', '2019-09-22 07:02:32', NULL, 1, 500, NULL, 1, 0, 1, 1, 0, NULL),
(563, 6, 191, '2019-09-22 07:02:32', '2019-09-22 07:02:32', NULL, 1, 2000, NULL, 1, 0, 1, 1, 0, NULL),
(564, 8, 191, '2019-09-22 07:02:32', '2019-09-22 07:02:32', NULL, 1, 30, NULL, 1, 0, 1, 1, 0, NULL),
(565, 2, 192, '2019-09-22 07:09:19', '2019-09-22 07:09:19', NULL, 1, 500, NULL, 1, 0, 1, 1, 0, NULL),
(566, 6, 192, '2019-09-22 07:09:19', '2019-09-22 07:09:19', NULL, 1, 500, NULL, 1, 0, 1, 1, 0, NULL),
(567, 8, 192, '2019-09-22 07:09:19', '2019-09-22 07:09:19', NULL, 1, 100, NULL, 1, 0, 1, 1, 0, 10),
(568, 2, 193, '2019-09-22 07:16:50', '2019-09-22 07:16:50', NULL, 1, 400, NULL, 1, 0, 1, 1, 0, 100),
(569, 2, 193, '2019-09-22 07:16:50', '2019-09-22 07:16:50', NULL, 1, 3000, NULL, 1, 0, 1, 1, 0, 100),
(570, 2, 193, '2019-09-22 07:16:50', '2019-09-22 07:16:50', NULL, 1, 100, NULL, 1, 0, 1, 1, 0, 100),
(571, 6, 194, '2019-09-22 07:23:51', '2019-09-22 07:23:51', NULL, 1, 200, NULL, 1, 0, 1, 1, 0, NULL),
(572, 6, 195, '2019-09-22 07:24:24', '2019-09-22 07:24:24', NULL, 1, 200, NULL, 1, 0, 1, 1, 0, NULL),
(573, 2, 196, '2019-09-22 07:34:19', '2019-09-22 07:34:19', NULL, 1, 70, NULL, 1, 0, 1, 1, 0, NULL),
(574, 6, 196, '2019-09-22 07:34:19', '2019-09-22 07:34:19', NULL, 1, 70, NULL, 1, 0, 1, 1, 0, NULL),
(575, 8, 196, '2019-09-22 07:34:19', '2019-09-22 07:34:19', NULL, 1, 70, NULL, 1, 0, 1, 1, 0, NULL),
(576, 2, 197, '2019-09-22 07:42:27', '2019-09-22 07:42:27', NULL, 1, 100, NULL, 1, 0, 1, 1, 0, NULL),
(577, 6, 197, '2019-09-22 07:42:27', '2019-09-22 07:42:27', NULL, 1, 100, NULL, 1, 0, 1, 1, 0, NULL),
(578, 8, 197, '2019-09-22 07:42:27', '2019-09-22 07:42:27', NULL, 1, 10, NULL, 1, 0, 1, 1, 0, NULL),
(610, 2, 198, '2019-09-24 05:58:31', '2019-09-24 05:58:31', NULL, 1, 1000, NULL, 1, 0, 1, 1, 0, NULL),
(611, 6, 198, '2019-09-24 05:58:31', '2019-09-24 05:58:31', NULL, 1, 1000, NULL, 1, 0, 1, 1, 0, NULL),
(612, 8, 198, '2019-09-24 05:58:31', '2019-09-24 05:58:31', NULL, 1, 1000, NULL, 1, 0, 1, 1, 0, NULL),
(613, 2, 199, '2019-09-24 05:58:58', '2019-09-24 05:58:58', NULL, 1, 200, NULL, 1, 0, 1, 1, 0, NULL),
(614, 6, 199, '2019-09-24 05:58:58', '2019-09-24 05:58:58', NULL, 1, 300, NULL, 1, 0, 1, 1, 0, NULL),
(615, 2, 200, '2019-09-24 05:59:18', '2019-09-24 05:59:18', NULL, 1, 100, NULL, 1, 0, 1, 1, 0, NULL),
(616, 6, 200, '2019-09-24 05:59:18', '2019-09-24 05:59:18', NULL, 1, 600, NULL, 1, 0, 1, 1, 0, NULL),
(617, 8, 200, '2019-09-24 05:59:18', '2019-09-24 05:59:18', NULL, 1, 10, NULL, 1, 0, 1, 1, 0, NULL),
(620, 2, 201, '2019-09-24 05:59:56', '2019-09-24 05:59:56', NULL, 1, 100, NULL, 1, 0, 1, 1, 0, 50),
(621, 6, 201, '2019-09-24 05:59:56', '2019-09-24 05:59:56', NULL, 1, 100, NULL, 1, 0, 1, 1, 0, 50),
(622, 2, 202, '2019-09-24 06:00:10', '2019-09-24 06:00:10', NULL, 1, 120, NULL, 1, 0, 1, 1, 0, NULL),
(623, 6, 202, '2019-09-24 06:00:10', '2019-09-24 06:00:10', NULL, 1, 300, NULL, 1, 0, 1, 1, 0, NULL),
(625, 2, 203, '2019-09-24 07:50:23', '2019-09-24 07:50:23', NULL, 1, 100, NULL, 1, 0, 1, 1, 0, NULL),
(626, 8, 203, '2019-09-24 07:50:23', '2019-09-24 07:50:23', NULL, 1, 100, NULL, 1, 0, 1, 1, 0, NULL),
(627, 2, 138, '2019-09-24 07:55:14', '2019-09-24 07:55:14', NULL, 1, 165, NULL, 1, 6, 1, 1, 30, NULL),
(628, 2, 138, '2019-09-24 07:55:14', '2019-09-24 07:55:14', NULL, 1, 410, NULL, 1, 6, 1, 1, 90, NULL),
(629, 6, 138, '2019-09-24 07:55:14', '2019-09-24 07:55:14', NULL, 1, 1, NULL, 1, 0, 1, 1, 0, NULL),
(630, 8, 138, '2019-09-24 07:55:14', '2019-09-24 07:55:14', NULL, 1, 20, NULL, 1, 0, 1, 1, 0, NULL),
(631, 2, 143, '2019-09-26 07:15:08', '2019-09-26 07:15:08', NULL, 1, 195, NULL, 1, 0, 1, 1, 30, 100),
(632, 2, 143, '2019-09-26 07:15:08', '2019-09-26 07:15:08', NULL, 1, 445, NULL, 1, 0, 1, 1, 90, 100),
(633, 2, 163, '2019-09-26 07:25:53', '2019-09-26 07:25:53', NULL, 1, 150, 10, 2, 0, 1, 1, 0, NULL),
(634, 6, 205, '2019-10-17 02:59:50', '2019-10-17 02:59:50', NULL, 1, 55, 5, 2, 5, 1, 1, 30, 25),
(635, 6, 205, '2019-10-17 02:59:50', '2019-10-17 02:59:50', NULL, 1, 55, 5, 2, 5, 1, 1, 90, 25),
(636, 6, 206, '2019-10-17 03:00:35', '2019-10-17 03:00:35', NULL, 1, 55, 5, 2, 5, 1, 1, 30, 25),
(637, 6, 206, '2019-10-17 03:00:35', '2019-10-17 03:00:35', NULL, 1, 55, 5, 2, 5, 1, 1, 90, 25),
(638, 6, 207, '2019-10-17 03:00:55', '2019-10-17 03:00:55', NULL, 1, 55, 5, 2, 5, 1, 1, 30, 25),
(639, 6, 207, '2019-10-17 03:00:55', '2019-10-17 03:00:55', NULL, 1, 55, 5, 2, 5, 1, 1, 90, 25),
(658, 2, 210, '2019-10-17 23:21:19', '2019-10-17 23:21:19', NULL, 655, 5845, 555, 2, 5, 1, 1, 30, 22222),
(659, 2, 210, '2019-10-17 23:21:19', '2019-10-17 23:21:19', NULL, 655, 47844, 555, 2, 5, 1, 1, 90, 22222),
(660, 2, 210, '2019-10-17 23:21:19', '2019-10-17 23:21:19', NULL, 655, 5845, 555, 1, 0, 1, 1, 30, 22222),
(661, 2, 210, '2019-10-17 23:21:19', '2019-10-17 23:21:19', NULL, 655, 47844, 555, 1, 0, 1, 1, 90, 22222),
(662, 2, 211, '2019-10-17 23:22:03', '2019-10-17 23:22:03', NULL, 655, 5845, 555, 2, 5, 1, 1, 30, 22222),
(663, 2, 211, '2019-10-17 23:22:03', '2019-10-17 23:22:03', NULL, 655, 47844, 555, 2, 5, 1, 1, 90, 22222),
(664, 2, 211, '2019-10-17 23:22:03', '2019-10-17 23:22:03', NULL, 655, 5845, 555, 1, 0, 1, 1, 30, 22222),
(665, 2, 211, '2019-10-17 23:22:03', '2019-10-17 23:22:03', NULL, 655, 47844, 555, 1, 0, 1, 1, 90, 22222),
(669, 2, 212, '2019-10-18 03:37:11', '2019-10-18 03:37:11', NULL, 1, 4, 4.7, 2, 5, 1, 0, 30, 2147483647),
(670, 2, 212, '2019-10-18 03:37:11', '2019-10-18 03:37:11', NULL, 1, 6666670000000, 4.7, 2, 5, 1, 0, 90, 2147483647),
(671, 2, 140, '2019-10-18 03:57:55', '2019-10-18 03:57:55', NULL, 1, 269, NULL, 1, 0, 1, 1, 0, NULL),
(672, 6, 140, '2019-10-18 03:57:55', '2019-10-18 03:57:55', NULL, 1, 1500, NULL, 1, 0, 1, 1, 0, NULL),
(673, 8, 140, '2019-10-18 03:57:55', '2019-10-18 03:57:55', NULL, 1, 1.2, NULL, 1, 0, 1, 1, 0, NULL),
(675, 2, 213, '2019-10-18 06:37:25', '2019-10-18 06:37:25', NULL, 1, 60, 60, 1, 5, 1, 1, 0, 10),
(676, 6, 208, '2019-10-24 06:08:50', '2019-10-24 06:08:50', NULL, 1, 55, 5, 2, 5, 1, 1, 30, 25),
(677, 6, 208, '2019-10-24 06:08:50', '2019-10-24 06:08:50', NULL, 1, 55, 5, 2, 5, 1, 1, 90, 25);

-- --------------------------------------------------------

--
-- Table structure for table `product_reviews`
--

CREATE TABLE `product_reviews` (
  `id` int(11) NOT NULL,
  `product_id` int(10) UNSIGNED NOT NULL,
  `author` varchar(255) NOT NULL,
  `review_text` text NOT NULL,
  `rating` int(11) NOT NULL DEFAULT 0 COMMENT '1 to 5',
  `status` int(11) NOT NULL DEFAULT 0 COMMENT '0 = enabled, 1 = disabled',
  `date_added` date NOT NULL,
  `created_at` timestamp NULL DEFAULT NULL,
  `updated_at` timestamp NULL DEFAULT NULL
) ENGINE=InnoDB DEFAULT CHARSET=utf8;

--
-- Dumping data for table `product_reviews`
--

INSERT INTO `product_reviews` (`id`, `product_id`, `author`, `review_text`, `rating`, `status`, `date_added`, `created_at`, `updated_at`) VALUES
(0, 199, 'yhffhgfhgfghf', 'ygiugkjh;kjh;kljnlknmlknklon;kljnk', 3, 1, '2019-10-24', '2019-10-25 02:28:13', '2019-10-25 02:28:13'),
(24, 138, 'ORABY', 'جيد جدا', 5, 0, '2019-09-22', '2019-09-22 09:09:08', '2019-09-22 09:09:08'),
(25, 171, 'ORABY', 'ممتاذة بببيسالبيلبيسشنتالبي', 4, 1, '2019-09-24', '2019-09-24 08:12:16', '2019-09-24 08:12:16'),
(26, 177, 'Mohammed Ahmed', 'تمام منتج كويس وخدمه جيده', 5, 0, '2019-09-25', '2019-09-25 08:05:30', '2019-09-25 08:06:35');

-- --------------------------------------------------------

--
-- Table structure for table `product_shipping_couriers`
--

CREATE TABLE `product_shipping_couriers` (
  `id` int(11) NOT NULL,
  `shipping_courier_id` int(10) UNSIGNED NOT NULL,
  `product_id` int(10) UNSIGNED NOT NULL,
  `created_at` timestamp NULL DEFAULT NULL,
  `updated_at` timestamp NULL DEFAULT NULL,
  `deleted_at` timestamp NULL DEFAULT NULL,
  `cost` float NOT NULL,
  `country_id` int(11) NOT NULL
) ENGINE=InnoDB DEFAULT CHARSET=utf8;

-- --------------------------------------------------------

--
-- Table structure for table `product_show_options`
--

CREATE TABLE `product_show_options` (
  `id` int(10) NOT NULL,
  `product_id` int(10) UNSIGNED NOT NULL,
  `code` enum('s','cyl','a','pkg_size','auto_reorder') NOT NULL,
  `value` varchar(20) DEFAULT NULL
) ENGINE=InnoDB DEFAULT CHARSET=latin1;

--
-- Dumping data for table `product_show_options`
--

INSERT INTO `product_show_options` (`id`, `product_id`, `code`, `value`) VALUES
(1, 140, 's', NULL),
(207, 142, 's', NULL),
(217, 148, 's', NULL),
(218, 148, 'cyl', NULL),
(219, 148, 'a', NULL),
(220, 148, 'auto_reorder', NULL),
(226, 150, 's', NULL),
(228, 152, 's', NULL),
(229, 151, 's', NULL),
(230, 149, 's', NULL),
(231, 147, 's', NULL),
(232, 147, 'cyl', NULL),
(233, 147, 'a', NULL),
(234, 144, 's', NULL),
(235, 145, 's', NULL),
(237, 141, 's', NULL),
(238, 146, 's', NULL),
(239, 146, 'cyl', NULL),
(240, 146, 'a', NULL),
(244, 153, 's', NULL),
(246, 154, 's', NULL),
(251, 155, 's', NULL),
(255, 156, 's', NULL),
(260, 157, 's', NULL),
(269, 160, 's', NULL),
(275, 161, 's', NULL),
(278, 162, 's', NULL),
(286, 164, 's', NULL),
(290, 165, 's', NULL),
(293, 166, 's', NULL),
(298, 169, 's', NULL),
(301, 170, 's', NULL),
(303, 171, 's', NULL),
(304, 167, 's', NULL),
(306, 172, 's', NULL),
(308, 173, 's', NULL),
(310, 174, 's', NULL),
(312, 176, 's', NULL),
(315, 177, 's', NULL),
(319, 138, 's', NULL),
(321, 163, 's', NULL);

-- --------------------------------------------------------

--
-- Table structure for table `pr_attributes`
--

CREATE TABLE `pr_attributes` (
  `id` int(10) UNSIGNED NOT NULL,
  `created_at` timestamp NULL DEFAULT NULL,
  `updated_at` timestamp NULL DEFAULT NULL,
  `deleted_at` timestamp NULL DEFAULT NULL,
  `attribute_group_id` int(11) UNSIGNED NOT NULL,
  `sort_order` int(11) NOT NULL DEFAULT 0,
  `status` int(11) NOT NULL DEFAULT 0 COMMENT '0 = enabled, 1 = disabled'
) ENGINE=InnoDB DEFAULT CHARSET=utf8mb4 COLLATE=utf8mb4_unicode_ci;

--
-- Dumping data for table `pr_attributes`
--

INSERT INTO `pr_attributes` (`id`, `created_at`, `updated_at`, `deleted_at`, `attribute_group_id`, `sort_order`, `status`) VALUES
(1, '2019-10-17 06:21:59', '2019-10-17 06:39:30', '2019-10-17 06:39:30', 7, 1, 1),
(18, '2019-09-07 15:42:54', '2019-09-11 05:34:32', '2019-09-11 05:34:32', 9, 1, 0),
(19, '2019-09-07 15:45:27', '2019-09-11 05:34:36', '2019-09-11 05:34:36', 9, 3, 0),
(20, '2019-09-11 05:38:50', '2019-09-11 05:38:50', NULL, 11, 1, 0),
(21, '2019-09-11 05:40:00', '2019-09-11 05:40:00', NULL, 11, 2, 0),
(22, '2019-09-11 05:40:52', '2019-09-11 05:40:52', NULL, 11, 3, 0),
(23, '2019-09-11 05:42:07', '2019-09-11 05:42:07', NULL, 11, 4, 0),
(24, '2019-09-11 05:43:01', '2019-09-11 05:43:01', NULL, 11, 5, 0),
(25, '2019-09-11 05:44:11', '2019-09-11 05:44:11', NULL, 11, 6, 0),
(26, '2019-09-11 05:44:56', '2019-09-11 05:44:56', NULL, 11, 7, 0),
(27, '2019-09-11 05:45:46', '2019-09-11 05:45:46', NULL, 11, 8, 0),
(28, '2019-09-11 08:06:02', '2019-09-11 08:06:02', NULL, 11, 9, 0),
(29, '2019-09-11 08:13:31', '2019-09-11 08:13:31', NULL, 12, 1, 0),
(30, '2019-09-11 08:14:53', '2019-09-11 08:14:53', NULL, 12, 2, 0),
(31, '2019-09-11 08:15:30', '2019-09-11 08:18:03', NULL, 12, 3, 0),
(32, '2019-09-11 08:18:52', '2019-09-11 08:18:52', NULL, 12, 4, 0),
(33, '2019-09-11 08:19:36', '2019-09-11 08:19:36', NULL, 12, 4, 0),
(34, '2019-09-11 08:20:08', '2019-09-11 08:20:08', NULL, 12, 5, 0),
(35, '2019-09-11 08:20:51', '2019-09-11 08:20:51', NULL, 12, 6, 0),
(36, '2019-09-11 08:21:25', '2019-09-11 08:21:25', NULL, 12, 7, 0),
(37, '2019-09-11 08:22:21', '2019-09-11 08:22:21', NULL, 12, 8, 0),
(38, '2019-09-11 08:31:50', '2019-09-11 08:31:50', NULL, 13, 2, 0),
(39, '2019-09-11 08:32:22', '2019-09-11 08:32:22', NULL, 13, 2, 0),
(40, '2019-09-11 08:32:55', '2019-09-11 08:32:55', NULL, 13, 3, 0),
(41, '2019-09-11 08:33:28', '2019-09-11 08:33:28', NULL, 13, 4, 0),
(42, '2019-09-11 08:33:58', '2019-09-11 08:33:58', NULL, 13, 5, 0),
(43, '2019-09-11 08:38:42', '2019-09-11 08:38:42', NULL, 13, 6, 0),
(44, '2019-09-11 08:39:14', '2019-09-11 08:39:14', NULL, 13, 7, 0),
(45, '2019-09-11 08:39:46', '2019-09-11 08:39:46', NULL, 13, 8, 0),
(46, '2019-09-21 05:53:23', '2019-09-21 05:53:23', NULL, 14, 1, 0),
(47, '2019-09-21 05:54:01', '2019-09-21 05:54:01', NULL, 14, 1, 0),
(48, '2019-09-21 05:54:48', '2019-09-21 05:54:48', NULL, 14, 1, 0),
(49, '2019-09-21 05:55:52', '2019-09-21 05:55:52', NULL, 14, 1, 0),
(50, '2019-09-21 05:59:55', '2019-09-21 05:59:55', NULL, 14, 1, 0),
(51, '2019-09-21 06:01:08', '2019-09-21 06:01:08', NULL, 14, 1, 0),
(52, '2019-10-17 06:23:27', '2019-10-17 06:23:27', NULL, 7, 1, 1),
(53, '2019-10-17 06:23:53', '2019-10-17 06:23:53', NULL, 7, 1, 1),
(54, '2019-10-17 06:29:58', '2019-10-17 06:29:58', NULL, 7, 1, 1),
(55, '2019-10-17 06:31:34', '2019-10-17 06:39:55', '2019-10-17 06:39:55', 7, 1, 1),
(56, '2019-10-17 06:32:03', '2019-10-17 06:32:03', NULL, 7, 1, 1),
(57, '2019-10-17 06:32:19', '2019-10-17 06:32:19', NULL, 8, 1, 0),
(58, '2019-10-17 06:33:07', '2019-10-17 06:33:07', NULL, 8, 1, 0),
(59, '2019-10-17 06:33:26', '2019-10-17 06:37:55', NULL, 8, 1, 0),
(60, '2019-10-17 06:34:59', '2019-10-17 06:34:59', NULL, 8, 1, 0),
(61, '2019-10-17 07:04:15', '2019-10-17 07:04:15', NULL, 15, 1, 0),
(62, '2019-10-18 00:13:01', '2019-10-18 00:13:01', NULL, 15, 1, 0),
(63, '2019-10-18 04:44:17', '2019-10-18 04:44:23', NULL, 15, 1, 0);

-- --------------------------------------------------------

--
-- Table structure for table `pr_attribute_descriptions`
--

CREATE TABLE `pr_attribute_descriptions` (
  `id` int(10) UNSIGNED NOT NULL,
  `created_at` timestamp NULL DEFAULT NULL,
  `updated_at` timestamp NULL DEFAULT NULL,
  `deleted_at` timestamp NULL DEFAULT NULL,
  `pr_attribute_id` int(10) UNSIGNED NOT NULL,
  `language_id` int(10) UNSIGNED NOT NULL,
  `name` varchar(255) COLLATE utf8mb4_unicode_ci NOT NULL
) ENGINE=InnoDB DEFAULT CHARSET=utf8mb4 COLLATE=utf8mb4_unicode_ci;

--
-- Dumping data for table `pr_attribute_descriptions`
--

INSERT INTO `pr_attribute_descriptions` (`id`, `created_at`, `updated_at`, `deleted_at`, `pr_attribute_id`, `language_id`, `name`) VALUES
(1, '2019-10-17 06:23:27', '2019-10-17 06:23:27', NULL, 52, 1, 'asdsad'),
(35, '2019-09-07 15:42:54', '2019-09-11 05:34:32', '2019-09-11 05:34:32', 18, 1, 'product name'),
(36, '2019-09-07 15:42:54', '2019-09-11 05:34:32', '2019-09-11 05:34:32', 18, 2, 'أسم المنتج'),
(37, '2019-09-07 15:45:27', '2019-09-11 05:34:36', '2019-09-11 05:34:36', 19, 1, 'Water Content'),
(38, '2019-09-07 15:45:27', '2019-09-11 05:34:36', '2019-09-11 05:34:36', 19, 2, 'محتوى الماء'),
(39, '2019-09-11 05:38:50', '2019-09-11 05:38:50', NULL, 20, 1, 'product name'),
(40, '2019-09-11 05:38:50', '2019-09-11 05:38:50', NULL, 20, 2, 'أسم المنتج'),
(41, '2019-09-11 05:40:00', '2019-09-11 05:40:00', NULL, 21, 1, 'Material'),
(42, '2019-09-11 05:40:00', '2019-10-17 06:40:08', NULL, 21, 2, 'المواد fff'),
(43, '2019-09-11 05:40:52', '2019-09-11 05:40:52', NULL, 22, 1, 'Water Content'),
(44, '2019-09-11 05:40:52', '2019-09-11 05:40:52', NULL, 22, 2, 'محتوى الماء داخل العدسة'),
(45, '2019-09-11 05:42:07', '2019-09-11 05:42:07', NULL, 23, 1, 'Diameter'),
(46, '2019-09-11 05:42:07', '2019-09-11 05:42:07', NULL, 23, 2, 'قطر العدسة'),
(47, '2019-09-11 05:43:01', '2019-09-11 05:43:01', NULL, 24, 1, 'Base curve'),
(48, '2019-09-11 05:43:01', '2019-09-11 05:43:01', NULL, 24, 2, 'منحنى العدسة'),
(49, '2019-09-11 05:44:11', '2019-09-11 05:44:11', NULL, 25, 1, 'Indications'),
(50, '2019-09-11 05:44:11', '2019-09-11 05:44:11', NULL, 25, 2, 'دواعى الاستعمال'),
(51, '2019-09-11 05:44:56', '2019-09-11 05:44:56', NULL, 26, 1, 'replacement'),
(52, '2019-09-11 05:44:56', '2019-09-11 05:44:56', NULL, 26, 2, 'استبال العدسة'),
(53, '2019-09-11 05:45:46', '2019-09-11 05:45:46', NULL, 27, 1, 'Wearing schedule'),
(54, '2019-09-11 05:45:46', '2019-09-11 05:45:46', NULL, 27, 2, 'نصائح الاستخدام'),
(55, '2019-09-11 08:06:02', '2019-09-11 08:06:02', NULL, 28, 1, 'Package size'),
(56, '2019-09-11 08:06:02', '2019-09-11 08:06:02', NULL, 28, 2, 'حجم العبوة'),
(57, '2019-09-11 08:13:31', '2019-09-11 08:13:31', NULL, 29, 1, 'product name'),
(58, '2019-09-11 08:13:31', '2019-09-11 08:13:31', NULL, 29, 2, 'أسم المنتج'),
(59, '2019-09-11 08:14:53', '2019-09-11 08:14:53', NULL, 30, 1, 'Water Content'),
(60, '2019-09-11 08:14:53', '2019-09-11 08:14:53', NULL, 30, 2, 'محتوى الماء'),
(61, '2019-09-11 08:15:30', '2019-09-11 08:17:32', NULL, 31, 1, 'Diameter'),
(62, '2019-09-11 08:15:30', '2019-09-11 08:15:30', NULL, 31, 2, 'قطر العدسة'),
(63, '2019-09-11 08:18:52', '2019-09-11 08:18:52', NULL, 32, 1, 'Base curve'),
(64, '2019-09-11 08:18:52', '2019-09-11 08:18:52', NULL, 32, 2, 'منحنى العدسة'),
(65, '2019-09-11 08:19:36', '2019-09-11 08:19:36', NULL, 33, 1, 'Powers'),
(66, '2019-09-11 08:19:36', '2019-09-11 08:19:36', NULL, 33, 2, 'المقاسات'),
(67, '2019-09-11 08:20:08', '2019-09-11 08:20:08', NULL, 34, 1, 'Indications'),
(68, '2019-09-11 08:20:08', '2019-09-11 08:20:08', NULL, 34, 2, 'دواعى الاستعمال'),
(69, '2019-09-11 08:20:51', '2019-09-11 08:20:51', NULL, 35, 1, 'replacement'),
(70, '2019-09-11 08:20:51', '2019-09-11 08:20:51', NULL, 35, 2, 'استبدال العدسة'),
(71, '2019-09-11 08:21:25', '2019-09-11 08:21:25', NULL, 36, 1, 'Wearing schedule'),
(72, '2019-09-11 08:21:25', '2019-09-11 08:21:25', NULL, 36, 2, 'نصائح الاستخدام'),
(73, '2019-09-11 08:22:21', '2019-09-11 08:22:21', NULL, 37, 1, 'Package size'),
(74, '2019-09-11 08:22:21', '2019-09-11 08:22:21', NULL, 37, 2, 'حجم العبوة'),
(75, '2019-09-11 08:31:50', '2019-09-11 08:31:50', NULL, 38, 1, 'Brand'),
(76, '2019-09-11 08:31:50', '2019-09-11 08:31:50', NULL, 38, 2, 'الماركة'),
(77, '2019-09-11 08:32:22', '2019-09-11 08:32:22', NULL, 39, 1, 'Frame Color'),
(78, '2019-09-11 08:32:22', '2019-09-11 08:32:22', NULL, 39, 2, 'اللون'),
(79, '2019-09-11 08:32:55', '2019-09-11 08:32:55', NULL, 40, 1, 'Frame Material'),
(80, '2019-09-11 08:32:55', '2019-09-11 08:32:55', NULL, 40, 2, 'نوع الإطار'),
(81, '2019-09-11 08:33:28', '2019-09-11 08:33:28', NULL, 41, 1, 'Frame Shape'),
(82, '2019-09-11 08:33:28', '2019-09-11 08:33:28', NULL, 41, 2, 'شكل الإطار'),
(83, '2019-09-11 08:33:58', '2019-09-11 08:33:58', NULL, 42, 1, 'Frame Size'),
(84, '2019-09-11 08:33:58', '2019-09-11 08:33:58', NULL, 42, 2, 'حجم الإطار'),
(85, '2019-09-11 08:38:42', '2019-09-11 08:38:42', NULL, 43, 1, 'Bridge Size'),
(86, '2019-09-11 08:38:42', '2019-09-11 08:38:42', NULL, 43, 2, 'حجم جسر الأنف'),
(87, '2019-09-11 08:39:14', '2019-09-11 08:39:14', NULL, 44, 1, 'GENDER'),
(88, '2019-09-11 08:39:14', '2019-09-11 08:39:14', NULL, 44, 2, 'جنس'),
(89, '2019-09-11 08:39:46', '2019-09-11 08:39:46', NULL, 45, 1, 'Type'),
(90, '2019-09-11 08:39:46', '2019-09-11 08:39:46', NULL, 45, 2, 'النوع'),
(91, '2019-09-21 05:53:23', '2019-09-21 05:53:23', NULL, 46, 1, 'GENDER'),
(92, '2019-09-21 05:53:23', '2019-09-21 05:53:23', NULL, 46, 2, 'الجنس'),
(93, '2019-09-21 05:54:01', '2019-09-21 05:54:01', NULL, 47, 1, 'Shape'),
(94, '2019-09-21 05:54:01', '2019-09-21 05:54:01', NULL, 47, 2, 'الشكل'),
(95, '2019-09-21 05:54:48', '2019-09-21 05:54:48', NULL, 48, 1, 'Material'),
(96, '2019-09-21 05:54:48', '2019-09-21 05:54:48', NULL, 48, 2, 'المادة المصنعة'),
(97, '2019-09-21 05:55:52', '2019-09-21 05:55:52', NULL, 49, 1, 'Lens'),
(98, '2019-09-21 05:55:52', '2019-09-21 05:55:52', NULL, 49, 2, 'العدسة'),
(99, '2019-09-21 05:59:55', '2019-09-21 05:59:55', NULL, 50, 1, 'Size'),
(100, '2019-09-21 05:59:55', '2019-09-21 05:59:55', NULL, 50, 2, 'الحجم'),
(101, '2019-09-21 06:01:08', '2019-09-21 06:01:08', NULL, 51, 1, 'Rx-able'),
(102, '2019-09-21 06:01:08', '2019-09-21 06:01:08', NULL, 51, 2, 'قابل لتركيب عدسات'),
(103, '2019-10-17 06:32:03', '2019-10-17 06:32:03', NULL, 56, 1, 'sddssdfs'),
(104, '2019-10-17 06:32:03', '2019-10-17 06:32:03', NULL, 56, 2, 'مجموعة22'),
(105, '2019-10-17 06:32:19', '2019-10-17 06:32:19', NULL, 57, 1, 'dsfsdfdsf'),
(106, '2019-10-17 06:32:19', '2019-10-17 06:32:19', NULL, 57, 2, 'شسيشسيشسي'),
(107, '2019-10-17 06:33:07', '2019-10-17 06:33:07', NULL, 58, 1, 'dsfsdfdsf'),
(108, '2019-10-17 06:33:08', '2019-10-17 06:33:08', NULL, 58, 2, 'شسيشسيشسي'),
(109, '2019-10-17 06:33:26', '2019-10-17 06:33:26', NULL, 59, 1, 'dsfsdfdsf'),
(110, '2019-10-17 06:33:26', '2019-10-17 06:33:26', NULL, 59, 2, 'شسيشسيشسي'),
(111, '2019-10-17 06:34:59', '2019-10-17 06:34:59', NULL, 60, 1, 'fadsfsdfds'),
(112, '2019-10-17 06:34:59', '2019-10-17 06:34:59', NULL, 60, 2, 'الموديل'),
(113, '2019-10-17 07:04:15', '2019-10-17 07:04:15', NULL, 61, 1, 'asdasd'),
(114, '2019-10-17 07:04:15', '2019-10-17 07:04:15', NULL, 61, 2, 'sadasdsad'),
(115, '2019-10-18 00:13:01', '2019-10-18 00:13:01', NULL, 62, 1, 'fghgf'),
(116, '2019-10-18 00:13:01', '2019-10-18 00:13:01', NULL, 62, 2, 'fghfgh'),
(117, '2019-10-18 04:44:17', '2019-10-18 04:44:17', NULL, 63, 1, 'SDSADDS'),
(118, '2019-10-18 04:44:17', '2019-10-18 04:44:17', NULL, 63, 2, 'سيسي');

-- --------------------------------------------------------

--
-- Table structure for table `ratings`
--

CREATE TABLE `ratings` (
  `id` int(10) UNSIGNED NOT NULL,
  `product_id` int(10) UNSIGNED DEFAULT NULL,
  `rating` int(11) DEFAULT NULL,
  `created_at` timestamp NULL DEFAULT NULL,
  `updated_at` timestamp NULL DEFAULT NULL
) ENGINE=InnoDB DEFAULT CHARSET=utf8mb4 COLLATE=utf8mb4_unicode_ci;

--
-- Dumping data for table `ratings`
--

INSERT INTO `ratings` (`id`, `product_id`, `rating`, `created_at`, `updated_at`) VALUES
(30, 198, 60, NULL, NULL),
(31, 141, NULL, NULL, NULL);

-- --------------------------------------------------------

--
-- Table structure for table `related_products`
--

CREATE TABLE `related_products` (
  `id` int(10) UNSIGNED NOT NULL,
  `created_at` timestamp NULL DEFAULT NULL,
  `updated_at` timestamp NULL DEFAULT NULL,
  `deleted_at` timestamp NULL DEFAULT NULL,
  `product_id` int(10) UNSIGNED NOT NULL,
  `related_id` int(10) UNSIGNED NOT NULL
) ENGINE=InnoDB DEFAULT CHARSET=utf8mb4 COLLATE=utf8mb4_unicode_ci;

--
-- Dumping data for table `related_products`
--

INSERT INTO `related_products` (`id`, `created_at`, `updated_at`, `deleted_at`, `product_id`, `related_id`) VALUES
(1, '2019-10-17 23:21:19', '2019-10-17 23:21:19', NULL, 210, 140),
(30, '2019-09-16 08:54:59', '2019-09-16 08:54:59', NULL, 139, 138),
(31, '2019-09-16 16:48:02', '2019-09-16 16:48:02', NULL, 140, 138),
(32, '2019-09-16 17:14:26', '2019-09-16 17:14:26', NULL, 141, 138),
(33, '2019-09-16 17:27:38', '2019-09-16 17:27:38', NULL, 142, 140),
(34, '2019-09-16 17:41:58', '2019-09-16 17:41:58', NULL, 143, 138),
(35, '2019-09-16 17:41:58', '2019-09-16 17:41:58', NULL, 143, 141),
(36, '2019-09-16 17:53:57', '2019-09-16 17:53:57', NULL, 144, 138),
(37, '2019-09-16 17:53:57', '2019-09-16 17:53:57', NULL, 144, 141),
(38, '2019-09-16 17:53:57', '2019-09-16 17:53:57', NULL, 144, 143),
(39, '2019-09-16 18:14:54', '2019-09-16 18:14:54', NULL, 145, 138),
(40, '2019-09-16 18:14:54', '2019-09-16 18:14:54', NULL, 145, 141),
(41, '2019-09-16 18:14:54', '2019-09-16 18:14:54', NULL, 145, 143),
(42, '2019-09-16 18:14:54', '2019-09-16 18:14:54', NULL, 145, 144),
(43, '2019-09-16 18:50:10', '2019-09-16 18:50:10', NULL, 146, 139),
(44, '2019-09-16 19:05:57', '2019-09-16 19:05:57', NULL, 147, 139),
(45, '2019-09-16 19:05:57', '2019-09-16 19:05:57', NULL, 147, 146),
(46, '2019-09-16 19:22:57', '2019-09-16 19:22:57', NULL, 148, 139),
(47, '2019-09-16 19:22:57', '2019-09-16 19:22:57', NULL, 148, 146),
(48, '2019-09-16 19:22:57', '2019-09-16 19:22:57', NULL, 148, 147),
(49, '2019-09-16 20:03:25', '2019-09-16 20:03:25', NULL, 149, 138),
(50, '2019-09-16 20:03:25', '2019-09-16 20:03:25', NULL, 149, 141),
(51, '2019-09-16 20:03:25', '2019-09-16 20:03:25', NULL, 149, 144),
(52, '2019-09-16 20:16:38', '2019-09-16 20:16:38', NULL, 150, 138),
(53, '2019-09-16 20:16:38', '2019-09-16 20:16:38', NULL, 150, 141),
(54, '2019-09-16 20:16:38', '2019-09-16 20:16:38', NULL, 150, 145),
(55, '2019-09-16 20:16:38', '2019-09-16 20:16:38', NULL, 150, 149),
(56, '2019-09-16 20:31:11', '2019-09-16 20:31:11', NULL, 151, 139),
(57, '2019-09-16 20:31:11', '2019-09-16 20:31:11', NULL, 151, 149),
(58, '2019-09-16 20:31:11', '2019-09-16 20:31:11', NULL, 151, 150),
(59, '2019-09-17 05:43:29', '2019-09-17 05:43:29', NULL, 152, 140),
(60, '2019-09-17 05:43:29', '2019-09-17 05:43:29', NULL, 152, 142),
(61, '2019-09-17 05:43:29', '2019-09-17 05:43:29', NULL, 152, 146),
(62, '2019-09-17 09:08:57', '2019-09-17 09:08:57', NULL, 154, 153),
(63, '2019-09-17 09:37:24', '2019-09-17 09:37:24', NULL, 155, 153),
(64, '2019-09-17 09:37:24', '2019-09-17 09:37:24', NULL, 155, 154),
(65, '2019-09-17 17:36:26', '2019-09-17 17:36:26', NULL, 157, 156),
(76, '2019-09-18 05:03:48', '2019-09-18 05:03:48', NULL, 161, 156),
(77, '2019-09-18 05:03:48', '2019-09-18 05:03:48', NULL, 161, 157),
(78, '2019-09-18 05:03:48', '2019-09-18 05:03:48', NULL, 161, 160),
(79, '2019-09-18 06:05:07', '2019-09-18 06:05:07', NULL, 162, 156),
(80, '2019-09-18 06:05:07', '2019-09-18 06:05:07', NULL, 162, 157),
(81, '2019-09-18 06:05:07', '2019-09-18 06:05:07', NULL, 162, 160),
(82, '2019-09-18 06:05:07', '2019-09-18 06:05:07', NULL, 162, 161),
(83, '2019-09-18 06:29:56', '2019-09-18 06:29:56', NULL, 163, 156),
(84, '2019-09-18 06:29:56', '2019-09-18 06:29:56', NULL, 163, 157),
(85, '2019-09-18 06:29:56', '2019-09-18 06:29:56', NULL, 163, 160),
(86, '2019-09-18 06:29:56', '2019-09-18 06:29:56', NULL, 163, 161),
(87, '2019-09-18 06:29:56', '2019-09-18 06:29:56', NULL, 163, 162),
(88, '2019-09-18 06:51:23', '2019-09-18 06:51:23', NULL, 164, 157),
(89, '2019-09-18 06:51:23', '2019-09-18 06:51:23', NULL, 164, 160),
(90, '2019-09-18 06:51:23', '2019-09-18 06:51:23', NULL, 164, 161),
(91, '2019-09-18 06:51:23', '2019-09-18 06:51:23', NULL, 164, 162),
(92, '2019-09-18 06:51:23', '2019-09-18 06:51:23', NULL, 164, 163),
(93, '2019-09-18 08:15:52', '2019-09-18 08:15:52', NULL, 165, 156),
(94, '2019-09-18 08:15:52', '2019-09-18 08:15:52', NULL, 165, 157),
(95, '2019-09-18 08:15:52', '2019-09-18 08:15:52', NULL, 165, 160),
(96, '2019-09-18 08:15:52', '2019-09-18 08:15:52', NULL, 165, 161),
(97, '2019-09-18 08:15:52', '2019-09-18 08:15:52', NULL, 165, 162),
(98, '2019-09-18 08:15:52', '2019-09-18 08:15:52', NULL, 165, 163),
(99, '2019-09-18 08:15:52', '2019-09-18 08:15:52', NULL, 165, 164),
(100, '2019-09-18 08:53:32', '2019-09-18 08:53:32', NULL, 166, 162),
(101, '2019-09-18 08:53:32', '2019-09-18 08:53:32', NULL, 166, 163),
(102, '2019-09-18 08:53:32', '2019-09-18 08:53:32', NULL, 166, 164),
(103, '2019-09-18 08:53:32', '2019-09-18 08:53:32', NULL, 166, 165),
(104, '2019-09-18 09:17:30', '2019-09-18 09:17:30', NULL, 167, 164),
(105, '2019-09-18 09:17:30', '2019-09-18 09:17:30', NULL, 167, 165),
(106, '2019-09-18 09:17:30', '2019-09-18 09:17:30', NULL, 167, 166),
(111, '2019-09-18 09:50:59', '2019-09-18 09:50:59', NULL, 169, 164),
(112, '2019-09-18 09:50:59', '2019-09-18 09:50:59', NULL, 169, 165),
(113, '2019-09-18 09:50:59', '2019-09-18 09:50:59', NULL, 169, 166),
(114, '2019-09-18 09:50:59', '2019-09-18 09:50:59', NULL, 169, 167),
(115, '2019-09-18 10:03:46', '2019-09-18 10:03:46', NULL, 170, 167),
(116, '2019-09-18 10:03:46', '2019-09-18 10:03:46', NULL, 170, 169),
(117, '2019-09-18 18:19:20', '2019-09-18 18:19:20', NULL, 171, 164),
(118, '2019-09-18 18:19:20', '2019-09-18 18:19:20', NULL, 171, 165),
(119, '2019-09-18 18:19:20', '2019-09-18 18:19:20', NULL, 171, 166),
(120, '2019-09-18 18:19:20', '2019-09-18 18:19:20', NULL, 171, 167),
(121, '2019-09-18 18:19:20', '2019-09-18 18:19:20', NULL, 171, 169),
(122, '2019-09-18 18:19:20', '2019-09-18 18:19:20', NULL, 171, 170),
(123, '2019-09-18 18:43:10', '2019-09-18 18:43:10', NULL, 172, 167),
(124, '2019-09-18 18:43:10', '2019-09-18 18:43:10', NULL, 172, 169),
(125, '2019-09-18 18:43:10', '2019-09-18 18:43:10', NULL, 172, 170),
(126, '2019-09-18 18:43:10', '2019-09-18 18:43:10', NULL, 172, 171),
(127, '2019-09-18 19:12:18', '2019-09-18 19:12:18', NULL, 173, 163),
(128, '2019-09-18 19:12:18', '2019-09-18 19:12:18', NULL, 173, 164),
(129, '2019-09-18 19:12:18', '2019-09-18 19:12:18', NULL, 173, 165),
(130, '2019-09-18 19:12:18', '2019-09-18 19:12:18', NULL, 173, 166),
(131, '2019-09-18 19:12:18', '2019-09-18 19:12:18', NULL, 173, 167),
(132, '2019-09-19 06:48:50', '2019-09-19 06:48:50', NULL, 174, 164),
(133, '2019-09-19 06:48:50', '2019-09-19 06:48:50', NULL, 174, 165),
(134, '2019-09-19 06:48:50', '2019-09-19 06:48:50', NULL, 174, 171),
(135, '2019-09-19 06:48:50', '2019-09-19 06:48:50', NULL, 174, 173),
(143, '2019-09-20 09:12:12', '2019-09-20 09:12:12', NULL, 176, 165),
(144, '2019-09-20 09:12:12', '2019-09-20 09:12:12', NULL, 176, 172),
(145, '2019-09-20 09:12:12', '2019-09-20 09:12:12', NULL, 176, 173),
(146, '2019-09-20 09:12:12', '2019-09-20 09:12:12', NULL, 176, 174),
(147, '2019-09-20 09:33:14', '2019-09-20 09:33:14', NULL, 177, 164),
(148, '2019-09-20 09:33:14', '2019-09-20 09:33:14', NULL, 177, 165),
(149, '2019-09-20 09:33:14', '2019-09-20 09:33:14', NULL, 177, 166),
(150, '2019-09-20 09:33:14', '2019-09-20 09:33:14', NULL, 177, 173),
(151, '2019-09-20 09:33:14', '2019-09-20 09:33:14', NULL, 177, 174),
(152, '2019-09-20 09:33:14', '2019-09-20 09:33:14', NULL, 177, 176),
(153, '2019-09-22 04:53:24', '2019-09-22 04:53:24', NULL, 182, 181),
(154, '2019-09-22 06:22:54', '2019-09-22 06:22:54', NULL, 187, 182),
(155, '2019-09-22 06:22:54', '2019-09-22 06:22:54', NULL, 187, 183),
(156, '2019-09-22 06:22:54', '2019-09-22 06:22:54', NULL, 187, 184),
(157, '2019-09-22 06:22:54', '2019-09-22 06:22:54', NULL, 187, 185),
(158, '2019-09-22 06:22:54', '2019-09-22 06:22:54', NULL, 187, 186),
(159, '2019-09-22 06:32:55', '2019-09-22 06:32:55', NULL, 188, 182),
(160, '2019-09-22 06:32:55', '2019-09-22 06:32:55', NULL, 188, 183),
(161, '2019-09-22 06:32:55', '2019-09-22 06:32:55', NULL, 188, 184),
(162, '2019-09-22 06:32:55', '2019-09-22 06:32:55', NULL, 188, 185),
(163, '2019-09-22 06:32:55', '2019-09-22 06:32:55', NULL, 188, 186),
(164, '2019-09-22 06:32:55', '2019-09-22 06:32:55', NULL, 188, 187),
(165, '2019-09-22 06:45:14', '2019-09-22 06:45:14', NULL, 189, 182),
(166, '2019-09-22 06:45:14', '2019-09-22 06:45:14', NULL, 189, 183),
(167, '2019-09-22 06:45:14', '2019-09-22 06:45:14', NULL, 189, 184),
(168, '2019-09-22 06:45:14', '2019-09-22 06:45:14', NULL, 189, 185),
(169, '2019-09-22 06:45:14', '2019-09-22 06:45:14', NULL, 189, 186),
(170, '2019-09-22 06:45:14', '2019-09-22 06:45:14', NULL, 189, 187),
(171, '2019-09-22 06:45:14', '2019-09-22 06:45:14', NULL, 189, 188),
(172, '2019-09-22 06:45:14', '2019-09-22 06:45:14', NULL, 189, 189),
(173, '2019-09-22 06:55:18', '2019-09-22 06:55:18', NULL, 190, 185),
(174, '2019-09-22 06:55:18', '2019-09-22 06:55:18', NULL, 190, 186),
(175, '2019-09-22 06:55:18', '2019-09-22 06:55:18', NULL, 190, 187),
(176, '2019-09-22 06:55:18', '2019-09-22 06:55:18', NULL, 190, 188),
(177, '2019-09-22 06:55:18', '2019-09-22 06:55:18', NULL, 190, 189),
(178, '2019-09-22 06:55:18', '2019-09-22 06:55:18', NULL, 190, 190),
(179, '2019-09-22 07:02:32', '2019-09-22 07:02:32', NULL, 191, 182),
(180, '2019-09-22 07:02:32', '2019-09-22 07:02:32', NULL, 191, 183),
(181, '2019-09-22 07:02:32', '2019-09-22 07:02:32', NULL, 191, 184),
(182, '2019-09-22 07:02:32', '2019-09-22 07:02:32', NULL, 191, 185),
(183, '2019-09-22 07:02:32', '2019-09-22 07:02:32', NULL, 191, 186),
(184, '2019-09-22 07:02:32', '2019-09-22 07:02:32', NULL, 191, 187),
(185, '2019-09-22 07:02:32', '2019-09-22 07:02:32', NULL, 191, 189),
(186, '2019-09-22 07:02:32', '2019-09-22 07:02:32', NULL, 191, 190),
(187, '2019-09-22 07:09:19', '2019-09-22 07:09:19', NULL, 192, 188),
(188, '2019-09-22 07:09:19', '2019-09-22 07:09:19', NULL, 192, 189),
(189, '2019-09-22 07:09:19', '2019-09-22 07:09:19', NULL, 192, 190),
(190, '2019-09-22 07:09:19', '2019-09-22 07:09:19', NULL, 192, 191),
(191, '2019-09-22 07:16:50', '2019-09-22 07:16:50', NULL, 193, 189),
(192, '2019-09-22 07:16:50', '2019-09-22 07:16:50', NULL, 193, 190),
(193, '2019-09-22 07:16:50', '2019-09-22 07:16:50', NULL, 193, 191),
(194, '2019-09-22 07:16:50', '2019-09-22 07:16:50', NULL, 193, 192),
(195, '2019-09-22 07:34:19', '2019-09-22 07:34:19', NULL, 196, 195),
(196, '2019-09-22 07:42:27', '2019-09-22 07:42:27', NULL, 197, 195),
(197, '2019-09-22 07:42:27', '2019-09-22 07:42:27', NULL, 197, 196),
(198, '2019-09-22 08:29:08', '2019-09-22 08:29:08', NULL, 199, 198),
(199, '2019-09-22 08:35:57', '2019-09-22 08:35:57', NULL, 200, 199),
(200, '2019-09-22 08:44:13', '2019-09-22 08:44:13', NULL, 201, 197),
(201, '2019-09-22 08:44:13', '2019-09-22 08:44:13', NULL, 201, 198),
(202, '2019-09-22 08:44:13', '2019-09-22 08:44:13', NULL, 201, 199),
(203, '2019-09-22 08:44:13', '2019-09-22 08:44:13', NULL, 201, 200),
(204, '2019-09-22 08:51:17', '2019-09-22 08:51:17', NULL, 202, 193),
(205, '2019-09-22 08:51:17', '2019-09-22 08:51:17', NULL, 202, 195),
(206, '2019-09-22 08:51:17', '2019-09-22 08:51:17', NULL, 202, 196),
(207, '2019-09-22 08:51:17', '2019-09-22 08:51:17', NULL, 202, 197),
(208, '2019-09-22 08:56:37', '2019-09-22 08:56:37', NULL, 203, 195),
(209, '2019-09-22 08:56:37', '2019-09-22 08:56:37', NULL, 203, 196),
(210, '2019-09-22 08:56:37', '2019-09-22 08:56:37', NULL, 203, 197),
(211, '2019-09-22 08:56:37', '2019-09-22 08:56:37', NULL, 203, 202),
(212, '2019-10-17 23:22:03', '2019-10-17 23:22:03', NULL, 211, 140),
(213, '2019-10-17 23:22:03', '2019-10-17 23:22:03', NULL, 211, 142),
(214, '2019-10-17 23:22:03', '2019-10-17 23:22:03', NULL, 211, 145),
(215, '2019-10-18 03:37:12', '2019-10-18 03:37:12', NULL, 212, 141),
(216, '2019-10-18 03:37:12', '2019-10-18 03:37:12', NULL, 212, 144),
(217, '2019-10-18 03:37:12', '2019-10-18 03:37:12', NULL, 212, 146),
(218, '2019-10-18 06:29:42', '2019-10-18 06:29:42', NULL, 213, 142),
(219, '2019-10-18 06:29:42', '2019-10-18 06:29:42', NULL, 213, 145);

-- --------------------------------------------------------

--
-- Table structure for table `roles`
--

CREATE TABLE `roles` (
  `id` int(10) UNSIGNED NOT NULL,
  `name` varchar(191) COLLATE utf8mb4_unicode_ci NOT NULL,
  `guard_name` varchar(191) COLLATE utf8mb4_unicode_ci NOT NULL,
  `created_at` timestamp NULL DEFAULT NULL,
  `updated_at` timestamp NULL DEFAULT NULL
) ENGINE=InnoDB DEFAULT CHARSET=utf8mb4 COLLATE=utf8mb4_unicode_ci;

--
-- Dumping data for table `roles`
--

INSERT INTO `roles` (`id`, `name`, `guard_name`, `created_at`, `updated_at`) VALUES
(1, 'admin', 'web', NULL, NULL),
(2, 'registered-user', 'web', NULL, NULL),
(3, 'super-admin', 'web', '2019-10-16 01:46:48', '2019-10-16 01:46:48'),
(6, 'register_user', 'web', '2019-10-29 01:17:10', '2019-10-29 01:17:10');

-- --------------------------------------------------------

--
-- Table structure for table `role_has_permissions`
--

CREATE TABLE `role_has_permissions` (
  `permission_id` int(10) UNSIGNED NOT NULL,
  `role_id` int(10) UNSIGNED NOT NULL
) ENGINE=InnoDB DEFAULT CHARSET=utf8mb4 COLLATE=utf8mb4_unicode_ci;

--
-- Dumping data for table `role_has_permissions`
--

INSERT INTO `role_has_permissions` (`permission_id`, `role_id`) VALUES
(2, 3),
(3, 3),
(4, 3),
(5, 3),
(6, 3),
(7, 3),
(25, 1),
(25, 3),
(26, 3),
(27, 3),
(28, 1),
(28, 3),
(29, 3),
(30, 3),
(31, 3),
(32, 3),
(33, 3),
(34, 3),
(35, 3),
(36, 3),
(37, 3),
(38, 3),
(39, 3),
(40, 3),
(41, 3),
(42, 3),
(43, 3),
(44, 3),
(45, 3);

-- --------------------------------------------------------

--
-- Table structure for table `settings`
--

CREATE TABLE `settings` (
  `id` bigint(20) UNSIGNED NOT NULL,
  `title` varchar(191) COLLATE utf8mb4_unicode_ci DEFAULT NULL,
  `email` varchar(191) COLLATE utf8mb4_unicode_ci DEFAULT NULL,
  `loge` varchar(191) COLLATE utf8mb4_unicode_ci DEFAULT NULL,
  `lang_id` bigint(20) UNSIGNED DEFAULT NULL,
  `source_id` bigint(20) UNSIGNED DEFAULT NULL,
  `facebook_url` varchar(191) COLLATE utf8mb4_unicode_ci DEFAULT NULL,
  `instagram_url` varchar(191) COLLATE utf8mb4_unicode_ci DEFAULT NULL,
  `twitter_url` varchar(191) COLLATE utf8mb4_unicode_ci DEFAULT NULL,
  `phone1` varchar(191) COLLATE utf8mb4_unicode_ci DEFAULT NULL,
  `address` text COLLATE utf8mb4_unicode_ci DEFAULT NULL,
  `description` varchar(191) COLLATE utf8mb4_unicode_ci DEFAULT NULL,
  `mantance` int(11) NOT NULL DEFAULT 1,
  `created_at` timestamp NULL DEFAULT NULL,
  `updated_at` timestamp NULL DEFAULT NULL
) ENGINE=InnoDB DEFAULT CHARSET=utf8mb4 COLLATE=utf8mb4_unicode_ci;

--
-- Dumping data for table `settings`
--

INSERT INTO `settings` (`id`, `title`, `email`, `loge`, `lang_id`, `source_id`, `facebook_url`, `instagram_url`, `twitter_url`, `phone1`, `address`, `description`, `mantance`, `created_at`, `updated_at`) VALUES
(3, 'Qeyeq', 'Qeyeq@com', 'wyka5iOzXIXC2q4H5SfouDKxyZ8NszttC8ydpKTX.png', 2, NULL, 'facebook', 'instgram', 'twiiter', '0151202065', 'asdasd', '<p>asdasdasd</p>', 1, '2019-09-10 04:22:00', '2019-10-21 05:39:01'),
(4, 'عدسات', 'Qeyeq@com', 'wyka5iOzXIXC2q4H5SfouDKxyZ8NszttC8ydpKTX.png', 1, 3, 'facebook', 'instgram', 'twiiter', '0151202065', 'ssssss', '<p>عدسات عدسات</p>', 1, '2019-10-21 05:10:09', '2019-10-21 05:50:06');

-- --------------------------------------------------------

--
-- Table structure for table `shipping_couriers`
--

CREATE TABLE `shipping_couriers` (
  `id` int(10) UNSIGNED NOT NULL,
  `created_at` timestamp NULL DEFAULT NULL,
  `updated_at` timestamp NULL DEFAULT NULL,
  `deleted_at` timestamp NULL DEFAULT NULL,
  `code` varchar(255) COLLATE utf8mb4_unicode_ci NOT NULL,
  `name` varchar(255) COLLATE utf8mb4_unicode_ci NOT NULL
) ENGINE=InnoDB DEFAULT CHARSET=utf8mb4 COLLATE=utf8mb4_unicode_ci;

--
-- Dumping data for table `shipping_couriers`
--

INSERT INTO `shipping_couriers` (`id`, `created_at`, `updated_at`, `deleted_at`, `code`, `name`) VALUES
(1, '2019-07-29 10:16:38', '2019-07-29 10:16:38', NULL, 'Free Shipping', 'Free Shipping'),
(2, '2019-07-29 10:26:09', '2019-07-29 10:26:27', NULL, 'Flat Rate', 'Flate Rate Shipping');

-- --------------------------------------------------------

--
-- Table structure for table `sliders`
--

CREATE TABLE `sliders` (
  `id` bigint(20) UNSIGNED NOT NULL,
  `title` varchar(191) COLLATE utf8mb4_unicode_ci NOT NULL,
  `desc` varchar(191) COLLATE utf8mb4_unicode_ci NOT NULL,
  `image` varchar(191) COLLATE utf8mb4_unicode_ci NOT NULL,
  `lang_id` bigint(20) UNSIGNED DEFAULT NULL,
  `source_id` bigint(20) UNSIGNED DEFAULT NULL,
  `sort_order` bigint(20) DEFAULT NULL,
  `status` bigint(20) DEFAULT NULL,
  `link` varchar(191) COLLATE utf8mb4_unicode_ci DEFAULT NULL,
  `created_at` timestamp NULL DEFAULT NULL,
  `updated_at` timestamp NULL DEFAULT NULL
) ENGINE=InnoDB DEFAULT CHARSET=utf8mb4 COLLATE=utf8mb4_unicode_ci;

--
-- Dumping data for table `sliders`
--

INSERT INTO `sliders` (`id`, `title`, `desc`, `image`, `lang_id`, `source_id`, `sort_order`, `status`, `link`, `created_at`, `updated_at`) VALUES
(28, 'usa slider', '', 'VKpUzPvfj4jUPLHH42u1xnuGlVf2Zj2vSjX8Rlme.jpeg', 2, NULL, 0, 1, 'http://127.0.0.1:9000/admin/panel/slider/create', '2019-10-23 01:33:05', '2019-10-29 05:53:35'),
(29, 'fgfg', '', 'NtxnPHYqy1W584aQdNeIllvdiDAPqQvEboKq75TB.jpeg', 2, NULL, 0, 1, 'http://127.0.0.1:9000/admin/panel/slider/create', '2019-10-23 02:23:56', '2019-10-23 02:24:43'),
(30, 'sd', '', '7eor6qmRlskHnhuK2RQrDJwcvShrlHFKOM2fGHMl.jpeg', 2, NULL, 0, 1, 'http://127.0.0.1:9000/admin/panel/slider/create', '2019-10-24 04:06:29', '2019-10-24 04:06:29');

-- --------------------------------------------------------

--
-- Table structure for table `spheres`
--

CREATE TABLE `spheres` (
  `id` int(11) UNSIGNED NOT NULL,
  `title` varchar(191) DEFAULT NULL,
  `price` int(10) DEFAULT NULL,
  `type` int(10) NOT NULL DEFAULT 0 COMMENT '0 == none & 1 == colored & 2 == transparent',
  `created_at` timestamp NULL DEFAULT NULL,
  `updated_at` timestamp NULL DEFAULT NULL
) ENGINE=InnoDB DEFAULT CHARSET=utf8;

--
-- Dumping data for table `spheres`
--

INSERT INTO `spheres` (`id`, `title`, `price`, `type`, `created_at`, `updated_at`) VALUES
(4, '-0.25', 0, 2, '2019-09-16 05:27:58', '2019-09-16 05:27:58'),
(5, '-0.50', 0, 2, '2019-09-16 05:28:23', '2019-09-16 05:28:23'),
(6, '-0.75', 0, 2, '2019-09-16 05:28:50', '2019-09-16 05:28:50'),
(7, '-1.00', 0, 2, '2019-09-16 05:29:21', '2019-09-16 05:29:21'),
(8, '-1.25', 0, 2, '2019-09-16 05:29:42', '2019-09-16 05:29:42'),
(9, '-1.50', 0, 2, '2019-09-16 05:30:49', '2019-09-16 05:30:49'),
(10, '-1.75', 0, 2, '2019-09-16 05:31:06', '2019-09-16 05:31:06'),
(11, '-2.00', 0, 2, '2019-09-16 05:31:19', '2019-09-16 05:31:19'),
(12, '-2.00', 0, 2, '2019-09-16 05:31:37', '2019-09-16 05:31:37'),
(13, '-2.25', 0, 2, '2019-09-16 05:31:56', '2019-09-16 05:31:56'),
(14, '-2.50', 0, 2, '2019-09-16 05:32:09', '2019-09-16 05:32:09'),
(15, '-2.75', 0, 2, '2019-09-16 05:32:24', '2019-09-16 05:32:24'),
(16, '-3.00', 0, 2, '2019-09-16 05:32:51', '2019-09-16 05:32:51'),
(17, '-3.25', 0, 2, '2019-09-16 05:33:17', '2019-09-16 05:33:17'),
(18, '-3.50', 0, 2, '2019-09-16 05:33:29', '2019-09-16 05:33:29'),
(19, '-3.75', 0, 2, '2019-09-16 05:33:39', '2019-09-16 05:33:39'),
(20, '-4.00', 0, 2, '2019-09-16 05:33:49', '2019-09-16 05:33:49'),
(21, '-4.25', 0, 2, '2019-09-16 05:34:09', '2019-09-16 05:34:09'),
(22, '-4.50', 0, 2, '2019-09-16 05:34:23', '2019-09-16 05:34:23'),
(23, '-4.75', 0, 2, '2019-09-16 05:34:49', '2019-09-16 05:34:49'),
(24, '-5.00', 0, 2, '2019-09-16 05:35:02', '2019-09-16 05:35:02'),
(25, '-5.25', 0, 2, '2019-09-16 05:35:21', '2019-09-16 05:35:21'),
(26, '-5.50', 0, 2, '2019-09-16 05:35:39', '2019-09-16 05:35:39'),
(27, '-5.75', 0, 2, '2019-09-16 05:35:52', '2019-09-16 05:35:52'),
(28, '-6.00', 0, 2, '2019-09-16 05:36:03', '2019-09-16 05:36:03'),
(29, '-6.25', 0, 2, '2019-09-16 05:37:09', '2019-09-16 05:37:09'),
(30, '-6.50', 0, 2, '2019-09-16 05:37:22', '2019-09-16 05:37:22'),
(31, '-6.75', 0, 2, '2019-09-16 05:37:37', '2019-09-16 05:37:37'),
(32, '-7.00', 0, 2, '2019-09-16 05:37:57', '2019-09-16 05:37:57'),
(33, '-7.25', 0, 2, '2019-09-16 05:38:13', '2019-09-16 05:38:13'),
(34, '-7.50', 0, 2, '2019-09-16 05:38:29', '2019-09-16 05:38:29'),
(35, '-7.75', 0, 2, '2019-09-16 05:38:44', '2019-09-16 05:38:44'),
(36, '-8.00', 0, 2, '2019-09-16 05:39:09', '2019-09-16 05:39:09'),
(37, '-8.25', 0, 2, '2019-09-16 05:39:26', '2019-09-16 05:39:26'),
(38, '-8.50', 0, 2, '2019-09-16 05:39:41', '2019-09-16 05:39:41'),
(39, '-8.75', 0, 2, '2019-09-16 05:39:59', '2019-09-16 05:39:59'),
(40, '-9.00', 0, 2, '2019-09-16 05:40:15', '2019-09-16 05:40:15'),
(41, '-9.50', 0, 2, '2019-09-16 05:40:28', '2019-09-16 05:40:28'),
(42, '-10.00', 0, 2, '2019-09-16 05:40:47', '2019-09-16 05:40:47'),
(43, '-10.50', 0, 2, '2019-09-16 05:41:06', '2019-09-16 05:41:06'),
(44, '-11.00', 0, 2, '2019-09-16 05:41:19', '2019-09-16 05:41:19'),
(45, '-11.50', 0, 2, '2019-09-16 05:41:31', '2019-09-16 05:41:31'),
(46, '-12.00', 0, 2, '2019-09-16 05:41:58', '2019-09-16 05:41:58'),
(47, '-12.50', 0, 2, '2019-09-16 05:42:13', '2019-09-16 05:42:13'),
(48, '-13.00', 0, 2, '2019-09-16 05:42:26', '2019-09-16 05:42:26'),
(49, '-13.50', 0, 2, '2019-09-16 05:42:42', '2019-09-16 05:42:42'),
(50, '-14.00', 0, 2, '2019-09-16 05:43:06', '2019-09-16 05:43:06'),
(51, '+0.25', 0, 2, '2019-09-16 05:44:15', '2019-09-16 05:44:15'),
(52, '+0.50', 0, 2, '2019-09-16 05:44:33', '2019-09-16 05:44:33'),
(53, '+0.75', 0, 2, '2019-09-16 05:44:48', '2019-09-16 05:44:48'),
(54, '+1.00', 0, 2, '2019-09-16 05:45:02', '2019-09-16 05:45:02'),
(55, '+1.25', 0, 2, '2019-09-16 05:45:14', '2019-09-16 05:45:14'),
(56, '+1.50', 0, 2, '2019-09-16 05:45:30', '2019-09-16 05:45:30'),
(57, '+1.75', 0, 2, '2019-09-16 05:45:44', '2019-09-16 05:45:44'),
(58, '+2.00', 0, 2, '2019-09-16 05:45:56', '2019-09-16 05:45:56'),
(59, '+2.25', 0, 2, '2019-09-16 05:46:09', '2019-09-16 05:46:09'),
(60, '+2.50', 0, 2, '2019-09-16 05:46:24', '2019-09-16 05:46:24'),
(61, '+2.75', 0, 2, '2019-09-16 05:46:38', '2019-09-16 05:46:38'),
(62, '+3.00', 0, 2, '2019-09-16 05:47:00', '2019-09-16 05:47:00'),
(63, '+3.25', 0, 2, '2019-09-16 05:47:13', '2019-09-16 05:47:13'),
(64, '+3.50', 0, 2, '2019-09-16 05:47:26', '2019-09-16 05:47:26'),
(65, '+3.75', 0, 2, '2019-09-16 05:47:46', '2019-09-16 05:47:46'),
(66, '+4.00', 0, 2, '2019-09-16 05:48:00', '2019-09-16 05:48:00'),
(67, '+4.25', 0, 2, '2019-09-16 05:48:14', '2019-09-16 05:48:14'),
(68, '+4.50', 0, 2, '2019-09-16 05:48:28', '2019-09-16 05:48:28'),
(69, '+4.75', 0, 2, '2019-09-16 05:48:44', '2019-09-16 05:48:44'),
(70, '+5.00', 0, 2, '2019-09-16 05:48:58', '2019-09-16 05:49:30'),
(71, '+5.25', 0, 2, '2019-09-16 05:49:43', '2019-09-16 05:49:43'),
(72, '+5.50', 0, 2, '2019-09-16 05:50:06', '2019-09-16 05:50:06'),
(73, '+5.75', 0, 2, '2019-09-16 05:50:26', '2019-09-16 05:50:26'),
(74, '+6.00', 0, 2, '2019-09-16 05:50:46', '2019-09-16 05:50:46'),
(75, '+6.50', 0, 2, '2019-09-16 05:51:22', '2019-09-16 05:51:22'),
(76, '+7.00', 0, 2, '2019-09-16 05:51:38', '2019-09-16 05:51:38'),
(77, '+7.50', 0, 2, '2019-09-16 05:51:51', '2019-09-16 05:51:51'),
(78, '+8.00', 0, 2, '2019-09-16 05:52:06', '2019-09-16 05:52:06'),
(79, '+8.50', 0, 2, '2019-09-16 05:52:19', '2019-09-16 05:52:19'),
(80, '+9.00', 0, 2, '2019-09-16 05:52:39', '2019-09-16 05:52:39'),
(81, '-9.50', 0, 2, '2019-09-16 05:52:55', '2019-09-16 05:52:55'),
(82, '+10.00', 0, 2, '2019-09-16 05:53:11', '2019-09-16 05:53:11'),
(83, '+10.50', 0, 2, '2019-09-16 05:53:26', '2019-09-16 05:53:26'),
(84, '+11.00', 0, 2, '2019-09-16 05:53:40', '2019-09-16 05:53:40'),
(85, '+11.50', 0, 2, '2019-09-16 05:53:53', '2019-09-16 05:53:53'),
(86, '+12.00', 0, 2, '2019-09-16 05:54:08', '2019-09-16 05:54:08'),
(87, '+12.50', 0, 2, '2019-09-16 05:54:34', '2019-09-16 05:54:34'),
(88, '+13.00', 0, 2, '2019-09-16 05:54:46', '2019-09-16 05:54:46'),
(89, '+13.50', 0, 2, '2019-09-16 05:54:57', '2019-09-16 05:54:57'),
(90, '+14.00', 0, 2, '2019-09-16 05:55:15', '2019-09-16 05:55:15'),
(91, '-0.25', 30, 1, '2019-09-16 06:31:57', '2019-09-16 06:31:57'),
(92, '-0.50', 30, 1, '2019-09-16 06:32:15', '2019-09-16 06:32:15'),
(93, '-0.75', 30, 1, '2019-09-16 06:32:31', '2019-09-16 06:32:31'),
(94, '-1.00', 30, 1, '2019-09-16 06:32:52', '2019-09-16 06:32:52'),
(95, '-1.25', 30, 1, '2019-09-16 06:33:06', '2019-09-16 06:35:32'),
(96, '-1.50', 30, 1, '2019-09-16 06:33:26', '2019-09-16 06:33:26'),
(97, '-1.75', 30, 1, '2019-09-16 06:33:40', '2019-09-16 06:33:40'),
(98, '-2.00', 30, 1, '2019-09-16 06:33:54', '2019-09-16 06:33:54'),
(99, '-2.25', 30, 1, '2019-09-16 06:34:09', '2019-09-16 06:34:09'),
(100, '-2.50', 30, 2, '2019-09-16 06:34:29', '2019-09-16 06:34:29'),
(101, '-2.75', 30, 1, '2019-09-16 06:36:05', '2019-09-16 06:36:05'),
(102, '-3.00', 30, 1, '2019-09-16 06:36:22', '2019-09-16 06:36:22'),
(103, '-3.25', 30, 1, '2019-09-16 06:36:38', '2019-09-16 06:36:38'),
(104, '-3.50', 30, 1, '2019-09-16 06:36:52', '2019-09-16 06:36:52'),
(105, '-3.75', 30, 1, '2019-09-16 06:37:06', '2019-09-16 06:37:06'),
(106, '-4.00', 30, 1, '2019-09-16 06:37:19', '2019-09-16 06:37:19'),
(107, '-4.25', 30, 1, '2019-09-16 06:37:34', '2019-09-16 06:48:13'),
(108, '-4.50', 30, 1, '2019-09-16 06:37:54', '2019-09-16 06:37:54'),
(109, '-4.75', 30, 1, '2019-09-16 06:38:10', '2019-09-16 06:38:10'),
(110, '-5.00', 30, 1, '2019-09-16 06:38:24', '2019-09-16 06:38:24'),
(111, '-5.25', 30, 1, '2019-09-16 06:38:45', '2019-09-16 06:38:45'),
(112, '-5.50', 30, 1, '2019-09-16 06:38:57', '2019-09-16 06:38:57'),
(113, '-5.75', 30, 1, '2019-09-16 06:39:12', '2019-09-16 06:39:12'),
(114, '-6.00', 30, 1, '2019-09-16 06:39:27', '2019-09-16 06:39:27'),
(115, '-6.50', 30, 1, '2019-09-16 06:42:54', '2019-09-16 06:42:54'),
(116, '-7.00', 30, 1, '2019-09-16 06:43:13', '2019-09-16 06:43:13'),
(117, '-7.50', 30, 1, '2019-09-16 06:43:31', '2019-09-16 06:43:31'),
(118, '-8.00', 30, 1, '2019-09-16 06:43:50', '2019-09-16 06:43:50'),
(119, '-8.50', 30, 1, '2019-09-16 06:44:05', '2019-09-16 06:44:05'),
(120, '-9.00', 30, 1, '2019-09-16 06:44:19', '2019-09-16 06:44:19'),
(121, '-9.50', 30, 1, '2019-09-16 06:44:36', '2019-09-16 06:44:36'),
(122, '-10.00', 30, 1, '2019-09-16 06:44:52', '2019-09-16 06:44:52'),
(123, '-10.50', 30, 1, '2019-09-16 06:45:05', '2019-09-16 06:45:05'),
(124, '-11.00', 30, 1, '2019-09-16 06:45:22', '2019-09-16 06:45:22'),
(125, '-11.50', 30, 1, '2019-09-16 06:45:40', '2019-09-16 06:45:40'),
(126, '-12.00', 30, 1, '2019-09-16 06:45:54', '2019-09-16 06:45:54'),
(127, '-12.50', 30, 1, '2019-09-16 06:46:09', '2019-09-16 06:46:09'),
(128, '-13.00', 30, 1, '2019-09-16 06:46:23', '2019-09-16 06:46:23'),
(129, '-13.50', 30, 1, '2019-09-16 06:46:36', '2019-09-16 06:46:36'),
(130, '-14.00', 30, 1, '2019-09-16 06:46:55', '2019-09-16 06:46:55'),
(131, '+0.25', 30, 1, '2019-09-16 06:50:03', '2019-09-16 06:50:03'),
(132, '+0.50', 30, 1, '2019-09-16 06:50:41', '2019-09-16 06:50:41'),
(133, '+0.75', 30, 1, '2019-09-16 06:50:54', '2019-09-16 06:50:54'),
(134, '+1.00', 30, 1, '2019-09-16 06:51:55', '2019-09-16 06:51:55'),
(135, '+1.25', 30, 1, '2019-09-16 06:52:26', '2019-09-16 06:52:26'),
(136, '+1.50', 30, 1, '2019-09-16 06:52:47', '2019-09-16 06:52:47'),
(137, '+1.75', 30, 1, '2019-09-16 06:53:00', '2019-09-16 06:53:00'),
(138, '+2.00', 30, 1, '2019-09-16 06:53:18', '2019-09-16 06:53:18'),
(139, '+2.25', 30, 1, '2019-09-16 06:53:33', '2019-09-16 06:53:33'),
(140, '+2.50', 30, 1, '2019-09-16 06:53:46', '2019-09-16 06:53:46'),
(141, '+2.75', 30, 1, '2019-09-16 06:53:59', '2019-09-16 06:53:59'),
(142, '+3.00', 30, 1, '2019-09-16 06:54:22', '2019-09-16 06:54:22'),
(143, '+3.25', 30, 1, '2019-09-16 06:54:42', '2019-09-16 06:54:42'),
(144, '+3.50', 30, 1, '2019-09-16 06:55:04', '2019-09-16 06:55:04'),
(145, '+3.75', 30, 1, '2019-09-16 06:56:08', '2019-09-16 06:56:08'),
(146, '+4.00', 30, 1, '2019-09-16 06:56:31', '2019-09-16 06:56:31'),
(147, '+4.25', 30, 1, '2019-09-16 06:57:02', '2019-09-16 06:57:02'),
(148, '+4.50', 30, 1, '2019-09-16 06:57:20', '2019-09-16 06:57:20'),
(149, '+4.75', 30, 1, '2019-09-16 06:58:17', '2019-09-16 06:58:17'),
(150, '+5.00', 30, 1, '2019-09-16 06:58:36', '2019-09-16 06:58:36'),
(151, '+5.25', 30, 1, '2019-09-16 06:58:52', '2019-09-16 06:58:52'),
(152, '+5.50', 30, 1, '2019-09-16 06:59:06', '2019-09-16 06:59:06'),
(153, '+5.75', 30, 1, '2019-09-16 06:59:19', '2019-09-16 06:59:19'),
(154, '+6.00', 30, 1, '2019-09-16 06:59:32', '2019-09-16 06:59:32'),
(155, '+6.50', 30, 1, '2019-09-16 07:00:31', '2019-09-16 07:00:31'),
(156, '+7.00', 30, 1, '2019-09-16 07:00:52', '2019-09-16 07:00:52'),
(157, '+7.50', 30, 1, '2019-09-16 07:01:08', '2019-09-16 07:01:08'),
(158, '+8.00', 30, 1, '2019-09-16 07:01:27', '2019-09-16 07:01:27'),
(159, '+9.00', 30, 1, '2019-09-16 07:01:44', '2019-09-16 07:01:44'),
(160, '+9.30', 30, 1, '2019-09-16 07:02:00', '2019-09-16 07:02:00'),
(161, '+10.00', 30, 1, '2019-09-16 07:02:15', '2019-09-16 07:02:15');

-- --------------------------------------------------------

--
-- Table structure for table `stock_statuses`
--

CREATE TABLE `stock_statuses` (
  `id` int(10) UNSIGNED NOT NULL,
  `created_at` timestamp NULL DEFAULT NULL,
  `updated_at` timestamp NULL DEFAULT NULL,
  `deleted_at` timestamp NULL DEFAULT NULL
) ENGINE=InnoDB DEFAULT CHARSET=utf8mb4 COLLATE=utf8mb4_unicode_ci;

--
-- Dumping data for table `stock_statuses`
--

INSERT INTO `stock_statuses` (`id`, `created_at`, `updated_at`, `deleted_at`) VALUES
(5, '2019-09-22 09:40:27', '2019-09-22 09:40:27', NULL),
(6, '2019-09-22 09:42:10', '2019-09-22 09:42:10', NULL);

-- --------------------------------------------------------

--
-- Table structure for table `stock_status_descriptions`
--

CREATE TABLE `stock_status_descriptions` (
  `id` int(11) NOT NULL,
  `name` varchar(255) NOT NULL,
  `stock_status_id` int(11) UNSIGNED NOT NULL,
  `language_id` int(10) UNSIGNED NOT NULL,
  `created_at` timestamp NULL DEFAULT NULL,
  `updated_at` timestamp NULL DEFAULT NULL,
  `deleted_at` timestamp NULL DEFAULT NULL
) ENGINE=InnoDB DEFAULT CHARSET=utf8;

--
-- Dumping data for table `stock_status_descriptions`
--

INSERT INTO `stock_status_descriptions` (`id`, `name`, `stock_status_id`, `language_id`, `created_at`, `updated_at`, `deleted_at`) VALUES
(5, 'MOHAMED', 5, 1, '2019-09-22 09:40:27', '2019-09-22 09:40:27', NULL),
(6, 'محمد', 5, 2, '2019-09-22 09:40:27', '2019-09-22 09:40:27', NULL),
(7, 'not available', 6, 1, '2019-09-22 09:42:10', '2019-09-22 09:42:10', NULL),
(8, 'غير متوفر', 6, 2, '2019-09-22 09:42:10', '2019-09-22 09:42:10', NULL);

-- --------------------------------------------------------

--
-- Table structure for table `store_homepages`
--

CREATE TABLE `store_homepages` (
  `id` int(10) UNSIGNED NOT NULL,
  `category_id` int(10) UNSIGNED DEFAULT NULL,
  `sort` tinyint(4) DEFAULT NULL,
  `template` tinyint(4) DEFAULT NULL,
  `created_at` timestamp NULL DEFAULT NULL,
  `updated_at` timestamp NULL DEFAULT NULL
) ENGINE=InnoDB DEFAULT CHARSET=utf8mb4 COLLATE=utf8mb4_unicode_ci;

--
-- Dumping data for table `store_homepages`
--

INSERT INTO `store_homepages` (`id`, `category_id`, `sort`, `template`, `created_at`, `updated_at`) VALUES
(7, 37, 2, 0, '2019-10-23 04:46:54', '2019-10-25 00:02:39'),
(8, 35, 3, 1, '2019-10-23 04:53:11', '2019-10-25 00:57:12'),
(9, 47, 1, 1, '2019-10-23 04:54:55', '2019-10-25 01:31:47'),
(10, 75, 4, 0, '2019-10-23 23:34:39', '2019-10-24 23:40:30');

-- --------------------------------------------------------

--
-- Table structure for table `translations`
--

CREATE TABLE `translations` (
  `id` int(10) UNSIGNED NOT NULL,
  `table_name` varchar(50) CHARACTER SET utf8mb4 COLLATE utf8mb4_unicode_ci DEFAULT NULL,
  `table_db_name` varchar(50) CHARACTER SET utf8mb4 COLLATE utf8mb4_unicode_ci DEFAULT NULL,
  `trans_cols` varchar(250) CHARACTER SET utf8mb4 COLLATE utf8mb4_unicode_ci DEFAULT NULL,
  `cols_as` varchar(250) CHARACTER SET utf8mb4 COLLATE utf8mb4_unicode_ci DEFAULT NULL,
  `is_system` tinyint(1) DEFAULT 0
) ENGINE=MyISAM DEFAULT CHARSET=latin1;

--
-- Dumping data for table `translations`
--

INSERT INTO `translations` (`id`, `table_name`, `table_db_name`, `trans_cols`, `cols_as`, `is_system`) VALUES
(8, 'artcl_categories', 'artcl_categories', 'title', 'title', 0),
(11, 'settings', 'settings', 'register_msg|title|TitleTopSearch|descriptionOnSearch|descrptionactivemember2', 'register_msg|title|TitleTopSearch|descriptionOnSearch|descrptionactivemember2', 0),
(13, 'sliders', 'sliders', 'title|desc', 'title|desc', 0);

-- --------------------------------------------------------

--
-- Table structure for table `users`
--

CREATE TABLE `users` (
  `id` bigint(20) UNSIGNED NOT NULL,
  `name` varchar(191) COLLATE utf8mb4_unicode_ci NOT NULL,
  `first_name` varchar(191) COLLATE utf8mb4_unicode_ci DEFAULT NULL,
  `last_name` varchar(191) COLLATE utf8mb4_unicode_ci DEFAULT NULL,
  `email` varchar(191) COLLATE utf8mb4_unicode_ci NOT NULL,
  `email_verified_at` timestamp NULL DEFAULT NULL,
  `password` varchar(191) COLLATE utf8mb4_unicode_ci NOT NULL,
  `guard` varchar(191) COLLATE utf8mb4_unicode_ci NOT NULL,
  `image` varchar(191) COLLATE utf8mb4_unicode_ci DEFAULT NULL,
  `country_id` int(20) UNSIGNED DEFAULT NULL,
  `remember_token` varchar(100) COLLATE utf8mb4_unicode_ci DEFAULT NULL,
  `created_at` timestamp NULL DEFAULT NULL,
  `updated_at` timestamp NULL DEFAULT NULL,
  `provider` varchar(191) COLLATE utf8mb4_unicode_ci DEFAULT NULL,
  `provider_id` varchar(191) COLLATE utf8mb4_unicode_ci DEFAULT NULL
) ENGINE=InnoDB DEFAULT CHARSET=utf8mb4 COLLATE=utf8mb4_unicode_ci;

--
-- Dumping data for table `users`
--

INSERT INTO `users` (`id`, `name`, `first_name`, `last_name`, `email`, `email_verified_at`, `password`, `guard`, `image`, `country_id`, `remember_token`, `created_at`, `updated_at`, `provider`, `provider_id`) VALUES
(1, 'admin', NULL, NULL, 'admin@admin.com', NULL, '$2y$10$8VV/F1ewWXR.E9N9g/seK.1A2aJeGhjeyFj67ddH8k4A5VvqBBIwa', 'admin', NULL, NULL, NULL, '2019-10-16 01:46:49', '2019-10-16 01:46:49', NULL, NULL),
(4, '', 'samerabooda', NULL, 'serv5@gmail.com', NULL, '$2y$10$WdPnhlSTiX59LNskj5z5aOs0V8.LlF9rbATALoCgO2wo6cx0zfJDi', 'web', 'i713AxsTjPs8IayQbUBoB6Fq7o3AgzlbMqRsvsm8.jpeg', 2, NULL, '2019-10-29 01:22:53', '2019-10-29 01:22:53', NULL, NULL),
(17, 'Samer Abdelmonem', NULL, NULL, 'samerabdelmonem96@gmail.com', NULL, '', 'web', NULL, NULL, NULL, '2019-10-29 04:13:07', '2019-10-29 04:13:07', 'facebook', '573280353408570');

-- --------------------------------------------------------

--
-- Table structure for table `user_rating`
--

CREATE TABLE `user_rating` (
  `id` int(10) UNSIGNED NOT NULL,
  `user_id` bigint(20) UNSIGNED DEFAULT NULL,
  `rating_id` int(10) UNSIGNED DEFAULT NULL,
  `rating` int(11) DEFAULT NULL,
  `comment` text COLLATE utf8mb4_unicode_ci DEFAULT NULL,
  `author` varchar(191) COLLATE utf8mb4_unicode_ci DEFAULT NULL,
  `approve` tinyint(4) NOT NULL DEFAULT 0,
  `created_at` timestamp NULL DEFAULT NULL,
  `updated_at` timestamp NULL DEFAULT NULL
) ENGINE=InnoDB DEFAULT CHARSET=utf8mb4 COLLATE=utf8mb4_unicode_ci;

--
-- Dumping data for table `user_rating`
--

INSERT INTO `user_rating` (`id`, `user_id`, `rating_id`, `rating`, `comment`, `author`, `approve`, `created_at`, `updated_at`) VALUES
(49, 1, 30, 3, 'fgufuuuuuu', 'hguhgugfu', 0, '2019-10-28 06:22:50', NULL);

--
-- Indexes for dumped tables
--

--
-- Indexes for table `artcl_categories`
--
ALTER TABLE `artcl_categories`
  ADD PRIMARY KEY (`id`),
  ADD KEY `artcl_categories_source_id_foreign` (`source_id`),
  ADD KEY `artcl_categories_lang_id_foreign` (`lang_id`);

--
-- Indexes for table `articles`
--
ALTER TABLE `articles`
  ADD PRIMARY KEY (`id`),
  ADD KEY `articles_lang_id_foreign` (`lang_id`),
  ADD KEY `articles_source_id_foreign` (`source_id`),
  ADD KEY `articles_category_id_foreign` (`category_id`);

--
-- Indexes for table `article_category`
--
ALTER TABLE `article_category`
  ADD PRIMARY KEY (`id`),
  ADD KEY `article_category_category_id_foreign` (`category_id`),
  ADD KEY `article_category_article_id_foreign` (`article_id`);

--
-- Indexes for table `attribute_groups`
--
ALTER TABLE `attribute_groups`
  ADD PRIMARY KEY (`id`);

--
-- Indexes for table `attribute_group_descriptions`
--
ALTER TABLE `attribute_group_descriptions`
  ADD PRIMARY KEY (`id`),
  ADD KEY `attribute_group_description_attribute_group_id_foreign` (`attribute_group_id`),
  ADD KEY `attribute_group_description_language_id_foreign` (`language_id`);

--
-- Indexes for table `axis`
--
ALTER TABLE `axis`
  ADD PRIMARY KEY (`id`);

--
-- Indexes for table `categories`
--
ALTER TABLE `categories`
  ADD PRIMARY KEY (`id`),
  ADD KEY `categories_parent_id_foreign` (`parent_id`);

--
-- Indexes for table `category_descriptions`
--
ALTER TABLE `category_descriptions`
  ADD PRIMARY KEY (`id`),
  ADD KEY `category_description_category_id_foreign` (`category_id`),
  ADD KEY `category_description_language_id_foreign` (`language_id`);

--
-- Indexes for table `contacts`
--
ALTER TABLE `contacts`
  ADD PRIMARY KEY (`id`),
  ADD KEY `contacts_country_id_foreign` (`country_id`);

--
-- Indexes for table `countries`
--
ALTER TABLE `countries`
  ADD PRIMARY KEY (`id`),
  ADD KEY `countries_currency_id_foreign` (`currency_id`);

--
-- Indexes for table `country_descriptions`
--
ALTER TABLE `country_descriptions`
  ADD PRIMARY KEY (`id`),
  ADD KEY `country_id` (`country_id`),
  ADD KEY `language_id` (`language_id`);

--
-- Indexes for table `country_languages`
--
ALTER TABLE `country_languages`
  ADD PRIMARY KEY (`id`),
  ADD KEY `language_id` (`language_id`),
  ADD KEY `country_id` (`country_id`);

--
-- Indexes for table `country_payment_methods`
--
ALTER TABLE `country_payment_methods`
  ADD PRIMARY KEY (`id`),
  ADD KEY `country_id` (`country_id`);

--
-- Indexes for table `country_slider`
--
ALTER TABLE `country_slider`
  ADD PRIMARY KEY (`id`),
  ADD KEY `country_id` (`country_id`),
  ADD KEY `slider_id` (`slider_id`);

--
-- Indexes for table `currencies`
--
ALTER TABLE `currencies`
  ADD PRIMARY KEY (`id`),
  ADD KEY `country_id` (`language_id`);

--
-- Indexes for table `cylinder`
--
ALTER TABLE `cylinder`
  ADD PRIMARY KEY (`id`);

--
-- Indexes for table `favorites`
--
ALTER TABLE `favorites`
  ADD PRIMARY KEY (`user_id`,`favoriteable_id`,`favoriteable_type`),
  ADD KEY `favorites_favoriteable_type_favoriteable_id_index` (`favoriteable_type`,`favoriteable_id`),
  ADD KEY `favorites_user_id_index` (`user_id`);

--
-- Indexes for table `languages`
--
ALTER TABLE `languages`
  ADD PRIMARY KEY (`id`);

--
-- Indexes for table `manufacturers`
--
ALTER TABLE `manufacturers`
  ADD PRIMARY KEY (`id`);

--
-- Indexes for table `migrations`
--
ALTER TABLE `migrations`
  ADD PRIMARY KEY (`id`);

--
-- Indexes for table `model_has_permissions`
--
ALTER TABLE `model_has_permissions`
  ADD PRIMARY KEY (`permission_id`,`model_id`,`model_type`),
  ADD KEY `model_has_permissions_model_id_model_type_index` (`model_id`,`model_type`);

--
-- Indexes for table `model_has_roles`
--
ALTER TABLE `model_has_roles`
  ADD PRIMARY KEY (`role_id`,`model_id`,`model_type`),
  ADD KEY `model_has_roles_model_id_model_type_index` (`model_id`,`model_type`);

--
-- Indexes for table `newsletters`
--
ALTER TABLE `newsletters`
  ADD PRIMARY KEY (`id`);

--
-- Indexes for table `options`
--
ALTER TABLE `options`
  ADD PRIMARY KEY (`id`),
  ADD KEY `product_id` (`product_id`);

--
-- Indexes for table `option_data`
--
ALTER TABLE `option_data`
  ADD PRIMARY KEY (`id`),
  ADD KEY `option_language_foreign` (`language_id`),
  ADD KEY `option_descriptions_option_id_foreign` (`option_id`);

--
-- Indexes for table `option_price`
--
ALTER TABLE `option_price`
  ADD PRIMARY KEY (`id`),
  ADD KEY `option_descriptions_option_id_foreign` (`option_id`),
  ADD KEY `country_index` (`country_id`);

--
-- Indexes for table `password_resets`
--
ALTER TABLE `password_resets`
  ADD KEY `password_resets_email_index` (`email`);

--
-- Indexes for table `permissions`
--
ALTER TABLE `permissions`
  ADD PRIMARY KEY (`id`);

--
-- Indexes for table `products`
--
ALTER TABLE `products`
  ADD PRIMARY KEY (`id`);

--
-- Indexes for table `products_axis`
--
ALTER TABLE `products_axis`
  ADD PRIMARY KEY (`id`),
  ADD KEY `axis_id` (`axis_id`);

--
-- Indexes for table `products_cylinder`
--
ALTER TABLE `products_cylinder`
  ADD PRIMARY KEY (`id`),
  ADD KEY `cylinder_id` (`cylinder_id`);

--
-- Indexes for table `products_spheres`
--
ALTER TABLE `products_spheres`
  ADD PRIMARY KEY (`id`),
  ADD KEY `product_id` (`product_id`),
  ADD KEY `sphere_id` (`sphere_id`);

--
-- Indexes for table `product_attributes`
--
ALTER TABLE `product_attributes`
  ADD PRIMARY KEY (`id`),
  ADD KEY `product_attributes_product_id_foreign` (`product_id`),
  ADD KEY `product_attributes_language_id_foreign` (`language_id`),
  ADD KEY `product_attributes_pr_attribute_id_foreign` (`pr_attribute_id`);

--
-- Indexes for table `product_categories`
--
ALTER TABLE `product_categories`
  ADD PRIMARY KEY (`id`),
  ADD KEY `product_categories_product_id_foreign` (`product_id`),
  ADD KEY `product_categories_category_id_foreign` (`category_id`);

--
-- Indexes for table `product_colors`
--
ALTER TABLE `product_colors`
  ADD PRIMARY KEY (`id`),
  ADD KEY `product_colors_product_id` (`product_id`);

--
-- Indexes for table `product_color_descriptions`
--
ALTER TABLE `product_color_descriptions`
  ADD PRIMARY KEY (`id`),
  ADD KEY `language_id` (`language_id`),
  ADD KEY `product_color_id` (`product_color_id`);

--
-- Indexes for table `product_descriptions`
--
ALTER TABLE `product_descriptions`
  ADD PRIMARY KEY (`id`),
  ADD KEY `product_description_product_id_foreign` (`product_id`),
  ADD KEY `product_description_language_id_foreign` (`language_id`);

--
-- Indexes for table `product_discounts`
--
ALTER TABLE `product_discounts`
  ADD PRIMARY KEY (`id`),
  ADD KEY `product_id` (`product_id`);

--
-- Indexes for table `product_images`
--
ALTER TABLE `product_images`
  ADD PRIMARY KEY (`id`),
  ADD KEY `product_image_product_id_foreign` (`product_id`);

--
-- Indexes for table `product_options`
--
ALTER TABLE `product_options`
  ADD PRIMARY KEY (`id`);

--
-- Indexes for table `product_option_parents`
--
ALTER TABLE `product_option_parents`
  ADD PRIMARY KEY (`id`);

--
-- Indexes for table `product_option_parent_values`
--
ALTER TABLE `product_option_parent_values`
  ADD PRIMARY KEY (`id`);

--
-- Indexes for table `product_price`
--
ALTER TABLE `product_price`
  ADD PRIMARY KEY (`id`),
  ADD KEY `country_id_fk` (`country_id`),
  ADD KEY `product_id_fk` (`product_id`);

--
-- Indexes for table `product_reviews`
--
ALTER TABLE `product_reviews`
  ADD PRIMARY KEY (`id`),
  ADD KEY `product_reviews_product_review_id` (`product_id`);

--
-- Indexes for table `product_shipping_couriers`
--
ALTER TABLE `product_shipping_couriers`
  ADD PRIMARY KEY (`id`),
  ADD KEY `product_shipping_couriers_fk_shipping_courier_id` (`shipping_courier_id`),
  ADD KEY `product_shipping_couriers_fk_` (`product_id`);

--
-- Indexes for table `product_show_options`
--
ALTER TABLE `product_show_options`
  ADD PRIMARY KEY (`id`),
  ADD KEY `product_id_fk2` (`product_id`);

--
-- Indexes for table `pr_attributes`
--
ALTER TABLE `pr_attributes`
  ADD PRIMARY KEY (`id`),
  ADD KEY `attribute_group_id` (`attribute_group_id`);

--
-- Indexes for table `pr_attribute_descriptions`
--
ALTER TABLE `pr_attribute_descriptions`
  ADD PRIMARY KEY (`id`),
  ADD KEY `attribute_description_language_id_foreign` (`language_id`),
  ADD KEY `attribute_description_attribute_id_foreign` (`pr_attribute_id`);

--
-- Indexes for table `ratings`
--
ALTER TABLE `ratings`
  ADD PRIMARY KEY (`id`),
  ADD KEY `ratings_product_id_foreign` (`product_id`);

--
-- Indexes for table `related_products`
--
ALTER TABLE `related_products`
  ADD PRIMARY KEY (`id`),
  ADD KEY `product_related_product_id_foreign` (`product_id`),
  ADD KEY `product_related_related_id_foreign` (`related_id`);

--
-- Indexes for table `roles`
--
ALTER TABLE `roles`
  ADD PRIMARY KEY (`id`);

--
-- Indexes for table `role_has_permissions`
--
ALTER TABLE `role_has_permissions`
  ADD PRIMARY KEY (`permission_id`,`role_id`),
  ADD KEY `role_has_permissions_role_id_foreign` (`role_id`);

--
-- Indexes for table `settings`
--
ALTER TABLE `settings`
  ADD PRIMARY KEY (`id`),
  ADD KEY `source_id` (`source_id`),
  ADD KEY `lang_id` (`lang_id`);

--
-- Indexes for table `shipping_couriers`
--
ALTER TABLE `shipping_couriers`
  ADD PRIMARY KEY (`id`);

--
-- Indexes for table `sliders`
--
ALTER TABLE `sliders`
  ADD PRIMARY KEY (`id`),
  ADD KEY `lang_id` (`lang_id`),
  ADD KEY `sliders_ibfk_2` (`source_id`);

--
-- Indexes for table `spheres`
--
ALTER TABLE `spheres`
  ADD PRIMARY KEY (`id`);

--
-- Indexes for table `stock_statuses`
--
ALTER TABLE `stock_statuses`
  ADD PRIMARY KEY (`id`);

--
-- Indexes for table `stock_status_descriptions`
--
ALTER TABLE `stock_status_descriptions`
  ADD PRIMARY KEY (`id`),
  ADD KEY `stock_status_id_foriegn` (`stock_status_id`),
  ADD KEY `language_id_foriegn` (`language_id`);

--
-- Indexes for table `store_homepages`
--
ALTER TABLE `store_homepages`
  ADD PRIMARY KEY (`id`),
  ADD KEY `store_homepages_category_id_foreign` (`category_id`);

--
-- Indexes for table `translations`
--
ALTER TABLE `translations`
  ADD PRIMARY KEY (`id`);

--
-- Indexes for table `users`
--
ALTER TABLE `users`
  ADD PRIMARY KEY (`id`),
  ADD UNIQUE KEY `users_email_unique` (`email`),
  ADD KEY `country_id` (`country_id`);

--
-- Indexes for table `user_rating`
--
ALTER TABLE `user_rating`
  ADD PRIMARY KEY (`id`),
  ADD KEY `user_rating_user_id_foreign` (`user_id`),
  ADD KEY `user_rating_rating_id_foreign` (`rating_id`);

--
-- AUTO_INCREMENT for dumped tables
--

--
-- AUTO_INCREMENT for table `artcl_categories`
--
ALTER TABLE `artcl_categories`
  MODIFY `id` int(10) UNSIGNED NOT NULL AUTO_INCREMENT;

--
-- AUTO_INCREMENT for table `articles`
--
ALTER TABLE `articles`
  MODIFY `id` int(10) UNSIGNED NOT NULL AUTO_INCREMENT;

--
-- AUTO_INCREMENT for table `article_category`
--
ALTER TABLE `article_category`
  MODIFY `id` int(10) UNSIGNED NOT NULL AUTO_INCREMENT;

--
-- AUTO_INCREMENT for table `attribute_groups`
--
ALTER TABLE `attribute_groups`
  MODIFY `id` int(10) UNSIGNED NOT NULL AUTO_INCREMENT, AUTO_INCREMENT=16;

--
-- AUTO_INCREMENT for table `attribute_group_descriptions`
--
ALTER TABLE `attribute_group_descriptions`
  MODIFY `id` int(10) UNSIGNED NOT NULL AUTO_INCREMENT, AUTO_INCREMENT=30;

--
-- AUTO_INCREMENT for table `axis`
--
ALTER TABLE `axis`
  MODIFY `id` int(10) UNSIGNED NOT NULL AUTO_INCREMENT, AUTO_INCREMENT=22;

--
-- AUTO_INCREMENT for table `categories`
--
ALTER TABLE `categories`
  MODIFY `id` int(10) UNSIGNED NOT NULL AUTO_INCREMENT, AUTO_INCREMENT=122;

--
-- AUTO_INCREMENT for table `category_descriptions`
--
ALTER TABLE `category_descriptions`
  MODIFY `id` bigint(20) UNSIGNED NOT NULL AUTO_INCREMENT, AUTO_INCREMENT=223;

--
-- AUTO_INCREMENT for table `contacts`
--
ALTER TABLE `contacts`
  MODIFY `id` int(10) UNSIGNED NOT NULL AUTO_INCREMENT;

--
-- AUTO_INCREMENT for table `country_descriptions`
--
ALTER TABLE `country_descriptions`
  MODIFY `id` int(10) UNSIGNED NOT NULL AUTO_INCREMENT, AUTO_INCREMENT=15;

--
-- AUTO_INCREMENT for table `country_languages`
--
ALTER TABLE `country_languages`
  MODIFY `id` int(11) NOT NULL AUTO_INCREMENT, AUTO_INCREMENT=20;

--
-- AUTO_INCREMENT for table `country_payment_methods`
--
ALTER TABLE `country_payment_methods`
  MODIFY `id` int(11) NOT NULL AUTO_INCREMENT, AUTO_INCREMENT=11;

--
-- AUTO_INCREMENT for table `country_slider`
--
ALTER TABLE `country_slider`
  MODIFY `id` int(10) UNSIGNED NOT NULL AUTO_INCREMENT, AUTO_INCREMENT=52;

--
-- AUTO_INCREMENT for table `cylinder`
--
ALTER TABLE `cylinder`
  MODIFY `id` int(10) UNSIGNED NOT NULL AUTO_INCREMENT, AUTO_INCREMENT=19;

--
-- AUTO_INCREMENT for table `migrations`
--
ALTER TABLE `migrations`
  MODIFY `id` int(10) UNSIGNED NOT NULL AUTO_INCREMENT, AUTO_INCREMENT=19;

--
-- AUTO_INCREMENT for table `newsletters`
--
ALTER TABLE `newsletters`
  MODIFY `id` int(10) UNSIGNED NOT NULL AUTO_INCREMENT;

--
-- AUTO_INCREMENT for table `permissions`
--
ALTER TABLE `permissions`
  MODIFY `id` int(10) UNSIGNED NOT NULL AUTO_INCREMENT, AUTO_INCREMENT=46;

--
-- AUTO_INCREMENT for table `products`
--
ALTER TABLE `products`
  MODIFY `id` int(10) UNSIGNED NOT NULL AUTO_INCREMENT, AUTO_INCREMENT=214;

--
-- AUTO_INCREMENT for table `products_axis`
--
ALTER TABLE `products_axis`
  MODIFY `id` int(10) UNSIGNED NOT NULL AUTO_INCREMENT, AUTO_INCREMENT=119;

--
-- AUTO_INCREMENT for table `products_cylinder`
--
ALTER TABLE `products_cylinder`
  MODIFY `id` int(10) NOT NULL AUTO_INCREMENT, AUTO_INCREMENT=34;

--
-- AUTO_INCREMENT for table `products_spheres`
--
ALTER TABLE `products_spheres`
  MODIFY `id` int(10) UNSIGNED NOT NULL AUTO_INCREMENT, AUTO_INCREMENT=3371;

--
-- AUTO_INCREMENT for table `product_categories`
--
ALTER TABLE `product_categories`
  MODIFY `id` int(10) UNSIGNED NOT NULL AUTO_INCREMENT, AUTO_INCREMENT=617;

--
-- AUTO_INCREMENT for table `product_colors`
--
ALTER TABLE `product_colors`
  MODIFY `id` int(10) UNSIGNED NOT NULL AUTO_INCREMENT, AUTO_INCREMENT=312;

--
-- AUTO_INCREMENT for table `product_color_descriptions`
--
ALTER TABLE `product_color_descriptions`
  MODIFY `id` int(11) NOT NULL AUTO_INCREMENT, AUTO_INCREMENT=496;

--
-- AUTO_INCREMENT for table `product_descriptions`
--
ALTER TABLE `product_descriptions`
  MODIFY `id` int(10) UNSIGNED NOT NULL AUTO_INCREMENT, AUTO_INCREMENT=283;

--
-- AUTO_INCREMENT for table `product_discounts`
--
ALTER TABLE `product_discounts`
  MODIFY `id` int(10) UNSIGNED NOT NULL AUTO_INCREMENT;

--
-- AUTO_INCREMENT for table `product_images`
--
ALTER TABLE `product_images`
  MODIFY `id` int(10) UNSIGNED NOT NULL AUTO_INCREMENT, AUTO_INCREMENT=91;

--
-- AUTO_INCREMENT for table `product_options`
--
ALTER TABLE `product_options`
  MODIFY `id` int(10) UNSIGNED NOT NULL AUTO_INCREMENT;

--
-- AUTO_INCREMENT for table `product_option_parents`
--
ALTER TABLE `product_option_parents`
  MODIFY `id` int(11) NOT NULL AUTO_INCREMENT;

--
-- AUTO_INCREMENT for table `product_option_parent_values`
--
ALTER TABLE `product_option_parent_values`
  MODIFY `id` int(11) NOT NULL AUTO_INCREMENT;

--
-- AUTO_INCREMENT for table `product_price`
--
ALTER TABLE `product_price`
  MODIFY `id` int(10) NOT NULL AUTO_INCREMENT, AUTO_INCREMENT=678;

--
-- AUTO_INCREMENT for table `product_shipping_couriers`
--
ALTER TABLE `product_shipping_couriers`
  MODIFY `id` int(11) NOT NULL AUTO_INCREMENT;

--
-- AUTO_INCREMENT for table `product_show_options`
--
ALTER TABLE `product_show_options`
  MODIFY `id` int(10) NOT NULL AUTO_INCREMENT, AUTO_INCREMENT=322;

--
-- AUTO_INCREMENT for table `pr_attributes`
--
ALTER TABLE `pr_attributes`
  MODIFY `id` int(10) UNSIGNED NOT NULL AUTO_INCREMENT, AUTO_INCREMENT=64;

--
-- AUTO_INCREMENT for table `pr_attribute_descriptions`
--
ALTER TABLE `pr_attribute_descriptions`
  MODIFY `id` int(10) UNSIGNED NOT NULL AUTO_INCREMENT, AUTO_INCREMENT=119;

--
-- AUTO_INCREMENT for table `ratings`
--
ALTER TABLE `ratings`
  MODIFY `id` int(10) UNSIGNED NOT NULL AUTO_INCREMENT, AUTO_INCREMENT=32;

--
-- AUTO_INCREMENT for table `related_products`
--
ALTER TABLE `related_products`
  MODIFY `id` int(10) UNSIGNED NOT NULL AUTO_INCREMENT, AUTO_INCREMENT=220;

--
-- AUTO_INCREMENT for table `roles`
--
ALTER TABLE `roles`
  MODIFY `id` int(10) UNSIGNED NOT NULL AUTO_INCREMENT, AUTO_INCREMENT=7;

--
-- AUTO_INCREMENT for table `settings`
--
ALTER TABLE `settings`
  MODIFY `id` bigint(20) UNSIGNED NOT NULL AUTO_INCREMENT, AUTO_INCREMENT=9;

--
-- AUTO_INCREMENT for table `sliders`
--
ALTER TABLE `sliders`
  MODIFY `id` bigint(20) UNSIGNED NOT NULL AUTO_INCREMENT, AUTO_INCREMENT=31;

--
-- AUTO_INCREMENT for table `store_homepages`
--
ALTER TABLE `store_homepages`
  MODIFY `id` int(10) UNSIGNED NOT NULL AUTO_INCREMENT, AUTO_INCREMENT=11;

--
-- AUTO_INCREMENT for table `translations`
--
ALTER TABLE `translations`
  MODIFY `id` int(10) UNSIGNED NOT NULL AUTO_INCREMENT, AUTO_INCREMENT=14;

--
-- AUTO_INCREMENT for table `users`
--
ALTER TABLE `users`
  MODIFY `id` bigint(20) UNSIGNED NOT NULL AUTO_INCREMENT, AUTO_INCREMENT=18;

--
-- AUTO_INCREMENT for table `user_rating`
--
ALTER TABLE `user_rating`
  MODIFY `id` int(10) UNSIGNED NOT NULL AUTO_INCREMENT, AUTO_INCREMENT=50;

--
-- Constraints for dumped tables
--

--
-- Constraints for table `artcl_categories`
--
ALTER TABLE `artcl_categories`
  ADD CONSTRAINT `artcl_categories_lang_id_foreign` FOREIGN KEY (`lang_id`) REFERENCES `languages` (`id`) ON DELETE CASCADE ON UPDATE CASCADE,
  ADD CONSTRAINT `artcl_categories_source_id_foreign` FOREIGN KEY (`source_id`) REFERENCES `articles` (`id`) ON DELETE CASCADE ON UPDATE CASCADE;

--
-- Constraints for table `articles`
--
ALTER TABLE `articles`
  ADD CONSTRAINT `articles_category_id_foreign` FOREIGN KEY (`category_id`) REFERENCES `artcl_categories` (`id`) ON DELETE CASCADE ON UPDATE CASCADE,
  ADD CONSTRAINT `articles_lang_id_foreign` FOREIGN KEY (`lang_id`) REFERENCES `languages` (`id`) ON DELETE CASCADE ON UPDATE CASCADE,
  ADD CONSTRAINT `articles_source_id_foreign` FOREIGN KEY (`source_id`) REFERENCES `articles` (`id`) ON DELETE CASCADE ON UPDATE CASCADE;

--
-- Constraints for table `article_category`
--
ALTER TABLE `article_category`
  ADD CONSTRAINT `article_category_article_id_foreign` FOREIGN KEY (`article_id`) REFERENCES `articles` (`id`) ON DELETE CASCADE ON UPDATE CASCADE,
  ADD CONSTRAINT `article_category_category_id_foreign` FOREIGN KEY (`category_id`) REFERENCES `artcl_categories` (`id`) ON DELETE CASCADE ON UPDATE CASCADE;

--
-- Constraints for table `attribute_group_descriptions`
--
ALTER TABLE `attribute_group_descriptions`
  ADD CONSTRAINT `attribute_group_descriptions_ibfk_1` FOREIGN KEY (`attribute_group_id`) REFERENCES `attribute_groups` (`id`),
  ADD CONSTRAINT `attribute_group_descriptions_ibfk_2` FOREIGN KEY (`language_id`) REFERENCES `languages` (`id`);

--
-- Constraints for table `categories`
--
ALTER TABLE `categories`
  ADD CONSTRAINT `categories_ibfk_1` FOREIGN KEY (`parent_id`) REFERENCES `categories` (`id`);

--
-- Constraints for table `category_descriptions`
--
ALTER TABLE `category_descriptions`
  ADD CONSTRAINT `category_descriptions_ibfk_1` FOREIGN KEY (`category_id`) REFERENCES `categories` (`id`) ON DELETE NO ACTION ON UPDATE NO ACTION;

--
-- Constraints for table `contacts`
--
ALTER TABLE `contacts`
  ADD CONSTRAINT `contacts_country_id_foreign` FOREIGN KEY (`country_id`) REFERENCES `countries` (`id`) ON DELETE CASCADE ON UPDATE CASCADE;

--
-- Constraints for table `country_descriptions`
--
ALTER TABLE `country_descriptions`
  ADD CONSTRAINT `country_descriptions_ibfk_1` FOREIGN KEY (`country_id`) REFERENCES `countries` (`id`),
  ADD CONSTRAINT `country_descriptions_ibfk_2` FOREIGN KEY (`language_id`) REFERENCES `languages` (`id`);

--
-- Constraints for table `country_languages`
--
ALTER TABLE `country_languages`
  ADD CONSTRAINT `country_languages_ibfk_1` FOREIGN KEY (`language_id`) REFERENCES `languages` (`id`),
  ADD CONSTRAINT `country_languages_ibfk_2` FOREIGN KEY (`country_id`) REFERENCES `countries` (`id`);

--
-- Constraints for table `country_payment_methods`
--
ALTER TABLE `country_payment_methods`
  ADD CONSTRAINT `country_payment_methods_ibfk_1` FOREIGN KEY (`country_id`) REFERENCES `countries` (`id`);

--
-- Constraints for table `country_slider`
--
ALTER TABLE `country_slider`
  ADD CONSTRAINT `country_slider_ibfk_1` FOREIGN KEY (`country_id`) REFERENCES `countries` (`id`),
  ADD CONSTRAINT `country_slider_ibfk_2` FOREIGN KEY (`slider_id`) REFERENCES `sliders` (`id`);

--
-- Constraints for table `model_has_permissions`
--
ALTER TABLE `model_has_permissions`
  ADD CONSTRAINT `model_has_permissions_permission_id_foreign` FOREIGN KEY (`permission_id`) REFERENCES `permissions` (`id`) ON DELETE CASCADE;

--
-- Constraints for table `model_has_roles`
--
ALTER TABLE `model_has_roles`
  ADD CONSTRAINT `model_has_roles_role_id_foreign` FOREIGN KEY (`role_id`) REFERENCES `roles` (`id`) ON DELETE CASCADE;

--
-- Constraints for table `option_data`
--
ALTER TABLE `option_data`
  ADD CONSTRAINT `option_data_ibfk_1` FOREIGN KEY (`option_id`) REFERENCES `options` (`id`),
  ADD CONSTRAINT `option_data_ibfk_2` FOREIGN KEY (`language_id`) REFERENCES `languages` (`id`);

--
-- Constraints for table `products_axis`
--
ALTER TABLE `products_axis`
  ADD CONSTRAINT `products_axis_ibfk_1` FOREIGN KEY (`axis_id`) REFERENCES `axis` (`id`);

--
-- Constraints for table `products_cylinder`
--
ALTER TABLE `products_cylinder`
  ADD CONSTRAINT `products_cylinder_ibfk_1` FOREIGN KEY (`cylinder_id`) REFERENCES `cylinder` (`id`);

--
-- Constraints for table `product_attributes`
--
ALTER TABLE `product_attributes`
  ADD CONSTRAINT `product_attributes_ibfk_1` FOREIGN KEY (`language_id`) REFERENCES `languages` (`id`),
  ADD CONSTRAINT `product_attributes_ibfk_2` FOREIGN KEY (`pr_attribute_id`) REFERENCES `pr_attributes` (`id`);

--
-- Constraints for table `product_categories`
--
ALTER TABLE `product_categories`
  ADD CONSTRAINT `product_categories_ibfk_1` FOREIGN KEY (`category_id`) REFERENCES `categories` (`id`);

--
-- Constraints for table `product_colors`
--
ALTER TABLE `product_colors`
  ADD CONSTRAINT `product_colors_ibfk_1` FOREIGN KEY (`product_id`) REFERENCES `products` (`id`);

--
-- Constraints for table `product_color_descriptions`
--
ALTER TABLE `product_color_descriptions`
  ADD CONSTRAINT `product_color_descriptions_ibfk_1` FOREIGN KEY (`language_id`) REFERENCES `languages` (`id`),
  ADD CONSTRAINT `product_color_descriptions_ibfk_2` FOREIGN KEY (`product_color_id`) REFERENCES `product_colors` (`id`);

--
-- Constraints for table `product_descriptions`
--
ALTER TABLE `product_descriptions`
  ADD CONSTRAINT `product_descriptions_ibfk_1` FOREIGN KEY (`language_id`) REFERENCES `languages` (`id`),
  ADD CONSTRAINT `product_descriptions_ibfk_2` FOREIGN KEY (`product_id`) REFERENCES `products` (`id`);

--
-- Constraints for table `product_discounts`
--
ALTER TABLE `product_discounts`
  ADD CONSTRAINT `product_discounts_ibfk_1` FOREIGN KEY (`product_id`) REFERENCES `products` (`id`);

--
-- Constraints for table `pr_attributes`
--
ALTER TABLE `pr_attributes`
  ADD CONSTRAINT `pr_attributes_ibfk_1` FOREIGN KEY (`attribute_group_id`) REFERENCES `attribute_groups` (`id`);

--
-- Constraints for table `pr_attribute_descriptions`
--
ALTER TABLE `pr_attribute_descriptions`
  ADD CONSTRAINT `pr_attribute_descriptions_ibfk_1` FOREIGN KEY (`pr_attribute_id`) REFERENCES `pr_attributes` (`id`),
  ADD CONSTRAINT `pr_attribute_descriptions_ibfk_2` FOREIGN KEY (`language_id`) REFERENCES `languages` (`id`);

--
-- Constraints for table `ratings`
--
ALTER TABLE `ratings`
  ADD CONSTRAINT `ratings_product_id_foreign` FOREIGN KEY (`product_id`) REFERENCES `products` (`id`) ON DELETE CASCADE ON UPDATE CASCADE;

--
-- Constraints for table `role_has_permissions`
--
ALTER TABLE `role_has_permissions`
  ADD CONSTRAINT `role_has_permissions_permission_id_foreign` FOREIGN KEY (`permission_id`) REFERENCES `permissions` (`id`) ON DELETE CASCADE,
  ADD CONSTRAINT `role_has_permissions_role_id_foreign` FOREIGN KEY (`role_id`) REFERENCES `roles` (`id`) ON DELETE CASCADE;

--
-- Constraints for table `sliders`
--
ALTER TABLE `sliders`
  ADD CONSTRAINT `sliders_ibfk_1` FOREIGN KEY (`source_id`) REFERENCES `sliders` (`id`);

--
-- Constraints for table `store_homepages`
--
ALTER TABLE `store_homepages`
  ADD CONSTRAINT `store_homepages_category_id_foreign` FOREIGN KEY (`category_id`) REFERENCES `categories` (`id`) ON DELETE NO ACTION ON UPDATE NO ACTION;

--
-- Constraints for table `users`
--
ALTER TABLE `users`
  ADD CONSTRAINT `users_ibfk_1` FOREIGN KEY (`country_id`) REFERENCES `countries` (`id`);

--
-- Constraints for table `user_rating`
--
ALTER TABLE `user_rating`
  ADD CONSTRAINT `user_rating_rating_id_foreign` FOREIGN KEY (`rating_id`) REFERENCES `ratings` (`id`) ON DELETE CASCADE ON UPDATE CASCADE,
  ADD CONSTRAINT `user_rating_user_id_foreign` FOREIGN KEY (`user_id`) REFERENCES `users` (`id`) ON DELETE CASCADE ON UPDATE CASCADE;
COMMIT;

/*!40101 SET CHARACTER_SET_CLIENT=@OLD_CHARACTER_SET_CLIENT */;
/*!40101 SET CHARACTER_SET_RESULTS=@OLD_CHARACTER_SET_RESULTS */;
/*!40101 SET COLLATION_CONNECTION=@OLD_COLLATION_CONNECTION */;
